resource_id,name,category,subcategory,services,address,city,state,postal_code,country,phone,website,latitude,longitude,notes,source
NJ-HAZ-180TURN,180 Turning Lives Around Inc.,housing_shelter,Shelter | Domestic Violence,24-hour hotline; counseling; legal advocacy; emergency safe house; children's therapy,1 Bethany Rd,Hazlet,NJ,07730,USA,888-843-9262,https://180nj.org,,,,"Confidential shelter,verified_web"
MN-EAGAN-360COMMUNITIES,360 Communities Lewis House,housing_shelter,Shelter | Domestic Violence,Shelter; advocacy; housing support,P.O. Box 141,Eagan,MN,55121,USA,651-452-7288,https://360communities.org,,,Confidential shelter,verified_web
NAT-988-1,988 Suicide & Crisis Lifeline,mental_health,hotline,24/7 crisis support; phone; chat,,,,,US,988,https://988lifeline.org/,,,"National hotline (US). For emergencies, call 911.",https://988lifeline.org/
WA-VAN-ABW,A Better Way Counseling Service,other,Intervention Program | Batterer Intervention,Batterer intervention treatment; counseling,211 E McLoughlin Blvd,Vancouver,WA,98663,USA,360-281-6824,,45.6256,-122.6700,,verified_web
AZ-MESA-AUTUMN,A New Leaf - Autumn House,housing_shelter,Shelter | Domestic Violence,Shelter; advocacy; support services,868 E University Dr,Mesa,AZ,85203,US,480-890-3039,https://turnanewleaf.org/,,,Confidential shelter; admin office listed,verified_web
AZ-MESA-FAITHHOUSE,A New Leaf - Faith House,housing_shelter,Shelter | Domestic Violence,Emergency shelter; safety; advocacy,868 E University Dr,Mesa,AZ,85203,US,480-890-3039,https://turnanewleaf.org/,,,Shelter location confidential; admin office listed,verified_web
AZ-GLENDALE-COURT,A New Leaf Court Advocacy (Glendale),legal_aid,Legal | Court Advocacy,Protective orders; court accompaniment,5850 W Glendale Ave,Glendale,AZ,85301,US,623-930-2004,https://turnanewleaf.org/,,,Bilingual advocates,verified_web
CA-OAK-ASAFE,A Safe Place,housing_shelter,Shelter | Domestic Violence,Shelter; hotline; counseling; legal advocacy,P.O. Box 23006,Oakland,CA,94623,US,510-536-7233,https://asafeplace.org/,,,Confidential shelter,verified_web
OR-BEA-ARMS,Abuse Recovery Ministry & Services,other,Intervention Program | Batterer Intervention,Support groups; batterer intervention; faith-based counseling,10200 SW Eastridge St Ste 100,Beaverton,OR,97008,USA,503-846-9284,https://abuserecovery.org,45.4565,-122.7820,,verified_web
WA-SEA-ADWAS,Abused Deaf Women's Advocacy Services (ADWAS),housing_shelter,Shelter | Domestic Violence,Shelter; counseling; advocacy; legal support; transitional housing,PO Box 18824,Seattle,WA,98118,USA,855-812-1001,https://adwas.org,47.6062,-122.3321,Confidential shelter; Serves Deaf community,verified_web
AK-ANC-AWAIC,Abused Women's Aid in Crisis (AWAIC),housing_shelter,Shelter | Domestic Violence,Emergency shelter; 24/7 crisis line,100 W 13th Ave,Anchorage,AK,99501,US,907-272-0100,https://awaic.org/,,,Shelter capacity 67 beds,verified_web
VA-MAN-ACTS,ACTS Sexual Assault Services,sexual_assault,Crisis Center | Sexual Assault,Hotline; crisis intervention; court accompaniment; support groups,3900 Jermantown Rd Ste 300,Fairfax,VA,22030,USA,703-497-1192,https://www.actspwc.org,38.8462,-77.3356,,verified_web
CA-PALOALTO-ACS,Adolescent Counseling Services,mental_health,Counseling | Youth & Family,Teen counseling; family therapy,"643 Bair Island Rd, Suite 403",Redwood City,CA,94063,US,650-424-0852,https://acs-teens.org/,,,Teen-focused care,verified_web
WI-PTW-AOO,Advocates of Ozaukee,housing_shelter,Shelter | Domestic Violence,Shelter; advocacy; prevention; support services,PO Box 64,Port Washington,WI,53074,USA,877-375-4034,https://www.advocatesofozaukee.org,43.3872,-87.8756,Confidential shelter,verified_web
AZ-MAR-AGAINST-ABUSE,Against Abuse, Inc.,housing_shelter,Shelter | Domestic Violence,Shelter; advocacy; community education,P.O. Box 603,Maricopa,AZ,85139,US,520-836-0858,https://against-abuse.org/,,,"Confidential shelter; mailing address listed,verified_web"
CA-OAK-AFJC,Alameda County Family Justice Center,other,Multi-Service | Family Violence Support,DV/SA services; legal; advocacy,470 27th St,Oakland,CA,94612,US,510-267-8800,https://acfjc.org/,,,Multi-agency center,verified_web
AK-ANC-AIJ,Alaska Institute for Justice,legal_aid,Legal | Immigration Legal Aid,Immigration services; VAWA; U/T visas; asylum; interpretation services,"431 W 7th Ave, Suite 208",Anchorage,AK,99501,US,907-279-2457,https://aijustice.org/,,,100+ languages available,verified_web
AK-STATE-ALSC,Alaska Legal Services Corporation,legal_aid,Legal | Legal Aid,Legal help for DV survivors; access to benefits; housing; family safety,"840 K St, Suite 200",Anchorage,AK,99501,US,888-478-2572,https://alsc-law.org/,,,Statewide services,verified_web
AK-STATE-OVR,Alaska Office of Victims' Rights,legal_aid,Legal | Victim Advocacy,Legal advocacy for victims; rights enforcement,"510 L St, Suite 100",Anchorage,AK,99501,US,907-754-3460,https://ovr.akleg.gov/,,,Free legal advocacy,verified_web
MN-BLAINE-ALEXANDRA,Alexandra House,housing_shelter,Shelter | Domestic Violence,Emergency shelter; counseling; advocacy; children's services,P.O. Box 490309,Blaine,MN,55449,USA,763-780-2330,https://alexandrahouse.org,,,Confidential shelter,verified_web
VA-ALE-ASDVAP,Alexandria Sexual and Domestic Violence Advocacy Program,housing_shelter,Shelter | Domestic Violence,Hotline; counseling; legal advocacy; support groups; crisis intervention,123 N Pitt St Ste 225,Alexandria,VA,22314,USA,703-746-4911,https://www.alexandriava.gov,38.8048,-77.0469,Confidential shelter,verified_web
NY-JAM-ALLENWRC,Allen Women's Resource Center,housing_shelter,Shelter | Domestic Violence,Emergency shelter; counseling; legal assistance; housing assistance; child care support,PO Box 340316,Jamaica,NY,11434,USA,718-739-6200,,,,,"Confidential shelter; Shelter access limited to survivors with minor children,verified_web"
UT-AFO-ALLIANCE,Alliance Clinical Services,other,Intervention Program | Batterer Intervention,Batterer intervention; counseling; case management,147 N 400 E,American Fork,UT,84003,USA,801-763-7775,https://allianceclinicalservices.com,40.3805,-111.7920,,verified_web
MA-LITTLETON-ALT,Alternative House,housing_shelter,Shelter | Domestic Violence,Shelter; counseling; legal advocacy; children's services,P.O. Box 2100,Littleton,MA,01460,USA,888-291-6228,https://alternativehouse.org,,,Confidential shelter,verified_web
IN-ANDERSON-ALT,Alternatives Incorporated,housing_shelter,Shelter | Domestic Violence,Emergency shelter; transitional housing; advocacy; support services,P.O. Box 1303,Anderson,IN,46015,USA,765-643-0200,https://alternativesdv.org,,,Confidential shelter,verified_web
IL-CHICAGO-AIHS,American Indian Health Service of Chicago,mental_health,Counseling | Community Health,Healthcare; counseling; support services,4088 N Lincoln Ave,Chicago,IL,60618,USA,773-883-9100,https://aihschicago.org,,,Serves Native American community,verified_web
FL-MIAMI-AIJ,Americans for Immigrant Justice,legal_aid,Legal | Immigration Legal Aid,Immigration legal services; trafficking support; survivor advocacy,6355 NW 36th St Ste 220,Miami,FL,33166,USA,305-573-1106,https://www.aijustice.org,,,Serves immigrants,verified_web
NC-LIN-AMYSHOUSE,Amy's House,housing_shelter,Shelter | Domestic Violence,Shelter; legal assistance; counseling; parenting classes; job readiness; housing referrals,PO Box 1242,Lincolnton,NC,28093,USA,704-736-1224,,35.4735,-81.2545,Confidential shelter,verified_web
IL-LYONS-ANEW,Anew Building Beyond Violence and Abuse,housing_shelter,Shelter | Domestic Violence,Shelter; hotline; counseling; court advocacy; rehousing,P.O. Box 572,Lyons,IL,60534,USA,708-335-3028,https://anewdv.org,,,Confidential shelter,verified_web
CA-SANMATEO-AMDATC,Anger Management & DV Therapy Center,other,Counseling | Batterer Intervention,Batterer intervention; anger management,"1730 S Amphlett Blvd, Suite 120",San Mateo,CA,94402,US,650-375-0449,,,State-certified program,verified_web,
CA-SF-APA,APA Family Support Services,domestic_violence,Counseling | Family Support,Counseling; DV support groups,"1255 Post St, Suite 500",San Francisco,CA,94109,US,415-617-0061,https://apafss.org/,,,Asian/Pacific Islander focus,verified_web
WA-SEA-APICHAYA,API Chaya,domestic_violence,Multi-Service | Culturally Specific Support,Advocacy; counseling; case management; support services,PO Box 14047,Seattle,WA,98114,USA,877-922-4292,https://apichaya.org,47.6062,-122.3321,Serves Asian communities; Multilingual services,verified_web
IL-CHICAGO-APNA,Apna Ghar Inc.,housing_shelter,Shelter | Domestic Violence,Shelter; counseling; advocacy,P.O. Box 250250,Chicago,IL,60625,USA,773-883-4663,https://apnaghar.org,,,Confidential shelter; Multilingual services,verified_web
IL-CHICAGO-ASCEND,Ascend Justice,legal_aid,Legal | Domestic Violence,Legal advocacy; family law; immigration services,205 W Randolph St Ste 925,Chicago,IL,60606,USA,312-971-5932,https://ascendjustice.org,,,,verified_web
WI-MIL-ASHA,Asha Family Services Inc.,domestic_violence,Multi-Service | Culturally Specific Support,Advocacy; counseling; prevention services; support groups,3716 W Lisbon Ave,Milwaukee,WI,53208,USA,414-252-0075,https://ashafamilyservices.org,43.0606,-87.9594,Serves African American community,verified_web
OH-COL-ASHA,ASHA-Ray of Hope,domestic_violence,Multi-Service | Culturally Specific Support,Counseling; advocacy; community education; referrals,PO Box 14035,Columbus,OH,43214,USA,614-565-2918,https://asharayofhope.org,,,,"Serves South Asian community,verified_web"
AL-HSV-ASHA,AshaKiran,domestic_violence,Shelter | DV/SA/Trafficking,Shelter; culturally specific DV/SA/trafficking services; education,P.O. Box 3682,Huntsville,AL,35810,US,256-698-4446,https://ashakiranonline.org/,,,Confidential shelter; mailing address listed,verified_web
DC-DC-ASHIYANA,Ashiyanaa,domestic_violence,Multi-Service | Culturally Specific Support,Hotline; advocacy; translation; peer support,PO Box 1426,Washington,DC,20013,USA,888-417-2742,,38.9072,-77.0369,Serves South Asian community; Multilingual services,verified_web
OH-COL-AACS,Asian American Community Services,other,Multi-Service | Community Support,Social services; education; training; community support,700 Morse Rd Ste 101,Columbus,OH,43214,USA,614-220-4023,https://aacsohio.org,,,,"Serves Asian Pacific Islander communities,verified_web"
UT-SLC-AAU,Asian Association of Utah Refugee Center,domestic_violence,Multi-Service | Immigrant Support,Case management; advocacy; refugee support services,155 S 300 W Ste 101,Salt Lake City,UT,84101,USA,801-467-6060,https://aau-slc.org,40.7630,-111.9005,Multilingual services,verified_web
DC-DC-API,Asian Pacific Islander DV Resource Project,domestic_violence,Multi-Service | Culturally Specific Support,Legal advocacy; safety planning; hotline; peer support,PO Box 14268,Washington,DC,20044,USA,202-833-2233,https://dvrp.org,38.9072,-77.0369,Serves Asian Pacific Islander communities; Multilingual services,verified_web
CA-SF-APILO,Asian Pacific Islander Legal Outreach,legal_aid,Legal | DV & Immigration,Family law; immigration; anti-trafficking,1121 Mission St,San Francisco,CA,94103,US,415-567-6255,https://apilegaloutreach.org/,,,Multilingual services,verified_web
MA-BOSTON-ATASK,Asian Task Force Against Domestic Violence,housing_shelter,Shelter | Domestic Violence,Shelter; advocacy; counseling; support services,P.O. Box 120108,Boston,MA,02112,USA,617-338-2355,https://atask.org,,,Confidential shelter; Serves Asian communities,verified_web
MN-MINNEAPOLIS-AWUM,Asian Women United of Minnesota,housing_shelter,Shelter | Domestic Violence,Shelter; counseling; advocacy; support groups,P.O. Box 14506,Minneapolis,MN,55414,USA,612-724-8823,https://awum.org,,,Confidential shelter; Multilingual services,verified_web
CA-SF-AWS,Asian Women's Shelter,housing_shelter,Shelter | DV & Human Trafficking,Shelter; advocacy; education,"3543 18th St, #19",San Francisco,CA,94110,US,415-751-0880,https://sfaws.org/,,,Serves all communities,verified_web
TX-HOU-AADA,Asians Against Domestic Abuse,domestic_violence,Multi-Service | Culturally Specific Support,Advocacy; community education; support services,PO Box 941734,Houston,TX,77094,USA,713-974-3743,https://www.aadainc.org,29.7604,-95.3698,Serves Asian and Middle Eastern communities; Multilingual services,verified_web
UT-MUR-ACES,Assessment Counseling & Education (ACES),mental_health,Counseling | Mental Health,Counseling; behavioral health services,5663 S Redwood Rd,Murray,UT,84123,USA,801-265-8000,,40.6490,-111.9390,,verified_web
CA-HAYWARD-ACS,Associated Counseling Services,other,Counseling | Batterer Intervention,Certified batterer intervention program,"27936 E 12th St, Suite 210",Hayward,CA,94544,US,510-357-0550,,,State-certified program,verified_web,
KS-OP-HOPEHARBOR,Associates at Hope Harbor,other,Intervention Program | Batterer Intervention,Batterer intervention program,8725 W 110th St Ste 500,Overland Park,KS,66210,USA,913-710-5744,,38.9250,-94.6870,,verified_web
GA-ATL-AVLF,Atlanta Volunteer Lawyers Foundation,legal_aid,Legal | Domestic Violence,Protective orders; legal representation,235 Peachtree St NE Ste 1750,Atlanta,GA,30303,USA,404-521-0790,https://avlf.org,,,,verified_web
WI-MIL-AURORA,Aurora Healing & Advocacy Services,sexual_assault,Crisis Center | Sexual Assault,Forensic nursing; counseling; advocacy; case management; hotline,945 N 12th St,Milwaukee,WI,53233,USA,414-219-5938,https://www.aurorahealthcare.org,43.0415,-87.9257,,verified_web
TX-HOU-AVDA,AVDA Aid to Victims of Domestic Abuse,domestic_violence,Multi-Service | Domestic Violence Support,Legal representation; counseling; advocacy; batterer intervention,1001 Texas Ave Ste 600,Houston,TX,77002,USA,713-224-9911,https://avda-tx.org,29.7599,-95.3636,Multilingual services,verified_web
GA-ROSWELL-AWAKEN,Awaken Voices Domestic Violence Services Inc.,domestic_violence,Multi-Service | Domestic Violence,Crisis support; counseling; legal advocacy; referrals; support groups,P.O. Box 768126,Roswell,GA,30076,USA,770-410-8667,https://awakenvoicesdv.org,,,,verified_web
DC-DC-AYUDA,Ayuda,legal_aid,Legal | Immigration Legal Aid,Legal services; case management; advocacy,6925B Willow St NW,Washington,DC,20012,USA,202-387-4848,https://ayuda.com,,,Serves immigrants,verified_web
GA-ATL-BAITUL,Baitul Salaam Network Inc.,domestic_violence,Counseling | Domestic Violence,Counseling; referrals; advocacy,P.O. Box 1964,Buford,GA,30515,USA,770-255-8500,https://baitulsalaam.org,,,Serves Muslim women,verified_web
CA-OAK-BAYLEGAL,Bay Area Legal Aid,legal_aid,Legal | Civil Legal Aid,Free legal services for DV survivors,1735 Telegraph Ave,Oakland,CA,94612,US,800-551-5554,https://baylegal.org/,,,Regional provider,verified_web
TX-WEB-BATP,Bay Area Turning Point Inc.,housing_shelter,Shelter | Domestic Violence,Shelter; counseling; crisis intervention; court accompaniment; support groups,210 S Walnut St,Webster,TX,77598,USA,281-286-2525,https://www.bayareaturningpoint.org,29.5377,-95.1183,Confidential shelter,verified_web
WI-RAC-BELEAF,BeLEAF Survivors,sexual_assault,Crisis Center | Sexual Assault,Advocacy; counseling; support services; education,8501 Washington Ave,Racine,WI,53406,USA,262-619-1634,https://beleafwi.org,42.7197,-87.8736,,verified_web
MO-BEL-BPDVS,Belton Police Department Victim Services,other,Victim Services | General Crime Victims,Victim advocacy; crisis support; referrals,7001 E 163rd St,Belton,MO,64012,USA,816-348-4430,,38.8103,-94.5133,,verified_web
NJ-HAC-ADV,Bergen County Alternatives to Domestic Violence,domestic_violence,Multi-Service | Domestic Violence Support,Hotline; domestic violence intervention; advocacy; support services,1 Bergen County Plaza 2nd Floor,Hackensack,NJ,07601,USA,201-336-7575,https://bergencountynj.gov/bergen-county-department-of-human-services/about-alternatives-to-domestic-violence/,,,,",verified_web"
IL-CHICAGO-BF,Between Friends,domestic_violence,Counseling | Domestic Violence,Counseling; advocacy; education,P.O. Box 608548,Chicago,IL,60660,USA,800-603-4357,https://betweenfriendschicago.org,,,,verified_web
MT-BIL-CITYATTYDV,Billings City Attorney's Office Domestic Violence Unit,legal_aid,Legal | Domestic Violence Legal Aid,Criminal justice assistance; protection orders; victim compensation assistance; referrals,210 N 27th St,Billings,MT,59101,USA,406-657-8205,https://ci.billings.mt.us,45.7830,-108.5050,,verified_web
RI-PWT-BVAC,Blackstone Valley Advocacy Center,housing_shelter,Shelter | Domestic Violence,Shelter; transitional housing; hotline; court advocacy; support groups; case management,PO Box 910,Pawtucket,RI,02862,USA,401-723-3057,https://www.bvacri.org,41.8787,-71.3826,Confidential shelter; Multilingual services,verified_web
TX-HOU-BPSOS,Boat People SOS Houston,legal_aid,Legal | Immigration Legal Aid,Case management; legal representation; protective orders; immigration services,11360 Bellaire Blvd Ste 910,Houston,TX,77072,USA,281-530-6888,https://bpsos.org,29.7055,-95.5720,Multilingual services,verified_web
MA-BOSTON-BARCC,Boston Area Rape Crisis Center,sexual_assault,Crisis Center | Sexual Assault,Hotline; counseling; advocacy; case management,99 Bishop Allen Dr,Cambridge,MA,02139,USA,800-841-8371,https://barcc.org,,,,verified_web
OR-POR-BRADLEY,Bradley Angle,housing_shelter,Shelter | Domestic Violence,Shelter; advocacy; crisis support; referrals,PO Box 14694,Portland,OR,97293,USA,888-235-5333,https://bradleyangle.org,45.5152,-122.6784,Confidential shelter; LGBTQ+ inclusive,verified_web
WV-HUN-BRANCHES,Branches Putnam County Outreach,domestic_violence,Multi-Service | Domestic Violence Support,Crisis intervention; advocacy; case management,816 Madison Ave,Huntington,WV,25704,USA,304-529-2382,,38.4192,-82.4452,,verified_web
MN-STPAUL-BREAKINGFREE,Breaking Free,housing_shelter,Shelter | Sexual Exploitation,Housing; advocacy; support services,P.O. Box 5263,St Paul,MN,55105,USA,651-645-6557,https://breakingfree.net,,,Confidential shelter,verified_web
NH-NAS-BRIDGES,Bridges Domestic & Sexual Violence Support Services,housing_shelter,Shelter | Domestic Violence,Shelter; hotline; court advocacy; support groups; referrals; crisis intervention,PO Box 326,Nashua,NH,03061,USA,603-883-3044,https://www.bridgesnh.org,42.7654,-71.4676,Confidential shelter,verified_web
TN-FRA-BRIDGES,Bridges Domestic Violence Center,housing_shelter,Shelter | Domestic Violence,Shelter; crisis intervention; counseling; legal advocacy; support groups,PO Box 1592,Franklin,TN,37065,USA,615-599-5777,https://www.bridgesdvc.org,35.9251,-86.8689,Confidential shelter; Multilingual services,verified_web
GA-ATL-BRIDGES,BRIDGES Program,domestic_violence,Advocacy | Domestic Violence,Advocacy; safety planning; deaf services,1525 E Park Pl Blvd Ste 100,Stone Mountain,GA,30087,USA,404-381-8282,https://gcadv.org,,,Serves Deaf community,verified_web
MN-STPAUL-BRIDGES,Bridges to Safety,legal_aid,Legal | Domestic Violence,Protective orders; legal advocacy,25 W 7th St,St Paul,MN,55102,USA,651-266-9901,https://www.bridgestosafety.org,,,,verified_web
OH-COL-BRAVO,Buckeye Region Anti-Violence Organization (BRAVO),domestic_violence,Multi-Service | LGBTQ Violence Support,Safety planning; advocacy; hate crime reporting; referrals; sexual assault support,PO Box 368,Columbus,OH,43216,USA,866-862-7286,https://www.bravo-ohio.org,,,,"Serves LGBTQ+ survivors,verified_web"
CA-SANLEANDRO-BF,Building Futures,housing_shelter,Shelter | Domestic Violence,Shelter; hotline; counseling; advocacy,1840 Fairway Dr,San Leandro,CA,94577,US,866-292-9688,https://bfwc.org/,,,24-hour hotline,verified_web
IL-CHICAGO-C4,C4 Community Counseling Centers of Chicago,mental_health,Counseling | Sexual Assault,Counseling; support groups,4740 N Clark St,Chicago,IL,60640,USA,773-769-0205,https://c4chicago.org,,,,verified_web
TX-HOU-CABRINI,Cabrini Center for Immigration Legal Assistance,legal_aid,Legal | Immigration Legal Aid,Immigration legal services; VAWA assistance; job readiness; housing support,10103 Fondren Rd Ste 300,Houston,TX,77096,USA,713-595-4100,https://cabrinicenter.org,29.6764,-95.5075,Multilingual services,verified_web
OR-POR-CALL2SAFETY,Call to Safety,domestic_violence,Multi-Service | Crisis Support,24/7 hotline; safety planning; emotional support; shelter referrals,PO Box 42610,Portland,OR,97242,USA,503-235-5333,https://calltosafety.org,45.5152,-122.6784,,verified_web
CA-CONCORD-CALLI,Calli House Youth Shelter,housing_shelter,Shelter | Youth Services,Youth shelter; crisis services,P.O. Box 1273,Concord,CA,94522,US,925-313-7704,https://calli.house/,,,Confidential youth shelter,verified_web
MA-CAMBRIDGE-CSLS,Cambridge and Somerville Legal Services,legal_aid,Legal | Civil Legal Aid,Legal services; housing; domestic violence; immigration,60 Gore St,Cambridge,MA,02141,USA,800-323-3205,https://gbls.org,,,,verified_web
GA-ATL-CAMINAR,Caminar Latino,other,Intervention | Domestic Violence,Batterer intervention; counseling,P.O. Box 93524,Atlanta,GA,30377,USA,855-226-4627,https://caminarlatino.org,,,,verified_web
CA-SANRAFAEL-CANAL,Canal Alliance,domestic_violence,Advocacy | Immigrant Services,Case management; referrals,91 Larkspur St,San Rafael,CA,94901,US,415-454-2640,https://canalalliance.org/,,,Immigrant support,verified_web
MD-WESTMINSTER-CARE,CARE Healing Center,sexual_assault,Crisis Center | Sexual Assault,Hotline; counseling; legal advocacy; medical accompaniment,P.O. Box 216,Westminster,MD,21158,USA,410-857-7322,https://cchd.org,,,,verified_web
MA-BOSTON-CASA,Casa Myrna Vazquez Inc.,housing_shelter,Shelter | Domestic Violence,Shelter; hotline; counseling; advocacy,P.O. Box 120108,Boston,MA,02112,USA,877-785-2020,https://casamyrna.org,,,Confidential shelter,verified_web
OK-OKC-CCOK,Catholic Charities Archdiocese of Oklahoma City,legal_aid,Legal | Immigration Legal Aid,Immigration legal services; family reunification; legal assistance,1501 N Classen Blvd,Oklahoma City,OK,73106,USA,800-375-8514,https://catholiccharitiesok.org,,,,"Multilingual services,verified_web"
AR-LR-CATHOLIC,Catholic Charities Diocese of Little Rock - Immigration Services,legal_aid,Legal | Immigration Legal Aid,VAWA petitions; immigration services,2500 N Tyler St,Little Rock,AR,72207,US,501-664-0340,https://dolr.org/catholic-charities/immigration-services,,,VAWA specialists,verified_web
NE-OMA-CCDVP,Catholic Charities Domestic Violence and Sexual Assault Program,housing_shelter,Shelter | Domestic Violence,Shelter; hotline; court advocacy; support groups; education; outreach,PO Box 40168,Omaha,NE,68104,USA,888-612-0266,https://www.ccomaha.org,41.2920,-95.9980,Confidential shelter,verified_web
NE-OMA-CCDVSHELTER,Catholic Charities Domestic Violence Shelter,housing_shelter,Shelter | Domestic Violence,Shelter; crisis housing; support services,PO Box 40168,Omaha,NE,68104,USA,402-558-5700,,41.2920,-95.9980,Confidential shelter,verified_web
CA-CONCORD-CCEB,Catholic Charities East Bay - Concord,legal_aid,Legal | Immigration Services,Immigration consultations,2320 Monument Blvd,Concord,CA,94520,US,510-768-3100,https://cceb.org/,,,Shared phone system,verified_web
CA-OAK-CCEB,Catholic Charities East Bay - Oakland,legal_aid,Legal | Immigration & Legal Aid,Legal representation; immigration services,433 Jefferson St,Oakland,CA,94607,US,510-768-3100,https://cceb.org/,,,Regional office,verified_web
CA-RICH-CCEB,Catholic Charities East Bay - Richmond,legal_aid,Legal | Immigration & Legal Aid,Immigration legal services; consultations,217 Harbour Way,Richmond,CA,94801,US,510-768-3100,https://cceb.org/,,,Consultations require documentation,verified_web
KS-WICHITA-HARBOR,Catholic Charities Harbor House,housing_shelter,Shelter | Domestic Violence,Emergency shelter; hotline; outreach; safety planning,437 N Topeka St,Wichita,KS,67202,USA,316-263-6000,https://catholiccharitieswichita.org/harbor-house,,,Confidential shelter,verified_web
HI-HONOLULU-CCH,Catholic Charities Hawaii,mental_health,Counseling | Domestic Violence,Counseling; case management; support services,1822 Keeaumoku St,Honolulu,HI,96822,USA,808-521-4357,https://www.catholiccharitieshawaii.org,,,Sliding scale services,verified_web
NM-ALB-CCNM,Catholic Charities New Mexico,legal_aid,Legal | Immigration Legal Aid,VAWA assistance; U-visa support; immigration legal services; multilingual services,2010 Bridge Blvd SW,Albuquerque,NM,87105,USA,505-724-4661,https://www.ccasfnm.org,35.0685,-106.6769,Multilingual services,verified_web
NV-LV-CCSN,Catholic Charities of Southern Nevada,legal_aid,Legal | Immigration Legal Aid,VAWA assistance; legal support; referrals,1501 Las Vegas Blvd N,Las Vegas,NV,89101,USA,702-383-8387,https://www.catholiccharities.com,36.1875,-115.1310,,verified_web
MA-BOSTON-CCRI,Catholic Charities Refugee Immigration Services,legal_aid,Legal | Immigration Legal Aid,Immigration legal services; advocacy,275 W Broadway,Boston,MA,02127,USA,617-464-8500,https://ccab.org,,,Serves immigrants,verified_web
UT-SLC-CCS,Catholic Community Services Immigration Program,legal_aid,Legal | Immigration Legal Aid,Immigration legal services; refugee support; legal representation,224 N 2200 W,Salt Lake City,UT,84116,USA,801-428-1295,https://www.ccsutah.org,40.7760,-111.9500,Multilingual services,verified_web
PA-PHL-CSSIMM,Catholic Social Services Immigration Program,legal_aid,Legal | Immigration Legal Aid,Immigration legal services; family assistance,222 N 17th St,Philadelphia,PA,19103,USA,215-854-7019,https://cssphiladelphia.org,,,Serves immigrants,verified_web
GA-ATL-CSS,Catholic Social Services Inc.,legal_aid,Legal | Immigration Legal Aid,Immigration legal services; advocacy,2401 Lake Park Dr SE,Smyrna,GA,30080,USA,404-920-7725,https://catholiccharitiesatlanta.org,,,Serves immigrants,verified_web
RI-PRO-CCRI,Catholic Social Services of RI,other,Multi-Service | Community Support,Social services; advocacy; support services,1 Cathedral Sq,Providence,RI,02903,USA,401-421-7833,https://dioceseofprovidence.org,41.8240,-71.4120,,verified_web
NC-GAS-CLONINGER,Cathy Mabry Cloninger Center,housing_shelter,Shelter | Domestic Violence,Shelter; advocacy; crisis support; community education,PO Box 550,Gastonia,NC,28053,USA,704-852-6000,https://www.gastoncountydv.org,35.2621,-81.1873,Confidential shelter,verified_web
MD-WAL-CAP,Center for Abused Persons,domestic_violence,Multi-Service | Domestic Violence Support,Hotline; counseling; advocacy; referrals; crisis intervention,PO Box 746,Waldorf,MD,20604,USA,301-645-3336,https://centerforabusedpersons.org,38.6246,-76.9391,,verified_web
CA-SD-CCS-HVH,Center for Community Solutions (Hidden Valley House),housing_shelter,Shelter | Domestic Violence & Sexual Assault,Emergency shelter; counseling; legal advocacy; court accompaniment; sexual assault services,4508 Mission Bay Dr,San Diego,CA,92109,US,888-385-4657,https://www.ccssd.org/,,,"Serves men, youth; Spanish + interpreters",official_site
CA-MARIN-CDP,Center for Domestic Peace,housing_shelter,Shelter | Domestic Violence,Emergency shelter; transitional housing,734 A St,San Rafael,CA,94901,US,415-924-6616,https://centerfordomesticpeace.org/,,,Marin County provider,verified_web
UT-MUR-CFET,Center for Family Evaluation & Treatment,mental_health,Counseling | Mental Health,Individual therapy; family therapy; crisis intervention,2840 E 4500 S Ste 200,Salt Lake City,UT,84117,USA,801-265-3895,https://cfetinc.com,40.6755,-111.8090,,verified_web
NJ-ROC-CHS,Center for Hope & Safety,housing_shelter,Shelter | Domestic Violence,24-hour hotline; emergency shelter; transitional housing; emotional support; advocacy,PO Box 217,Hackensack,NJ,07602,USA,201-944-9600,https://www.hopeandsafetynj.org,,,,"Confidential shelter,verified_web"
MA-LOWELL-CHH,Center for Hope and Healing Inc.,sexual_assault,Crisis Center | Sexual Assault,Hotline; counseling; advocacy; prevention,P.O. Box 57,Lowell,MA,01853,USA,800-542-5212,https://chhinc.org,,,Multilingual services,verified_web
NH-DER-CLM,Center for Life Management,mental_health,Counseling | Mental Health,Mental health services; substance use treatment; psychiatric care; crisis intervention,10 Tsienneto Rd,Derry,NH,03038,USA,603-434-1577,https://www.centerforlifemanagement.org,42.8806,-71.3273,,verified_web
GA-ATL-CPACS,Center for Pan Asian Community Services,housing_shelter,Shelter | Domestic Violence,Shelter; case management; multilingual services,3510 Shallowford Rd NE,Atlanta,GA,30341,USA,678-824-6189,https://cpacs.org,,,Multilingual services,verified_web
KY-LOUISVILLE-CWF,Center for Women and Families Louisville,housing_shelter,Shelter | Domestic Violence,24/7 hotline; emergency shelter; counseling; advocacy; case management; support groups,927 S 2nd St,Louisville,KY,40203,USA,844-237-2331,https://www.thecenteronline.org,,,Confidential shelter,verified_web
WI-MIL-CENTRO,Centro Legal,legal_aid,Legal | Family Law Legal Aid,Legal representation; family law; protective orders,614 W National Ave,Milwaukee,WI,53204,USA,414-384-7900,https://centrolegalwisconsin.org,43.0166,-87.9180,,verified_web
KS-OP-CHALLENGES,Challenges Inc.,other,Intervention Program | Batterer Intervention,Batterer intervention program; behavioral treatment services,10550 Barkley St Ste 400,Overland Park,KS,66212,USA,913-381-3585,,38.9352,-94.6488,,verified_web
MD-BALTIMORE-CHANA,CHANA,domestic_violence,Multi-Service | Domestic Violence,Shelter; legal advocacy; financial support; counseling,P.O. Box 3391,Baltimore,MD,21228,USA,410-234-0030,https://chanabaltimore.org,,,Confidential shelter; Serves Jewish community,verified_web
UT-SAN-CHANGES,Changes Counseling & Consultation,mental_health,Counseling | Mental Health,Counseling; substance abuse treatment; domestic violence services,720 E 3900 S Ste 201,Salt Lake City,UT,84107,USA,801-542-7060,,40.6870,-111.8720,,verified_web
NC-CHA-CCLA,Charlotte Center for Legal Advocacy,legal_aid,Legal | Civil Legal Aid,Legal services; advocacy; economic security support; family stability services,5535 Albemarle Rd,Charlotte,NC,28212,USA,704-376-1600,https://charlottelegaladvocacy.org,35.1995,-80.7587,,verified_web
VA-CHE-CVWAP,Chesapeake Victim/Witness Assistance Program,legal_aid,Legal | Victim Advocacy,Legal advocacy; court accompaniment; victim support,307 Albemarle Dr,Chesapeake,VA,23322,USA,757-382-6417,https://www.cityofchesapeake.net,36.6872,-76.2486,,verified_web
AZ-PHX-CPLC,Chicanos Por La Causa - De Colores,housing_shelter,Shelter | Domestic Violence & Trafficking,Shelter; DV/SA services; trafficking support,1112 E Buckeye Rd,Phoenix,AZ,85034,US,602-269-1515,https://cplc.org/,,,Culturally specific services,verified_web
HI-HONOLULU-CFS,Child & Family Service - O'ahu,housing_shelter,Shelter | Domestic Violence,Emergency shelter; 90-day shelter; hotline; counseling; support groups,91-1841 Fort Weaver Rd,Ewa Beach,HI,96706,USA,808-841-0822,https://www.childandfamilyservice.org,,,Confidential shelter,verified_web
DE-WILM-CHILD,CHILD Inc.,housing_shelter,Shelter | Domestic Violence,Shelter; family services; perpetrator intervention; child services,507 Philadelphia Pike,Wilmington,DE,19809,USA,302-762-6110,https://www.childinc.com,,,Confidential shelter,verified_web
IA-DESMOINES-CFI,Children & Families of Iowa Domestic Violence Services,housing_shelter,Shelter | Domestic Violence,Emergency shelter; outreach; transitional housing; community education,1111 University Ave,Des Moines,IA,50314,USA,515-243-6147,https://cfiowa.org,,,Confidential shelter,verified_web
MA-WATERTOWN-CHILDREN,Children's Charter Key Program,mental_health,Counseling | Trauma Recovery,Counseling; trauma services; family therapy,32 Arsenal St,Watertown,MA,02472,USA,781-894-4307,https://key.org,,,,verified_web
SD-SXF-CHS,Children's Home Shelter for Family Safety,housing_shelter,Shelter | Domestic Violence,Shelter; crisis intervention; counseling; legal advocacy; case management,2501 W 41st St,Sioux Falls,SD,57105,USA,605-338-4880,https://chssd.org,43.5147,-96.7602,Confidential shelter,verified_web
AZ-MESA-CHRYSALIS,Chrysalis,housing_shelter,Shelter | Domestic Violence,Counseling; shelter; transitional housing; advocacy,"2055 W University Dr, Suite 6",Mesa,AZ,85201,US,480-890-3039,https://noabuse.org/,,,Comprehensive DV services,verified_web
FL-MIAMI-CWS,Church World Service Miami,legal_aid,Legal | Immigration Legal Aid,Immigration assistance; legal status support,1924 NW 84th Ave,Doral,FL,33126,USA,305-774-6770,https://cwsglobal.org,,,Serves immigrants,verified_web
CA-FREMONT-YFS,City of Fremont Youth & Family Services,mental_health,Counseling | Youth Services,Family counseling; crisis support,"39155 Liberty St, Suite E500",Fremont,CA,94538,US,510-574-2100,https://fremont.gov/,,,City services,verified_web
FL-JAX-CVS,City of Jacksonville Crime Victim Services,other,Multi-Service | Crime Victim Support,Financial assistance; advocacy; referrals,230 E Bay St,Jacksonville,FL,32202,USA,904-255-3388,https://www.coj.net,,,,verified_web
OR-ORE-CWS,Clackamas Women's Services,housing_shelter,Shelter | Domestic Violence,Hotline; shelter; transitional housing; counseling; youth programs; prevention,256 Warner Milne Rd,Oregon City,OR,97045,USA,503-654-2288,https://www.cwsor.org,45.3365,-122.5900,Confidential shelter,verified_web
GA-JONESBORO-CCAFV,Clayton County Association Against Family Violence,housing_shelter,Shelter | Domestic Violence,Emergency shelter; counseling; advocacy,P.O. Box 1312,Jonesboro,GA,30237,USA,770-961-7233,https://ccafv.org,,,Confidential shelter; Multilingual services,verified_web
UT-SLC-CLD3,CLD3 Counseling,other,Intervention Program | Batterer Intervention,Counseling; support groups; batterer intervention,1155 S Main St,Salt Lake City,UT,84111,USA,801-521-4227,,40.7435,-111.8910,,verified_web
UT-WJO-CLINICAL,Clinical Consultants West Jordan,other,Intervention Program | Batterer Intervention,Batterer intervention program; counseling,9067 S 1300 W,West Jordan,UT,84088,USA,801-233-8670,,40.5860,-111.9260,,verified_web
FL-FTLAUD-CCLA,Coast to Coast Legal Aid of South Florida Inc.,legal_aid,Legal | Domestic Violence,Legal representation; family law; injunctions; trafficking support,491 N State Rd 7,Plantation,FL,33317,USA,954-736-2400,https://www.coasttocoastlegalaid.org,,,,verified_web
FL-HOMESTEAD-COFFO,COFFO Immigration Project,legal_aid,Legal | Immigration Legal Aid,Immigration legal services; advocacy,816 N Krome Ave Ste 204,Homestead,FL,33030,USA,305-247-4779,https://coffoimmigration.org,,,Multilingual services,verified_web
MI-BINGHAMFARMS-COMMONGROUND,Common Ground,other,Multi-Service | Crisis Support,Crisis intervention; legal advocacy; referrals; domestic violence support; sexual assault support,30200 Telegraph Rd Ste 300,Bingham Farms,MI,48025,USA,248-456-0909,https://commongroundhelps.org,,,,verified_web
MD-HYATTSVILLE-CCSI,Community Crisis Services Inc.,housing_shelter,Shelter | Domestic Violence,Shelter; hotline; counseling; legal advocacy,P.O. Box 1955,Hyattsville,MD,20788,USA,301-731-1203,https://crisisservices.org,,,Confidential shelter,verified_web
MD-HYA-CCSI,Community Crisis Services Inc.,housing_shelter,Shelter | Domestic Violence,Shelter; hotline; counseling; legal advocacy; court accompaniment,PO Box 2425,Hyattsville,MD,20784,USA,301-731-1203,https://www.ccsimd.org,38.9496,-76.9406,Confidential shelter,verified_web
ND-FAR-CHSI,Community Health Service Inc. Victim Advocacy Program,domestic_violence,Multi-Service | Domestic Violence Support,Crisis intervention; safety planning; legal advocacy; housing assistance; referrals,1451 44th Ave S,Fargo,ND,58103,USA,800-556-9661,https://www.chsi.com,46.8153,-96.8024,,verified_web
DE-WILM-CLASI,Community Legal Aid Society Inc.,legal_aid,Legal | Civil Legal Aid,Legal representation; domestic violence legal services; disability law,100 W 10th St Ste 801,Wilmington,DE,19801,USA,800-773-0606,https://www.declasi.org,,,,verified_web
CA-SF-CUAV,Community United Against Violence (CUAV),domestic_violence,Advocacy | LGBTQ+ Services,Advocacy; counseling; violence prevention,427 S Van Ness Ave,San Francisco,CA,94103,US,415-333-4357,https://cuav.org/,,,LGBTQ+ focused services,verified_web
MN-MINNEAPOLIS-CUHCC,Community University Health Care Center,mental_health,Counseling | Domestic Violence,Medical care; counseling; legal services; advocacy,2001 Bloomington Ave,Minneapolis,MN,55404,USA,612-301-3433,https://cuhcc.umn.edu,,,,verified_web
CA-SANPABLO-CVS,Community Violence Solutions - San Pablo,sexual_assault,Advocacy | Sexual Assault Services,Crisis services; prevention; treatment,"2101 Van Ness St, Suite 302",San Pablo,CA,94806,US,800-670-7273,https://cvsolutions.org/,,,Regional services,verified_web
CA-SANRAFAEL-CVS,Community Violence Solutions - San Rafael,sexual_assault,Advocacy | Sexual Assault Services,Crisis services; prevention; treatment,"4340 Redwood Hwy, Suite F154",San Rafael,CA,94903,US,800-670-7273,https://cvsolutions.org/,,,Multiple locations,verified_web
CA-SF-CYC,Community Youth Center SF,mental_health,Counseling | Youth Services,Youth development; family services,1038 Post St,San Francisco,CA,94109,US,415-775-2636,https://cycsf.org/,,,Youth-focused org,verified_web
PA-PHI-CONGRESO,Congreso de Latinos Unidos Domestic Violence Program,domestic_violence,Multi-Service | Domestic Violence Support,Counseling; advocacy; case management; support groups; interpretation,216 W Somerset St,Philadelphia,PA,19133,USA,215-763-8870,https://www.congreso.net,39.9962,-75.1346,Multilingual services; Serves Latino community,verified_web
PA-PHL-CONGRESO,Congreso De Latinos Unidos Latina DV Program,domestic_violence,Counseling | Domestic Violence,Counseling; case management; support groups; interpretation,216 W Somerset St,Philadelphia,PA,19133,USA,215-763-8870,https://www.congreso.net,,,Multilingual services,verified_web
IL-CHICAGO-CAWC,Connections for Abused Women and their Children,housing_shelter,Shelter | Domestic Violence,Shelter; hotline; counseling; advocacy,P.O. Box 1515,Chicago,IL,60690,USA,773-278-4566,https://www.cawc.org,,,Confidential shelter,verified_web
WA-SEA-CONSEJO,Consejo Counseling & Referral Service,domestic_violence,Multi-Service | Domestic Violence Support,Legal advocacy; family advocacy; counseling; transitional housing,3808 S Angeline St,Seattle,WA,98118,USA,206-461-4880,https://consejocounseling.org,47.5435,-122.2840,Multilingual services,verified_web
IN-INDY-COF,Constructing Our Future Inc.,housing_shelter,Transitional Housing | Reentry Support,Transitional housing; reentry support,PO Box 441542,Indianapolis,IN,46244,USA,317-209-4624,https://cofindy.org,,,Serves formerly incarcerated women,verified_web
DE-WILM-CONTACT,Contact Lifeline Inc Wilmington,sexual_assault,Crisis | Sexual Assault,Hotline; crisis counseling; rape prevention; education,P.O. Box 9525,Wilmington,DE,19809,USA,800-262-9800,https://www.contactlifeline.org,,,,verified_web
DE-WIL-LIFELINE,Contact Lifeline Inc.,mental_health,Counseling | Crisis Support,Crisis intervention; suicide prevention; sexual assault counseling; referrals,1213 Delaware Ave,Wilmington,DE,19806,USA,800-262-9800,https://www.contactlifeline.org,39.7566,-75.5585,,verified_web
CA-CONCORD-CCFJC,Contra Costa Family Justice Center (Concord),other,Multi-Service | Family Violence Support,DV/SA services; advocacy,"2151 Salvio St, Suite 201",Concord,CA,94520,US,925-521-6366,https://cocofamilyjustice.org/,,,Multiple locations,verified_web
CA-RICHMOND-CCFJC,Contra Costa Family Justice Center (Richmond),other,Multi-Service | Family Violence Support,DV/SA services; advocacy,256 24th St,Richmond,CA,94804,US,925-281-0970,https://cocofamilyjustice.org/,,,Multiple locations,verified_web
OK-OKC-COPE,Cope Inc.,other,Intervention Program | Batterer Intervention,Batterer intervention; education; prevention programs,2701 N Oklahoma Ave,Oklahoma City,OK,73105,USA,405-528-8686,,,,verified_web,
CA-SANMATEO-CORA,CORA (Community Overcoming Relationship Abuse),housing_shelter,Shelter | Domestic Violence,Shelter; counseling; prevention programs,2211 Palm Ave,San Mateo,CA,94403,US,800-300-1080,https://corasupport.org/,,,Comprehensive DV services,verified_web
MN-BLOOMINGTON-CORNERSTONE,Cornerstone Advocacy Service,housing_shelter,Shelter | Domestic Violence,Shelter; hotline; advocacy; crisis intervention,1000 W 80th St,Bloomington,MN,55420,USA,952-884-0330,https://cornerstonemn.org,,,Confidential shelter,verified_web
UT-SLC-CORNERSTONE,Cornerstone Counseling Center VOA,mental_health,Counseling | Domestic Violence Treatment,Individual therapy; group therapy; domestic violence treatment,447 W Bearcat Dr,Salt Lake City,UT,84115,USA,801-355-2846,https://www.voaut.org,40.7075,-111.9000,,verified_web
LA-NEWORLEANS-COVENANT,Covenant House New Orleans,housing_shelter,Shelter | Youth Services,Youth shelter; housing; counseling; support services,611 N Rampart St,New Orleans,LA,70112,USA,504-327-9509,https://covenanthousenola.org,,,Serves youth,verified_web
WA-VAN-COWLITZ,Cowlitz Indian Tribe Pathways to Healing Program,domestic_violence,Multi-Service | Indigenous Support,Advocacy; counseling; community healing; education,1055 9th Ave,Longview,WA,98632,USA,360-397-8228,https://cowlitz.org,46.1382,-122.9382,Serves Native American communities,verified_web
NY-NYC-CVTC,Crime Victims Treatment Center,mental_health,Counseling | Trauma Recovery,Crisis intervention; trauma-focused therapy; group counseling; legal advocacy,40 Exchange Pl Ste 510,New York,NY,10005,USA,212-523-4728,https://www.cvtcnyc.org,,,,",verified_web"
IL-TINLEY-CCSS,Crisis Center for South Suburbia,housing_shelter,Shelter | Domestic Violence,Shelter; counseling; advocacy; intervention programs,P.O. Box 39,Tinley Park,IL,60477,USA,708-429-7233,https://crisisctr.org,,,Confidential shelter,verified_web
IA-OTTUMWA-CIAC,Crisis Intervention & Advocacy Center,domestic_violence,Multi-Service | Domestic Violence,Crisis intervention; case management; transitional housing; support groups; legal advocacy; court accompaniment,P.O. Box 446,Ottumwa,IA,52501,USA,800-400-4884,https://www.ciacottumwa.org,,,Multilingual services,verified_web
AL-HSV-CSNA,Crisis Services of North Alabama,domestic_violence,Shelter | Crisis Services,Shelter; court advocacy; counseling (adult & child); case management; referrals; education,406 Pratt Ave NE,Huntsville,AL,35801,US,256-716-1000,https://csna.org/,,,Shelter location confidential; office listed,verified_web
TN-NAS-CROSSROADS,Crossroads Counseling Associates LLC,other,Intervention Program | Batterer Intervention,Batterer intervention program; counseling classes,1200 Clinton St Ste 212,Nashville,TN,37203,USA,615-256-2327,,36.1640,-86.7980,,verified_web
NC-CON-CVAN,CVAN (Cabarrus Victims Assistance Network),housing_shelter,Shelter | Domestic Violence,Shelter; advocacy; crisis support; services for children,PO Box 1747,Concord,NC,28026,USA,704-788-2826,https://www.cvan.org,35.4088,-80.5803,Confidential shelter,verified_web
WA-KEN-DAWN,DAWN Domestic Abuse Women's Network,housing_shelter,Shelter | Domestic Violence,Shelter; advocacy; counseling; education,PO Box 1449,Kent,WA,98035,USA,425-656-7867,https://dawnrising.org,47.3809,-122.2348,Confidential shelter,verified_web
RI-PRO-DAYONE,Day One Rhode Island,sexual_assault,Crisis Center | Sexual Assault,Hotline; counseling; advocacy; prevention education; therapy,100 Medway St,Providence,RI,02906,USA,800-494-8100,https://www.dayoneri.org,41.8333,-71.3947,,verified_web
TX-HOU-DAYA,DAYA Inc.,domestic_violence,Multi-Service | Culturally Specific Support,Advocacy; counseling; community education; support services,PO Box 670086,Houston,TX,77267,USA,713-981-7645,https://www.dayahouston.org,29.7604,-95.3698,Serves South Asian community; Multilingual services,verified_web
DC-DC-DASH,DC Alliance for Safe Housing (DASH),housing_shelter,Transitional Housing | Domestic Violence,Housing assistance; referrals; transitional housing; workshops,1522 Pennsylvania Ave SE,Washington,DC,20003,USA,202-462-3274,https://dashdc.org,38.8840,-76.9865,,verified_web
DC-DC-DCRCC,DC Rape Crisis Center,sexual_assault,Crisis Center | Sexual Assault,Hotline; counseling; advocacy; support groups; referrals,PO Box 34125,Washington,DC,20043,USA,202-333-7273,https://dcrcc.org,38.9072,-77.0369,,verified_web
DC-DC-DAWN,Deaf Abused Women's Network,domestic_violence,Advocacy | Domestic Violence,Advocacy; support services; deaf services,P.O. Box 71035,Washington,DC,20024,USA,202-559-5366,https://dawnmd.org,,,Serves Deaf community,verified_web
OH-COL-DWAVE,Deaf World Against Violence Everywhere (DWAVE),domestic_violence,Multi-Service | Disability Support,Advocacy; crisis support; community education,760 Kinnear Rd,Columbus,OH,43212,USA,614-678-5476,https://dwaveohio.org,,,,"Serves Deaf and hard-of-hearing communities,verified_web"
CA-OAK-DEAFHOPE,DeafHope,domestic_violence,Advocacy | Deaf Community Services,DV/SA services; advocacy; education,470 27th St,Oakland,CA,94612,US,510-735-8553,https://deaf-hope.org/,,,Serves Deaf survivors,verified_web
DE-WILM-DVLS,Delaware Volunteer Legal Services Inc.,legal_aid,Legal | Civil Legal Aid,Legal assistance; family law; protection orders,100 W 10th St Ste 907,Wilmington,DE,19801,USA,302-478-8850,https://dvls.org,,,,verified_web
DE-WIL-DVLS,Delaware Volunteer Legal Services Inc.,legal_aid,Legal | Civil Legal Aid,Legal representation; family law; protection orders,100 W 10th St Ste 1007,Wilmington,DE,19801,USA,302-478-8850,https://www.dvls.org,39.7447,-75.5484,,verified_web
MI-DETROIT-DPDVAP,Detroit Police Victim Assistance,other,Advocacy | Crime Victim Support,Crisis intervention; individual counseling; group counseling; transportation assistance; court support; victim compensation assistance,4707 St Antoine St Ste M-167,Detroit,MI,48201,USA,313-833-1660,https://detroitmi.gov/departments/police-department/victims-assistance,,,,verified_web
MN-MINNEAPOLIS-DAP,Domestic Abuse Project,other,Intervention | Domestic Violence,Intervention programs; counseling; prevention,204 W Franklin Ave,Minneapolis,MN,55404,USA,612-874-7063,https://www.domesticabuseproject.org,,,,verified_web
PA-MED-DAPDC,Domestic Abuse Project of Delaware County,housing_shelter,Shelter | Domestic Violence,Shelter; crisis intervention; counseling; legal advocacy; case management; support groups,PO Box 421,Media,PA,19063,USA,610-565-4590,https://www.dapdc.org,39.9184,-75.3880,Confidential shelter,verified_web
PA-MEDIA-DAPDC,Domestic Abuse Project of Delaware County Inc.,housing_shelter,Shelter | Domestic Violence,Shelter; crisis intervention; case management; counseling; support groups; legal advocacy; court accompaniment; basic needs,P.O. Box 211,Media,PA,19063,USA,610-565-4590,https://dapdc.org,,,Confidential shelter,verified_web
TN-MUR-DVSA,Domestic Violence & Sexual Assault Center (DVSA),housing_shelter,Shelter | Domestic Violence,Shelter; crisis intervention; counseling; legal advocacy; support services,PO Box 3311,Murfreesboro,TN,37133,USA,615-896-2012,https://dvsacenter.org,35.8456,-86.3903,Confidential shelter,verified_web
HI-HONOLULU-DVAC,Domestic Violence Action Center,legal_aid,Legal | Domestic Violence,Legal services; crisis support; advocacy,1001 Bishop St Ste 970,Honolulu,HI,96813,USA,808-531-3771,https://domesticviolenceactioncenter.org,,,,verified_web
PA-WCH-DVCCC,Domestic Violence Center of Chester County,domestic_violence,Multi-Service | Domestic Violence,Shelter; hotline; counseling; advocacy; prevention services,P.O. Box 832,West Chester,PA,19381,USA,888-711-6270,https://www.dvccc.com,,,Confidential shelter,verified_web
NJ-NEW-DOVE,Domestic Violence Emergency Project (DOVE),legal_aid,Legal | Domestic Violence Legal Aid,Legal representation; restraining orders; court advocacy,595 Elizabeth Ave,Newark,NJ,07112,USA,866-644-3574,https://www.njcourts.gov,40.7106,-74.2107,,verified_web
RI-PRO-CROSSROADS,Domestic Violence Program of Crossroads,housing_shelter,Shelter | Domestic Violence,Shelter; support services; housing assistance,160 Broad St,Providence,RI,02903,USA,401-861-2760,https://www.crossroadsri.org,41.8207,-71.4145,Confidential shelter,verified_web
CT-DAY-UNITED,Domestic Violence Program of United Services Inc.,housing_shelter,Shelter | Domestic Violence,Shelter; advocacy; counseling; support services,1007 N Main St,Dayville,CT,06241,USA,888-774-2900,https://www.unitedservicesct.org,41.8523,-71.8620,Confidential shelter,verified_web
NM-ALB-DVRC,Domestic Violence Resource Center,domestic_violence,Multi-Service | Domestic Violence Support,Advocacy; safety planning; legal assistance; shelter referrals; case management; crisis support,625 Silver Ave SW Ste 150,Albuquerque,NM,87102,USA,505-248-3165,https://www.dvrcnm.org,35.0840,-106.6537,,verified_web
OR-HIL-DVRC,Domestic Violence Resource Center,housing_shelter,Shelter | Domestic Violence,Shelter; counseling; advocacy; housing services,735 SW 158th Ave Ste 100,Hillsboro,OR,97123,USA,503-469-8620,https://www.dvrc-or.org,45.5163,-122.9890,Confidential shelter,verified_web
WA-EVE-DVS,Domestic Violence Services of Snohomish County,housing_shelter,Shelter | Domestic Violence,Shelter; crisis intervention; counseling; advocacy; support services,PO Box 1661,Everett,WA,98206,USA,425-252-2873,https://dvs-snoco.org,47.9780,-122.2021,Confidential shelter,verified_web
MD-BALTIMORE-DVU,Domestic Violence Unit Baltimore,other,Advocacy | Legal System Support,Prosecution support; advocacy; referrals,120 E Baltimore St,Baltimore,MD,21202,USA,410-396-7444,https://baltimorecity.gov,,,,verified_web
CA-SD-JFS-SARAH,domestic_violence,Counseling | Domestic Violence Support,Counseling; safety planning,8804 Balboa Ave,San Diego,CA,92123,US,858-637-3210,https://www.jfssd.org/,,,,official_site,
CA-SF-CAMERON,Donaldina Cameron House,domestic_violence,Advocacy | DV Services,Case management; counseling; advocacy,920 Sacramento St,San Francisco,CA,94108,US,415-781-0401,https://cameronhouse.org/,,,Serves AAPI communities,verified_web
VA-ARL-DOORWAYS,Doorways,housing_shelter,Shelter | Domestic Violence,Shelter; hotline; counseling; legal advocacy; hospital accompaniment,PO Box 100185,Arlington,VA,22210,USA,703-237-0881,https://www.doorwaysva.org,38.8816,-77.0910,Confidential shelter,verified_web
AR-LR-DORCAS,Dorcas House,housing_shelter,Shelter | Domestic Violence Recovery,Long-term recovery program; shelter; therapy,823 S Park St,Little Rock,AR,72202,US,501-374-4022,https://unionrescuemissionlr.org/,,,9–12 month recovery program,verified_web
RI-PRO-DORCAS,Dorcas International Institute of Rhode Island,legal_aid,Legal | Immigration Legal Aid,Immigration services; citizenship; VAWA; U-visas; asylum support,645 Elmwood Ave,Providence,RI,02907,USA,401-784-8688,https://www.diiri.org,41.7897,-71.4147,Multilingual services,verified_web
SC-SUM-DCS,Dorchester Counseling Services,mental_health,Counseling | Mental Health,Counseling; batterer intervention program; outpatient therapy,500 N Main St,Summerville,SC,29483,USA,843-871-4793,https://www.dorchestercounty.net,33.0185,-80.1756,,verified_web
MA-QUINCY-DOVE,DOVE Inc.,housing_shelter,Shelter | Domestic Violence,Shelter; counseling; advocacy; legal services,P.O. Box 690267,Quincy,MA,02269,USA,617-471-1234,https://dovema.org,,,Confidential shelter,verified_web
AZ-PHX-DOVES,DOVES Program (Area Agency on Aging),domestic_violence,Advocacy | Older Adult DV Services,Support for victims age 50+,"1366 E Thomas Rd, Suite 108",Phoenix,AZ,85014,US,602-264-4357,https://aaaphx.org/,,,Focus on elder DV victims,verified_web
SD-SXF-ERLS,East River Legal Services,legal_aid,Legal | Civil Legal Aid,Legal representation; advocacy; services for low-income individuals,335 N Main Ave Ste 200,Sioux Falls,SD,57104,USA,605-336-9230,https://erlservices.org,43.5486,-96.7316,,verified_web
MN-MINNEAPOLIS-ESNS,East Side Neighborhood Service,other,Intervention | Domestic Violence,Intervention programs; counseling; support groups,1700 2nd St NE,Minneapolis,MN,55413,USA,612-781-6011,https://esns.org,,,,verified_web
WA-BEL-ELAP,Eastside Legal Assistance Program,legal_aid,Legal | Civil Legal Aid,Legal services; representation; advocacy,1239 120th Ave NE Ste J,Bellevue,WA,98005,USA,425-747-7274,https://elap.org,47.6205,-122.1780,,verified_web
OR-POR-ELPROG,El Programa Hispano,domestic_violence,Multi-Service | Domestic Violence Support,Crisis intervention; counseling; legal advocacy; case management; housing support,333 SW 5th Ave Ste 400,Portland,OR,97204,USA,503-232-4448,https://elhispano.org,45.5219,-122.6767,Multilingual services,verified_web
MD-ROC-ELDERSAFE,ElderSAFE Center,housing_shelter,Shelter | Domestic Violence,Shelter; case management; referrals; elder abuse support,600 Jefferson Plaza Ste 500,Rockville,MD,20852,USA,301-816-5099,https://www.eldersafecenter.org,39.0604,-77.1211,Confidential shelter,verified_web
RI-WAR-EBCC,Elizabeth Buffum Chace Center,housing_shelter,Shelter | Domestic Violence,Shelter; advocacy; hotline; support services,PO Box 9470,Warwick,RI,02889,USA,800-494-8100,https://www.ebccenter.org,41.7001,-71.4162,Confidential shelter,verified_web
MA-CAMBRIDGE-EMERGE,Emerge Counseling and Education,other,Intervention | Domestic Violence,Batterer intervention; education; counseling,238 Green St,Cambridge,MA,02139,USA,617-547-9879,https://emergedv.com,,,,verified_web
NM-ALB-ENLACE,Enlace Comunitario,domestic_violence,Multi-Service | Domestic Violence Support,Crisis intervention; counseling; legal services; housing assistance; financial training; workforce development,626 Broadway Blvd SE,Albuquerque,NM,87102,USA,505-246-8972,https://www.enlacenm.org,35.0775,-106.6442,Serves Latino and immigrant communities; Multilingual services,verified_web
MD-BALTIMORE-ESPERANZA,Esperanza Center Immigration Legal Services,legal_aid,Legal | Immigration Legal Aid,Immigration legal services; advocacy,430 S Broadway,Baltimore,MD,21231,USA,667-600-2922,https://cc-md.org,,,Serves immigrants,verified_web
MN-STPAUL-ESPERANZA,Esperanza United,housing_shelter,Shelter | Domestic Violence,Advocacy; housing assistance; legal support; case management,P.O. Box 40115,St Paul,MN,55104,USA,651-772-1611,https://esperanzaunited.org,,,Confidential shelter; Multilingual services,verified_web
AZ-SURPRISE-EVES,Eve's Place,domestic_violence,Advocacy | Domestic Violence Services,Safety planning; advocacy; counseling,P.O. Box 2366,Surprise,AZ,85378,US,623-537-5380,https://evesplace.org/,,,Community-based services,verified_web
VA-FFX-DSVS,Fairfax County Domestic and Sexual Violence Services,housing_shelter,Shelter | Domestic Violence,Shelter; counseling; advocacy; crisis intervention; human trafficking support,12000 Government Center Pkwy,Fairfax,VA,22035,USA,703-360-7273,https://www.fairfaxcounty.gov,38.8576,-77.3570,Confidential shelter,verified_web
VA-FFX-FCPDVS,Fairfax County Police Victim Services Division,other,Victim Services | General Crime Victims,Crisis intervention; court accompaniment; referrals; compensation assistance,12099 Government Center Pkwy,Fairfax,VA,22035,USA,703-246-2141,https://www.fairfaxcounty.gov,38.8576,-77.3570,Multilingual services,verified_web
MN-MINNEAPOLIS-FAIRVIEW,Fairview Counseling Center,mental_health,Counseling | Domestic Violence,Counseling; therapy; family support,2450 Riverside Ave,Minneapolis,MN,55454,USA,612-672-6999,https://www.fairview.org,,,,verified_web
IN-INDY-FALLCREEK,Fall Creek Counseling,other,Intervention | Domestic Violence,Batterer intervention program; counseling,3030 N Shadeland Ave Ste 110,Indianapolis,IN,46226,USA,317-291-6360,https://fallcreekcounseling.org,,,,verified_web
CA-MARIN-FCLC,Family & Children's Law Center,legal_aid,Legal | Family Law,Legal services for families and children,"1401 Los Gamos Dr, Suite 200",San Rafael,CA,94903,US,415-492-9230,https://faclc.org/,,,Low-cost legal help,verified_web
MA-BROCKTON-FCR,Family and Community Resources Inc.,domestic_violence,Multi-Service | Domestic Violence,Hotline; shelter placement; case management; advocacy; support groups,18 Main St,Brockton,MA,02301,USA,508-583-6498,https://fcr-ma.org,,,Multilingual services,verified_web
MO-IND-FAMCON,Family Conservancy - Independence,mental_health,Counseling | Mental Health,Mental health counseling; parenting support; early education services,19401 E US Highway 40 Ste 210,Independence,MO,64055,USA,816-373-7577,,39.0526,-94.3525,,verified_web
UT-MUR-FCC,Family Counseling Center,mental_health,Counseling | Mental Health,Counseling; support groups; referrals,3575 S 700 E,Salt Lake City,UT,84106,USA,801-261-3500,https://fccslc.org,40.6930,-111.8720,,verified_web
WV-CHA-FCC,Family Counseling Connection,mental_health,Counseling | Mental Health,Counseling; therapy; family counseling; sexual abuse support,1021 Quarrier St Ste 414,Charleston,WV,25301,USA,304-340-3676,,38.3498,-81.6326,,verified_web
MD-TOWSON-FCC,Family Crisis Center of Baltimore County,housing_shelter,Shelter | Domestic Violence,Shelter; transitional housing; counseling; case management,P.O. Box 390,Towson,MD,21204,USA,410-828-6390,https://fccbc.org,,,Confidential shelter,verified_web
OR-HIL-FJC,Family Justice Center of Washington County,domestic_violence,Multi-Service | Family Violence Support,Case management; legal services; counseling; advocacy; coordinated services,735 SW 158th Ave Ste 100,Hillsboro,OR,97123,USA,503-430-8300,https://fjcofwc.org,45.5163,-122.9890,,verified_web
IL-CHICAGO-FR,Family Rescue,housing_shelter,Shelter | Domestic Violence,Shelter; counseling; legal advocacy; housing support,P.O. Box 597673,Chicago,IL,60659,USA,800-360-6619,https://familyrescuechicago.org,,,Confidential shelter,verified_web
AR-LR-FSA,Family Service Agency,domestic_violence,Counseling | Family Services,Family counseling; economic support; DV prevention,"628 W Broadway St, Suite 300",North Little Rock,AR,72114,US,501-372-4242,https://fsalr.org/,,,Long-standing nonprofit,verified_web
WI-WAU-FSW,Family Service of Waukesha,mental_health,Counseling | Mental Health,Psychotherapy; counseling; advocacy services,2727 N Grandview Blvd,Waukesha,WI,53188,USA,262-547-5567,https://www.fswaukesha.org,43.0447,-88.2323,,verified_web
AL-HSV-FSC,Family Services Center,other,Counseling | Batterer Intervention,Counseling for perpetrators; pre-trial intervention; EAP evaluations; referrals for victims,"4092 Memorial Pkwy SW, Suite 205",Huntsville,AL,35802,US,256-551-1610,https://familyservicescenter.org/,,,Focus on perpetrators; victims referred to crisis line,verified_web
CA-OAK-FVLC,Family Violence Law Center,legal_aid,Legal | DV Legal Services,Crisis counseling; legal advocacy,470 27th St,Oakland,CA,94612,US,800-947-8301,https://fvlc.org/,,,24-hour crisis line,verified_web
LA-CHALMETTE-FVP,Family Violence Program of St Bernard,housing_shelter,Shelter | Domestic Violence,Emergency shelter; crisis services; advocacy,P.O. Box 46,Chalmette,LA,70044,USA,504-277-3177,https://fvpsb.org,,,Confidential shelter,verified_web
TX-HUM-FAMILYTIME,FamilyTime Crisis and Counseling Center,housing_shelter,Shelter | Domestic Violence,Shelter; hotline; counseling; case management; legal advocacy; hospital accompaniment,PO Box 182,Humble,TX,77347,USA,281-446-2615,https://www.familytimeccc.org,29.9988,-95.2622,Confidential shelter,verified_web
CA-SF-FELTON,Felton Institute,mental_health,Counseling | Family Services,Mental health; youth services,1500 Franklin St,San Francisco,CA,94109,US,415-695-8300,https://felton.org/,,,Wraparound services,verified_web
MA-BOSTON-FENWAY,Fenway Health Violence Recovery Program,mental_health,Counseling | Domestic Violence,Counseling; support groups; advocacy,1340 Boylston St,Boston,MA,02215,USA,800-834-3242,https://fenwayhealth.org,,,Serves LGBTQ+,verified_web
MA-DORCHESTER-FINEX,Finex House,housing_shelter,Shelter | Domestic Violence,Shelter; counseling; advocacy,P.O. Box 300764,Dorchester,MA,02130,USA,617-288-1054,https://finexhouse.org,,,Confidential shelter,verified_web
IN-INDY-FIREFLY,Firefly Children and Family Alliance,domestic_violence,Intervention | Domestic Violence,Counseling; intervention programs; prevention,1531 E 10th St,Indianapolis,IN,46201,USA,317-634-6341,https://fireflyin.org,,,,verified_web
MI-LINCOLNPARK-FIRSTSTEP,First Step,housing_shelter,Shelter | Domestic Violence,24-hour helpline; emergency shelter; advocacy; children's counseling; PPO assistance; community education,1394 Cleophus Pkwy,Lincoln Park,MI,48146,USA,734-722-6800,https://www.firststep-mi.org,,,Confidential shelter,verified_web
TX-RIC-FBWC,Fort Bend Women's Center,housing_shelter,Shelter | Domestic Violence,Shelter; transitional housing; counseling; legal advocacy; crisis intervention; support groups,PO Box 183,Rosenberg,TX,77471,USA,281-342-4357,https://www.fbwc.org,29.5572,-95.8086,Confidential shelter; Multilingual services,verified_web
MA-FRAMINGHAM-PD,Framingham Police Domestic Violence Unit,other,Advocacy | Law Enforcement,Investigation; advocacy; referrals,1 William H Welch Way,Framingham,MA,01702,USA,508-532-5923,https://framinghamma.gov,,,,verified_web
AZ-PHX-FRESHSTART,Fresh Start Women's Resource Center,other,Advocacy | Women's Services,Career services; legal support; financial empowerment,1130 E McDowell Rd,Phoenix,AZ,85006,US,602-252-8494,https://freshstartwomen.org/,,,Workforce & empowerment focus,verified_web
AZ-PHX-FRIENDLY,Friendly House,legal_aid,Legal | Immigration & Victim Services,Immigration legal aid; victim advocacy; relocation support,113 W Sherman St,Phoenix,AZ,85003,US,602-257-1870,https://friendlyhouse.org/,,,"VAWA, U-visa support",verified_web
WI-WES-FRIENDS,Friends Inc.,housing_shelter,Shelter | Domestic Violence,Shelter; crisis intervention; advocacy; support services,PO Box 1236,West Bend,WI,53095,USA,262-334-7298,https://friendsdv.org,43.4253,-88.1834,Confidential shelter,verified_web
KS-KCK-FRIENDSYATES,Friends of Yates,housing_shelter,Shelter | Domestic Violence,Shelter; hotline; transitional housing; legal advocacy; substance abuse counseling; parenting education,1418 Garfield Ave,Kansas City,KS,66104,USA,913-321-0951,https://www.friendsofyates.org,39.1247,-94.6472,Confidential shelter,verified_web
KS-OP-FULLCIRCLE,Full Circle Counseling,other,Intervention Program | Batterer Intervention,Batterer intervention program; counseling,8600 W 110th St Ste 210,Overland Park,KS,66210,USA,913-310-0101,,38.9245,-94.6845,,verified_web
OR-POR-GATEWAY,Gateway Center for Domestic and Sexual Violence Services,domestic_violence,Multi-Service | Family Violence Support,Advocacy; counseling; legal services; case management,9890 E Burnside St,Portland,OR,97216,USA,503-988-6400,https://gatewaycenterdv.org,45.5220,-122.5615,,verified_web
NC-CON-GENESIS,Genesis A New Beginning,mental_health,Counseling | Mental Health,Counseling; substance abuse treatment; domestic violence counseling; family therapy,274 Copperfield Blvd NE,Concord,NC,28025,USA,704-720-7770,,35.4165,-80.6000,,verified_web
GA-ATL-GAIN,Georgia Asylum & Immigration Network,legal_aid,Legal | Immigration Legal Aid,Immigration legal services; survivor advocacy,75 Marietta St NW Ste 310,Atlanta,GA,30303,USA,404-452-8887,https://georgiaasylum.org,,,Serves immigrants,verified_web
FL-DAVIE-JFS,Goodman Jewish Family Services,mental_health,Counseling | Domestic Violence,Counseling; case management; support groups,5890 S Pine Island Rd Ste 201,Davie,FL,33328,USA,954-370-2140,https://jfsbroward.org,,,,verified_web
MA-BOSTON-GBLS,Greater Boston Legal Services,legal_aid,Legal | Civil Legal Aid,Legal representation; advocacy,197 Friend St,Boston,MA,02114,USA,800-323-3205,https://gbls.org,,,,verified_web
IL-CHICAGO-GCLC,Greater Chicago Legal Clinic,legal_aid,Legal | Domestic Violence,Protective orders; immigration; family law,17 N State St Ste 1710,Chicago,IL,60602,USA,312-726-2938,https://gclclaw.org,,,,verified_web
MA-CHELSEA-HARBOR,Harbor COV,housing_shelter,Shelter | Domestic Violence,Shelter; advocacy; counseling,P.O. Box 505,Chelsea,MA,02150,USA,617-884-9909,https://harborcov.org,,,Confidential shelter,verified_web
WA-SEA-HARBORVIEW,Harborview Abuse & Trauma Center,mental_health,Counseling | Trauma Recovery,Counseling; trauma care; advocacy; crisis intervention,401 Broadway,Seattle,WA,98104,USA,206-744-1600,https://depts.washington.edu/harborviewatc,47.6055,-122.3223,,verified_web
TX-HOU-HCCON,Harris County Constable Pct 4 Victim Assistance,other,Victim Services | Domestic Violence Support,Advocacy; crisis intervention; compensation assistance; employer liaison,6831 Cypresswood Dr,Spring,TX,77379,USA,832-927-6156,https://www.constablepct4.com,30.0194,-95.5246,,verified_web
TX-HOU-HCDA,Harris County DA Victim Witness Division,other,Victim Services | General Crime Victims,Advocacy; court accompaniment; case updates; victim assistance,1201 Franklin St,Houston,TX,77002,USA,713-274-0250,https://dao.harriscountytx.gov,29.7607,-95.3623,,verified_web
MI-PONTIAC-HAVEN,HAVEN - Oakland,housing_shelter,Shelter | Domestic Violence,Emergency shelter; counseling; PPO assistance; court advocacy; 24/7 crisis line; forensic exams; prevention education,P.O. Box 431045,Pontiac,MI,48343,USA,248-334-1274,https://haven-oakland.org,,,Confidential shelter,verified_web
IN-EASTCHICAGO-HAVEN,Haven House Inc.,housing_shelter,Shelter | Domestic Violence,Emergency shelter; counseling; advocacy,P.O. Box 508,East Chicago,IN,46312,USA,219-931-2090,https://havenhouseec.org,,,Confidential shelter,verified_web
NM-LCN-HAVEN,Haven House Inc.,housing_shelter,Shelter | Domestic Violence,Shelter; hotline; counseling; legal advocacy; support groups; crisis intervention,PO Box 311,Las Cruces,NM,88004,USA,800-526-7157,https://www.havenhousenm.org,32.3199,-106.7637,Confidential shelter; Multilingual services,verified_web
GA-MCDONOUGH-HAVEN,Haven House McDonough,housing_shelter,Shelter | Domestic Violence,Emergency shelter; crisis counseling; support groups; legal advocacy; case management,P.O. Box 1207,McDonough,GA,30253,USA,770-954-9229,https://havenhousega.org,,,Confidential shelter,verified_web
MA-BOSTON-HAVEN,HAVEN MA General Hospital,domestic_violence,Counseling | Domestic Violence,Advocacy; counseling; support groups,55 Fruit St,Boston,MA,02114,USA,617-724-0054,https://massgeneral.org,,,,verified_web
MA-SALEM-HAWC,Healing Abuse Working for Change,housing_shelter,Shelter | Domestic Violence,Shelter; hotline; counseling; advocacy; prevention,P.O. Box 725,Salem,MA,01970,USA,800-547-1649,https://hawcdv.org,,,Confidential shelter,verified_web
MA-BROCKTON-HI,Health Imperatives,housing_shelter,Shelter | Domestic Violence,Shelter; counseling; trafficking services,942 W Chestnut St,Brockton,MA,02301,USA,508-588-8255,https://healthimperatives.org,,,Confidential shelter,verified_web
IL-CHICAGO-HAS,Healthcare Alternative Systems Basta DV Program,domestic_violence,Counseling | Domestic Violence,Counseling; support services,2755 W Armitage Ave,Chicago,IL,60647,USA,773-745-7107,https://hascares.org,,,Multilingual services,verified_web
NE-OMA-HFS,Heartland Family Service Domestic Violence / Sexual Assault Program,housing_shelter,Shelter | Domestic Violence,Shelter; hotline; advocacy; legal services; therapy; intervention programs,2101 S 42nd St,Omaha,NE,68105,USA,800-523-3666,https://www.heartlandfamilyservice.org,41.2380,-95.9750,,verified_web
IL-CHICAGO-HEARTLAND,Heartland Human Care Services,mental_health,Counseling | Domestic Violence,Counseling; case management; parenting education,208 S LaSalle St Ste 1300,Chicago,IL,60604,USA,773-835-1438,https://heartlandalliance.org,,,,verified_web
VA-POR-HER,Help and Emergency Response (HER Shelter),housing_shelter,Shelter | Domestic Violence,Shelter; crisis intervention; housing; basic needs; stabilization services,PO Box 6368,Portsmouth,VA,23703,USA,757-485-3384,https://hershelter.com,36.8354,-76.2983,Confidential shelter,verified_web
WA-VAN-HPWC,Helping Professionals Wellness Center,other,Intervention Program | Batterer Intervention,Batterer intervention; counseling; court-ordered services,1701 Broadway St,Vancouver,WA,98663,USA,360-687-0693,https://hpwcenter.com,45.6317,-122.6718,,verified_web
MN-MINNEAPOLIS-HCAO,Hennepin County Attorney Domestic Abuse Service Center,legal_aid,Legal | Domestic Violence,Legal advocacy; court accompaniment,300 S 6th St,Minneapolis,MN,55487,USA,612-348-5073,https://www.hennepinattorney.org,,,Multilingual services,verified_web
CA-OAK-HIGHLAND,Highland Hospital DV & Sexual Assault Center,mental_health,Healthcare | DV/SA Services,Medical exams; counseling; advocacy,1411 E 31st St,Oakland,CA,94602,US,510-534-9290,https://www.alamedahealthsystem.org/,,,Hospital-based program,verified_web
WI-MIL-HAFA,Hmong American Friendship Association,domestic_violence,Multi-Service | Culturally Specific Support,Counseling; support groups; interpretation services,3824 W Vliet St,Milwaukee,WI,53208,USA,414-322-9522,https://www.hafamke.org,43.0494,-87.9626,Serves Hmong community; Multilingual services,verified_web
MN-STPAUL-HAP,Hmong American Partnership,domestic_violence,Advocacy | Domestic Violence,Advocacy; case management; support groups; referrals,1075 Arcade St,St Paul,MN,55106,USA,651-495-1557,https://hmong.org,,,Serves Southeast Asian communities,verified_web
VA-FAL-HOGAR,Hogar Immigrant Services,legal_aid,Legal | Immigration Legal Aid,Immigration legal services; advocacy; referrals,50 N Washington St Ste 400,Falls Church,VA,22046,USA,703-534-9805,https://hogarimmigrantservices.org,38.8823,-77.1711,Multilingual services,verified_web
MN-PLYMOUTH-HOMEFREECOMM,Home Free Community Program Missions Inc.,domestic_violence,Advocacy | Domestic Violence,Safety planning; advocacy; legal support,P.O. Box 139,Plymouth,MN,55447,USA,763-559-4945,https://missionsinc.org,,,,verified_web
MN-PLYMOUTH-HOMEFREE,Home Free Shelter Missions Inc.,housing_shelter,Shelter | Domestic Violence,Shelter; counseling; legal advocacy; parenting groups,P.O. Box 139,Plymouth,MN,55447,USA,763-559-4945,https://missionsinc.org,,,Confidential shelter,verified_web
TN-GAL-HOMESAFE2,HomeSafe in Sumner County,housing_shelter,Shelter | Domestic Violence,Shelter; hotline; advocacy; counseling; crisis support,PO Box 2296,Gallatin,TN,37066,USA,615-452-4315,https://homesafeinc.org,36.3884,-86.4467,Confidential shelter,verified_web
TN-GAL-HOMESAFE,HomeSafe Inc.,housing_shelter,Shelter | Domestic Violence,Shelter; hotline; counseling; court accompaniment; support groups,PO Box 2296,Gallatin,TN,37066,USA,615-452-4315,https://homesafeinc.org,36.3884,-86.4467,Confidential shelter,verified_web
IN-BEDFORD-HHPACT,Hoosier Hills PACT DV Shelter,housing_shelter,Shelter | Domestic Violence,Emergency shelter; transitional housing; legal advocacy; support services,P.O. Box 416,Bedford,IN,47421,USA,812-723-2621,https://www.hh-pact.org,,,Confidential shelter,verified_web
MO-IND-HOPEHOUSE,Hope House - Independence,housing_shelter,Shelter | Domestic Violence,Shelter; hotline; crisis intervention; counseling; legal advocacy; court advocacy; support groups,PO Box 577,Independence,MO,64051,USA,816-461-4673,https://www.hopehouse.net,39.0911,-94.4155,Confidential shelter; Multilingual services,verified_web
MO-LS-HOPEHOUSE,Hope House - Lee's Summit,domestic_violence,Support Services | Domestic Violence,Hotline; counseling; legal advocacy; crisis intervention; support groups,PO Box 577,Lees Summit,MO,64063,USA,816-468-5463,https://www.hopehouse.net,38.9108,-94.3822,Multilingual services,verified_web
VT-BUR-HOPEWORKS,HOPE Works,sexual_assault,Crisis Center | Sexual Assault,Crisis counseling; support groups; advocacy; hotline,PO Box 4194,Burlington,VT,05406,USA,802-863-1236,https://www.hopeworksvt.org,44.4759,-73.2121,,verified_web
MD-COL-HOPEWORKS,HopeWorks of Howard County,housing_shelter,Shelter | Domestic Violence,Shelter; hotline; counseling; legal services; advocacy; prevention education,9770 Patuxent Woods Dr Ste 300,Columbia,MD,21046,USA,410-997-2272,https://hopeworksofhc.org,39.1732,-76.8608,Confidential shelter,verified_web
MD-COLUMBIA-HOPEWORKS,HopeWorks of Howard County Inc.,housing_shelter,Shelter | Domestic Violence,Shelter; counseling; advocacy; legal services; hotline,9770 Patuxent Woods Dr Ste 300,Columbia,MD,21046,USA,410-997-2272,https://hopeworksofhc.org,,,Confidential shelter,verified_web
GA-ATL-CHERITH,House of Cherith,housing_shelter,Shelter | Domestic Violence,Residential recovery; counseling; trafficking support,P.O. Box 15096,Atlanta,GA,30333,USA,404-655-0024,https://houseofcherith.org,,,Confidential shelter,verified_web
DC-DC-HOUSEOFRUTH,House of Ruth,housing_shelter,Shelter | Domestic Violence,Shelter; housing; counseling; case management; child services,5 Thomas Cir NW,Washington,DC,20005,USA,202-667-7001,https://houseofruth.org,38.9051,-77.0320,Confidential shelter,verified_web
MD-BAL-HORMD,House of Ruth Maryland,domestic_violence,Multi-Service | Domestic Violence Support,Counseling; legal services; advocacy; outreach,2201 Argonne Dr,Baltimore,MD,21218,USA,410-889-7884,https://hruth.org,39.3289,-76.5952,,verified_web
MD-BALTIMORE-HOR,House of Ruth Maryland,housing_shelter,Shelter | Domestic Violence,Shelter; hotline; counseling; legal clinic; transitional housing,P.O. Box 459,Baltimore,MD,21203,USA,410-889-7884,https://hruth.org,,,Confidential shelter,verified_web
MD-BALTIMORE-HORPG,House of Ruth Maryland Montgomery PG Office,domestic_violence,Multi-Service | Domestic Violence,Counseling; legal advocacy; outreach,P.O. Box 459,Baltimore,MD,21203,USA,410-889-7884,https://hruth.org,,,,verified_web
CA-SB-OPTION,housing_shelter,Shelter | Domestic Violence,Shelter; prevention; intervention,,San Bernardino,CA,,US,909-381-3471,https://optionhouseinc.org,,,,user_provided,
CA-OC-LAURAS,housing_shelter,Shelter | Domestic Violence,Emergency shelter; transitional housing; counseling; legal advocacy,,Orange County,CA,,US,949-498-1511,https://www.laurashouse.org,,,Public office address not confirmed from snippet,official_site,
CA-LA-WCCS,housing_shelter,Shelter | Domestic Violence,Shelter; support services,,Whittier,CA,,US,562-945-3939,,,,user_provided,,
CA-SGV-YWCA,housing_shelter,Shelter | Domestic Violence,Shelter; counseling; legal advocacy,,San Gabriel Valley,CA,,US,626-967-0658,https://ywcaglobal.org,,,,user_provided,
CA-LAKE-SUCASA,housing_shelter,Shelter | Domestic Violence,Emergency shelter; transitional housing; hotline; legal advocacy,,Lakewood,CA,,US,562-402-4888,https://sucasadv.org,,,Confidential location,official_site,
CA-RIV-ALT-DV,housing_shelter,Shelter | Domestic Violence,Shelter; counseling; legal advocacy,,Riverside,CA,,US,951-683-0829,,,,user_provided,,
CA-LB-SAHARA,housing_shelter,Shelter | Domestic Violence,Shelter; culturally specific DV services,,Long Beach,CA,,US,562-402-4132,https://saharacares.org,,,Multilingual support,user_provided,
CA-OC-RADIANT,housing_shelter,Shelter | Domestic Violence & Trafficking,Housing; counseling; legal services,,Irvine,CA,,US,877-531-5522,https://radiantfutures.org,,,,user_provided,
CA-SD-YWCA-BH,housing_shelter,Shelter | Domestic Violence Shelter,Emergency shelter; transitional housing; counseling; legal services,,San Diego,CA,,US,619-234-3164,https://www.ywcasandiego.org/,,,Confidential shelter,user_provided,
CA-SD-CRC-CH,housing_shelter,Shelter | Domestic Violence Shelter,Emergency housing; counseling; legal advocacy,,Encinitas,CA,,US,760-633-1111,https://crcncc.org/,,,,user_provided,
CA-LA-CASA-YOUTH,housing_shelter,Shelter | Youth Services,Youth shelter; counseling; family support,,Los Alamitos,CA,,US,800-914-2272,https://casayouthshelter.org,,,,user_provided,
CA-LA-ELAWC,housing_shelter,Shelter | Sexual Assault & DV,Crisis intervention; counseling; court accompaniment; housing,1431 S Atlantic Blvd,Los Angeles,CA,90022,US,800-585-6231,https://www.elawc.org,,,,official_site,
CA-OC-INTERVAL-SB,housing_shelter,Shelter | Domestic Violence,Shelter; housing; counseling; youth programs,"6326 E Pacific Coast Hwy, Suite B",Long Beach,CA,90803,US,562-594-4555,https://intervalhouse.org,,,Mailing/admin address; shelter locations not public,official_site,
CA-SD-YOUTH,housing_shelter,Shelter | Youth Services,Shelter; housing; mental health support,3255 Wing St,San Diego,CA,92110,US,619-241-0608,https://sdyouthservices.org/,,,,official_site,
CA-OC-HUMANOPT,housing_shelter,Shelter | Domestic Violence,Shelter; housing; support services,"5540 Trabuco Rd, Suite 100",Irvine,CA,92620,US,877-854-3594,https://humanoptions.org,,,,official_site,
CA-LA-GNU,housing_shelter,Shelter | Domestic Violence,Shelter; rental assistance; community support,"131 North Tustin Ave, Suite 204",Tustin,CA,92780,US,323-763-2865,https://goodneighbors.us,,,,official_site,
TX-HOU-HAWC,Houston Area Women's Center,housing_shelter,Shelter | Domestic Violence,Shelter; counseling; advocacy; legal services; support programs,PO Box 660267,Houston,TX,77266,USA,713-528-2121,https://www.hawc.org,29.7604,-95.3698,Confidential shelter,verified_web
FL-JAX-HUBBARD,Hubbard House Inc.,housing_shelter,Shelter | Domestic Violence,Emergency shelter; hotline; outreach center; advocacy; counseling,P.O. Box 4909,Jacksonville,FL,32201,USA,904-354-3114,https://www.hubbardhouse.org,,,Confidential shelter,verified_web
TX-HUM-HPDVA,Humble Police Dept Victim Assistance Unit,other,Victim Services | General Crime Victims,Advocacy; referrals; court accompaniment; compensation assistance,310 Bender Ave,Humble,TX,77338,USA,281-319-9711,https://www.humblepolice.com,29.9980,-95.2622,,verified_web
ID-BOISE-ILAS,Idaho Legal Aid Services Boise,legal_aid,Legal | Civil Legal Aid,Legal advocacy; civil legal services; education,1104 W Fort St,Boise,ID,83702,USA,208-746-7541,https://idaholegalaid.org,,,,verified_web
ID-BOISE-HAYS,Idaho Youth Ranch Hays Shelter Home,housing_shelter,Shelter | Youth Services,Emergency youth shelter; counseling; crisis intervention; education support,4775 W Denton St,Boise,ID,83706,USA,208-322-6687,https://www.youthranch.org,,,Serves youth,verified_web
OR-POR-IRCO,Immigrant & Refugee Community Organization,domestic_violence,Multi-Service | Immigrant Support,Counseling; legal advocacy; support groups; court accompaniment; immigration support,10301 NE Glisan St,Portland,OR,97220,USA,503-234-1541,https://irco.org,45.5265,-122.5576,Serves immigrant and refugee communities; Multilingual services,verified_web
MN-STPAUL-ILCM,Immigrant Law Center of Minnesota,legal_aid,Legal | Immigration Legal Aid,Immigration legal services; advocacy,450 N Syndicate St Ste 285,St Paul,MN,55104,USA,651-641-1011,https://www.ilcm.org,,,Serves immigrants,verified_web
MN-MINNEAPOLIS-COYLE,Immigrant Women's Advocacy Project Brian Coyle Center,domestic_violence,Advocacy | Domestic Violence,Case management; advocacy; legal services,420 15th Ave S,Minneapolis,MN,55454,USA,612-876-9307,https://neapolis.org,,,Serves immigrants; Multilingual,verified_web
CA-SF-ICWC,Immigration Center for Women & Children - San Francisco,legal_aid,Legal | Immigration Legal Aid,Immigration services for women & children,"1254 Market St, 3rd Floor",San Francisco,CA,94102,US,415-861-1449,https://icwclaw.org/,,,Focus on underserved women/children,verified_web
NC-CHA-IMPACT,IMPACT+ Abuse Prevention Services,other,Intervention Program | Batterer Intervention,Batterer intervention; prevention education; IPV intervention programs,PO Box 470881,Charlotte,NC,28247,USA,980-721-7268,https://www.impactprevention.org,35.2271,-80.8431,,verified_web
IN-INDY-ILS,Indiana Legal Services Indianapolis,legal_aid,Legal | Civil Legal Aid,Legal assistance; civil law; advocacy,151 N Delaware St Ste 1800,Indianapolis,IN,46204,USA,844-243-8570,https://www.indianalegalservices.org,,,,verified_web
IN-NEWALBANY-ILS,Indiana Legal Services New Albany,legal_aid,Legal | Civil Legal Aid,Legal assistance; civil law; advocacy,33 E Main St Ste 500,New Albany,IN,47150,USA,812-945-4123,https://www.indianalegalservices.org,,,,verified_web
OR-POR-INSIGHTS,Insights Young Parent Services,domestic_violence,Support Services | Youth Domestic Violence,Advocacy; case management; support for young parents,4900 SE Stark St,Portland,OR,97215,USA,503-239-6996,https://insightsyps.org,45.5196,-122.6125,,verified_web
CA-FREMONT-IIBA,International Institute of the Bay Area - Fremont,legal_aid,Legal | Immigration Legal Aid,VAWA; U-visa; asylum,"39155 Liberty St, Suite A110",Fremont,CA,94538,US,510-894-3639,https://iibayarea.org/,,,Multilingual services,verified_web
CA-OAK-IIBA,International Institute of the Bay Area - Oakland,legal_aid,Legal | Immigration Legal Aid,VAWA; U-visa; asylum support,"1900 Fruitvale Ave, Suite 2A",Oakland,CA,94601,US,510-451-2846,https://iibayarea.org/,,,Multilingual services,verified_web
CA-SF-IIBA,International Institute of the Bay Area - San Francisco,legal_aid,Legal | Immigration Legal Aid,Immigration legal services,"657 Mission St, Suite 201",San Francisco,CA,94105,US,415-538-8100,https://iibayarea.org/,,,Multiple service areas,verified_web
GA-DECATUR-IWH,International Women's House Inc.,housing_shelter,Shelter | Domestic Violence,Shelter; legal advocacy; support services,P.O. Box 503,Decatur,GA,30031,USA,770-413-5557,https://internationalwomenshouse.org,,,Confidential shelter; Multilingual services,verified_web
OK-ELR-ICAN,Intervention & Crisis Advocacy Network (ICAN!),domestic_violence,Multi-Service | Domestic Violence Support,Crisis intervention; advocacy; shelter services; referrals,PO Box 517,El Reno,OK,73036,USA,405-262-4455,https://icanok.org,,,,"Confidential shelter,verified_web"
IA-DESMOINES-ILA,Iowa Legal Aid,legal_aid,Legal | Domestic Violence,Legal representation; advocacy; civil legal services,1111 9th St Ste 230,Des Moines,IA,50314,USA,800-532-1275,https://www.iowalegalaid.org,,,,verified_web
MO-KC-JCVS,Jackson County Victim Services Program,legal_aid,Legal | Victim Advocacy,Legal advocacy; referrals; victim compensation assistance,415 E 12th St,Kansas City,MO,64106,USA,816-881-3558,,39.1009,-94.5779,,verified_web
MS-JXN-JSBF,Jackson Victim Services Shelter for Battered Families (Catholic Charities),housing_shelter,Shelter | Domestic Violence,Shelter; crisis support; services for children; advocacy,200 N Congress St,Jackson,MS,39201,USA,601-366-0750,,32.2995,-90.1847,Confidential shelter,verified_web
FL-JAX-JALA,Jacksonville Area Legal Aid Inc.,legal_aid,Legal | Domestic Violence,Civil legal aid; family law; housing; immigration; injunctions,126 W Adams St,Jacksonville,FL,32202,USA,904-356-8371,https://www.jaxlegalaid.org,,,Multilingual services,verified_web
NJ-MOR-JBWS,JBWS,housing_shelter,Shelter | Domestic Violence,24-hour helpline; safe house; transitional living; counseling; court accompaniment; children's services,PO Box 1437,Morristown,NJ,07962,USA,973-267-4763,https://jbws.org,,,,"Confidential shelter,verified_web"
LA-GRETNA-JPDA,Jefferson Parish District Attorney Office Victim Witness Program,other,Advocacy | Crime Victim Support,Advocacy; court support; victim assistance,200 Derbigny St,Gretna,LA,70053,USA,504-361-2860,https://www.jpda.us,,,,verified_web
MD-ROC-JCADA,Jewish Coalition Against Domestic Abuse,domestic_violence,Multi-Service | Domestic Violence Support,Counseling; case management; support groups; advocacy,11720 Parklawn Dr Ste 300,Rockville,MD,20852,USA,301-315-8040,https://jcada.org,39.0523,-77.1214,,verified_web
CA-SF-JFCS,Jewish Family & Children Services,domestic_violence,Housing | DV Support,Safe housing; counseling; support services,2150 Post St,San Francisco,CA,94115,US,415-449-1200,https://jfcs.org/,,,Dream Program for DV survivors,verified_web
AZ-PHX-JFCS,Jewish Family & Children's Service - Shelter Without Walls,domestic_violence,Counseling | Non-Residential DV Services,Safety planning; counseling; referrals; mentorship,4747 N 7th Ave,Phoenix,AZ,85013,US,602-452-4640,https://jfcsaz.org/,,,Non-residential DV support,verified_web
WA-SEA-JFS,Jewish Family Service Project DVORA,domestic_violence,Multi-Service | Domestic Violence Support,Advocacy; counseling; community support,1601 16th Ave,Seattle,WA,98122,USA,206-861-3159,https://www.jfsseattle.org,47.6155,-122.3120,,verified_web
UT-WJO-JWFC,Jordan West Family Counseling,mental_health,Counseling | Mental Health,Counseling; substance abuse services; domestic violence counseling,9263 S Redwood Rd,West Jordan,UT,84088,USA,801-566-0749,,40.5840,-111.9395,,verified_web
MA-WALTHAM-JTS,Journey to Safety JFCS,domestic_violence,Counseling | Domestic Violence,Counseling; advocacy; support services,1430 Main St,Waltham,MA,02451,USA,781-647-5327,https://jfcsboston.org,,,Serves Jewish community,verified_web
UT-MUR-JSS,Judicial Supervision Services,other,Intervention Program | Batterer Intervention,Batterer intervention; mental health services,2825 E Cottonwood Pkwy Ste 500,Salt Lake City,UT,84121,USA,801-486-8143,,40.6235,-111.8150,,verified_web
IN-INDY-JULIAN,Julian Center Inc.,housing_shelter,Shelter | Domestic Violence,Shelter; counseling; advocacy; hotline; case management,2011 N Meridian St,Indianapolis,IN,46202,USA,317-920-9320,https://www.juliancenter.org,,,Confidential shelter,verified_web
TX-HOU-JFC,Justice for Children,other,Victim Services | Child Abuse Advocacy,Advocacy; casework; referrals for abused children,1210 W Clay St,Houston,TX,77019,USA,713-225-4357,https://www.justiceforchildren.org,29.7584,-95.3876,,verified_web
IL-CHICAGO-KANWIN,KAN-WIN,domestic_violence,Multi-Service | Domestic Violence,Counseling; advocacy; outreach,P.O. Box 315,Chicago,IL,60690,USA,773-583-0880,https://kanwin.org,,,Serves Asian American community,verified_web
KS-KCK-KCPDVS,Kansas City KS Police Department Victim Services Unit,other,Victim Services | General Crime Victims,Advocacy; protection order assistance; crisis intervention; safety planning,701 N 7th St,Kansas City,KS,66101,USA,913-573-5616,,39.1138,-94.6260,,verified_web
CA-SANMATEO-KELLER,Keller Center for Family Violence Intervention,mental_health,Healthcare | DV/SA Services,Medical forensic exams; advocacy,222 W 39th Ave,San Mateo,CA,94403,US,650-573-2623,https://smchealth.org/,,,Hospital-based services,verified_web
WA-SEA-KCPAO,King County Protection Order Advocacy Program,legal_aid,Legal | Domestic Violence Legal Aid,Protection orders; legal advocacy; court assistance,516 3rd Ave Rm W554,Seattle,WA,98104,USA,206-477-1103,https://kingcounty.gov,47.6026,-122.3305,,verified_web
WA-REN-KCSARC,King County Sexual Assault Resource Center,sexual_assault,Crisis Center | Sexual Assault,Hotline; legal advocacy; therapy; medical advocacy,200 Mill Ave S Ste 410,Renton,WA,98057,USA,888-998-6423,https://www.kcsarc.org,47.4829,-122.2171,Multilingual services,verified_web
NY-BRX-KHCC,Kingsbridge Heights Community Center,mental_health,Counseling | Trauma Recovery,Long-term therapy; counseling; support for sexual abuse survivors; support for non-offending family members,3101 Kingsbridge Ter,Bronx,NY,10463,USA,718-884-0700,https://www.khcc-nyc.org,,,,"Serves survivors of sexual abuse and domestic violence,verified_web"
CA-OAK-KCCEB,Korean Community Center East Bay,domestic_violence,Advocacy | Immigrant Services,Counseling; benefits; referrals,"101 Callan Ave, Suite 400",San Leandro,CA,94577,US,844-828-2254,https://kcceb.org/,,,Korean community focus,verified_web
VA-ANN-KCSC,Korean Community Service Center Annandale,domestic_violence,Multi-Service | Culturally Specific Support,Counseling; advocacy; referrals; support services,7700 Little River Turnpike Ste 406,Annandale,VA,22003,USA,703-354-6345,https://kcscgw.org,38.8301,-77.1890,Multilingual services,verified_web
MD-GAI-KCSC,Korean Community Service Center Gaithersburg,domestic_violence,Multi-Service | Culturally Specific Support,Counseling; advocacy; referrals; support services,847 Quince Orchard Blvd Ste L,Gaithersburg,MD,20878,USA,703-354-6345,https://kcscgw.org,39.1420,-77.2016,Multilingual services,verified_web
CA-SF-LACASA,La Casa de las Madres,housing_shelter,Shelter | Domestic Violence,24/7 hotline; shelter; advocacy,"1663 Mission St, Suite 225",San Francisco,CA,94103,US,877-503-1850,https://lacasa.org/,,,Shelter confidential,verified_web
CA-HAYWARD-LAFAMILIA,La Familia Counseling Service,mental_health,Counseling | Family Services,Mental health; family support,26081 Mocine Ave,Hayward,CA,94544,US,510-881-5921,https://lafamiliacounseling.org/,,,Latino community focus,verified_web
RI-PRO-LODELA,La Oficina Delia,legal_aid,Legal | Immigration Legal Aid,Immigration services; VAWA assistance; legal support,145 Washington St,Providence,RI,02903,USA,401-781-6464,,41.8215,-71.4110,Multilingual services,verified_web
IN-INDY-LAPLAZA,La Plaza,domestic_violence,Advocacy | Domestic Violence,Case management; advocacy; support services,8902 E 38th St,Indianapolis,IN,46226,USA,317-890-3292,https://laplazaindy.org,,,Multilingual services,verified_web
MI-DETROIT-LAVIDA,LA VIDA,domestic_violence,Multi-Service | Domestic Violence,Crisis intervention; counseling; support groups; legal advocacy; prevention services,5635 W Fort St,Detroit,MI,48209,USA,313-849-3920,https://chasscenter.org,,,Culturally competent services,verified_web
NV-LV-LVMPDVS,Las Vegas Metropolitan Police Dept Victim Services Detail,other,Victim Services | General Crime Victims,Crisis intervention; court accompaniment; hospital accompaniment; advocacy; transportation support,400 S Martin L King Blvd,Las Vegas,NV,89106,USA,702-828-2955,,36.1670,-115.1630,Multilingual services,verified_web
GA-ATL-LAA,Latin American Association,legal_aid,Legal | Domestic Violence,Legal advocacy; immigration support,2750 Buford Hwy NE,Atlanta,GA,30324,USA,404-471-1889,https://thelaa.org,,,Multilingual services,verified_web
DE-WILM-LACC,Latin American Community Center,domestic_violence,Multi-Service | Domestic Violence,Case management; domestic violence intervention; outreach,403 N Van Buren St,Wilmington,DE,19805,USA,302-655-7338,https://thelacc.org,,,Multilingual services,verified_web
DE-WIL-LACC,Latin American Community Center,domestic_violence,Multi-Service | Domestic Violence Support,Case management; advocacy; community outreach; counseling,403 N Van Buren St,Wilmington,DE,19805,USA,302-655-7338,https://www.latinamericancenter.org,39.7457,-75.5660,Serves Latino community; Multilingual services,verified_web
IA-DESMOINES-LUNA,Latinas Unidas por un Nuevo Amanecer (LUNA),domestic_violence,Advocacy | Domestic Violence,Hotline; court advocacy; support groups; safety planning; referrals,P.O. Box 65234,Des Moines,IA,50365,USA,866-256-7668,https://luna-ia.org,,,Multilingual services; Serves Latino community,verified_web
IN-INDY-LCADSV,Latino Coalition Against Domestic and Sexual Violence Inc.,domestic_violence,Advocacy | Domestic Violence,Advocacy; community outreach; support services,2445 N Meridian St,Indianapolis,IN,46208,USA,317-926-4673,https://lcadv.org,,,Multilingual services,verified_web
OK-OKC-LCDA,Latino Community Development Agency,other,Intervention Program | Batterer Intervention,Batterer intervention program; community services,420 SW 10th St,Oklahoma City,OK,73109,USA,405-236-0701,https://lcdaok.com,,,,"Serves Latino community,verified_web"
PA-NOR-LAUREL,Laurel House,housing_shelter,Shelter | Domestic Violence,Hotline; shelter; transitional housing; counseling; legal advocacy,PO Box 764,Norristown,PA,19404,USA,800-642-3150,https://laurel-house.org,40.1215,-75.3399,Confidential shelter,verified_web
MN-ANOKA-LEECARLSON,Lee Carlson Center,mental_health,Counseling | Domestic Violence,Counseling; intervention programs,10801 Town Square Dr NE,Blaine,MN,55449,USA,763-780-3036,https://www.leecarlsoncenter.org,,,,verified_web
IN-INDY-LEGACY,Legacy House,mental_health,Counseling | Violence Recovery,Counseling; support services,2505 N Arlington Ave,Indianapolis,IN,46218,USA,317-554-5272,https://legacy-house.org,,,,verified_web
IL-CHICAGO-LAC,Legal Aid Chicago,legal_aid,Legal | Civil Legal Aid,Legal representation; domestic violence; immigration,120 S LaSalle St Ste 900,Chicago,IL,60603,USA,312-341-1070,https://legalaidchicago.org,,,,verified_web
DC-DC-LAIDC,Legal Aid DC,legal_aid,Legal | Domestic Violence Legal Aid,Legal representation; custody; divorce; protection orders,1331 H St NW Ste 350,Washington,DC,20005,USA,202-628-1161,https://www.legalaiddc.org,38.9037,-77.0301,,verified_web
NE-OMA-LAIDNE,Legal Aid of Nebraska - Statewide,legal_aid,Legal | Civil Legal Aid,Civil legal aid; legal representation; advocacy; referrals,209 S 19th St Ste 200,Omaha,NE,68102,USA,877-250-2016,https://www.legalaidofnebraska.org,41.2577,-95.9415,,verified_web
NC-CON-LANC,Legal Aid of North Carolina - Concord,legal_aid,Legal | Civil Legal Aid,Civil legal aid; legal representation; advocacy; statewide services,77 Union St S,Concord,NC,28025,USA,866-219-5262,https://www.legalaidnc.org,35.4088,-80.5803,,verified_web
NC-GAS-LANC,Legal Aid of North Carolina - Gastonia,legal_aid,Legal | Civil Legal Aid,Civil legal aid; legal representation; advocacy; statewide services,1508 S York Rd,Gastonia,NC,28052,USA,866-219-5262,https://www.legalaidnc.org,35.2460,-81.1873,,verified_web
NC-STATE-IMMPAV,Legal Aid of North Carolina Immigration Pathways for Victims,legal_aid,Legal | Immigration Legal Aid,Immigration assistance; VAWA support; trafficking survivor legal services,224 S Dawson St,Raleigh,NC,27601,USA,866-219-5262,https://www.legalaidnc.org,35.7760,-78.6382,,verified_web
PA-WCH-LASPCHES,Legal Aid of Southeastern Pennsylvania - Chester County,legal_aid,Legal | Domestic Violence,Protection from abuse; custody; divorce; housing; benefits,222 N Church St,West Chester,PA,19380,USA,610-436-4510,https://lasp.org,,,,verified_web
PA-WCH-LASPCH,Legal Aid of Southeastern Pennsylvania - Chester County,legal_aid,Legal | Domestic Violence Legal Aid,Protection orders; custody; divorce; benefits; housing legal aid,222 N Walnut St Ste 101,West Chester,PA,19380,USA,610-436-4510,https://www.lasp.org,39.9626,-75.6057,,verified_web
PA-MED-LASPDEL,Legal Aid of Southeastern Pennsylvania - Delaware County,legal_aid,Legal | Domestic Violence Legal Aid,Protection orders; custody; divorce; benefits; housing legal aid,419 Avenue of the States,Chester,PA,19013,USA,855-879-3100,https://www.lasp.org,39.8496,-75.3557,,verified_web
PA-MEDIA-LASPDEL,Legal Aid of Southeastern Pennsylvania - Delaware County,legal_aid,Legal | Domestic Violence,Protection from abuse; custody; divorce; housing; public benefits,600 N Jackson St Ste 104,Media,PA,19063,USA,855-879-3100,https://lasp.org,,,,verified_web
OR-POR-LASO,Legal Aid Services of Oregon - Portland,legal_aid,Legal | Domestic Violence Legal Aid,Legal representation; restraining orders; custody; divorce assistance,520 SW 6th Ave Ste 700,Portland,OR,97204,USA,503-224-4086,https://lasoregon.org,45.5227,-122.6780,,verified_web
OR-ROS-LASO,Legal Aid Services of Oregon - Roseburg,legal_aid,Legal | Domestic Violence Legal Aid,Legal representation; restraining orders; custody; divorce assistance,700 SE Kane St,Roseburg,OR,97470,USA,541-673-1181,https://lasoregon.org,43.2165,-123.3417,,verified_web
HI-KAILUA-KONA-LASH,Legal Aid Society of Hawaii Kona,legal_aid,Legal | Domestic Violence,Legal advocacy; representation; immigration assistance,74-5599 Pawai Pl,Kailua-Kona,HI,96740,USA,808-536-4302,https://www.legalaidhawaii.org,,,Serves low-income populations,verified_web
HI-KANEOHE-LASH,Legal Aid Society of Hawaii Oahu Windward,legal_aid,Legal | Domestic Violence,Legal advocacy; representation; immigration assistance,45-350 Kamehameha Hwy,Kaneohe,HI,96744,USA,808-536-4302,https://www.legalaidhawaii.org,,,Serves low-income populations,verified_web
TN-NAS-LASMT,Legal Aid Society of Middle Tennessee,legal_aid,Legal | Domestic Violence Legal Aid,Legal assistance; representation; advocacy,1321 Murfreesboro Pike Ste 400,Nashville,TN,37217,USA,800-238-1443,https://las.org,36.1280,-86.7467,,verified_web
AL-HSV-LSA,Legal Services of Alabama - Huntsville Office,legal_aid,Legal | Civil Legal Aid,Legal advice; mediation; representation; appeals; self-help resources,"100 Washington St NE, Suite 200",Huntsville,AL,35801,US,866-456-4995,https://legalservicesalabama.org/,,,Free/low-cost legal services,verified_web
NY-WPL-LSHV,Legal Services of Hudson Valley,legal_aid,Legal | Domestic Violence Legal Aid,Orders of protection; restitution; custody; divorce; benefits; housing legal aid,90 Maple Ave,White Plains,NY,10601,USA,914-949-1305,https://www.lshv.org,,,,",verified_web"
CA-FAIRFIELD-LSNC,Legal Services of Northern California - Solano,legal_aid,Legal | Civil Legal Aid,Free civil legal services,1810 Capitol St,Vallejo,CA,94590,US,707-643-0054,https://lsnc.net/,,,Serves low-income clients,verified_web
MN-MOO-LSNM,Legal Services of Northwest Minnesota,legal_aid,Legal | Civil Legal Aid,Legal representation; legal education; advocacy for low-income individuals,1015 7th Ave N,Moorhead,MN,56560,USA,218-233-8585,https://www.lsnmlaw.org,46.8800,-96.7678,,verified_web
CA-RIV-LAID,legal_aid,Legal | Legal Aid,Family law; restraining orders; legal services,,Riverside,CA,,US,951-682-7968,,,,user_provided,,
CA-LA-LPFW,legal_aid,Legal | Legal Assistance,Restraining order paperwork assistance; referrals,,Los Angeles,CA,,US,323-721-9882,,,directory_only,user_provided,,
CA-SD-CASA-CORN,legal_aid,Legal | Immigration Legal Aid,Immigration legal services; DV advocacy,"525 B Street, Suite 1800",San Diego,CA,92101,US,619-231-7788,https://www.casacornelia.org/,,,Supports undocumented survivors,official_site,
CA-SD-ICWC,legal_aid,Legal | Immigration Services,Immigration legal services,"600 B St, Suite 2040",San Diego,CA,92101,US,619-515-2200,https://www.icwclaw.org/,,,,official_site,
CA-SD-SDVLP,legal_aid,Legal | Legal Aid,Restraining orders; family law; pro bono legal help,"110 W A Street, Suite 1100",San Diego,CA,92101,US,619-235-5656,https://www.sdvlp.org/,,,,official_site,
IN-GREENWOOD-LRC,Life Recovery Center FIRST Program,other,Intervention | Domestic Violence,Batterer intervention program,815 N Madison Ave,Greenwood,IN,46142,USA,317-887-3290,https://liferecoverycenter.org,,,,verified_web
IL-DESPLAINES-LIFESPAN,Life Span Des Plaines Office,domestic_violence,Multi-Service | Domestic Violence,Legal services; counseling; advocacy,P.O. Box 123,Des Plaines,IL,60017,USA,312-408-1210,https://life-span.org,,,,verified_web
WA-BEL-LIFEWIRE,LifeWire,domestic_violence,Multi-Service | Domestic Violence Support,Advocacy; counseling; prevention education; community outreach,PO Box 6398,Bellevue,WA,98008,USA,425-562-8840,https://www.lifewire.org,47.6101,-122.2015,,verified_web
GA-MARIETTA-LIVESAFE,LiveSafe Resources Inc.,housing_shelter,Shelter | Domestic Violence,Emergency shelter; counseling; legal advocacy; support groups; child advocacy,P.O. Box 1717,Marietta,GA,30061,USA,770-427-3390,https://livesaferesources.org,,,Confidential shelter; Multilingual services,verified_web
TX-HOU-LSLA,Lone Star Legal Aid Houston,legal_aid,Legal | Civil Legal Aid,Legal representation; family law; immigration; housing; benefits,1415 Fannin St,Houston,TX,77002,USA,713-652-0077,https://www.lonestarlegal.org,29.7516,-95.3645,,verified_web
AR-LONOKE-SAFEHAVEN,Lonoke County Safe Haven,housing_shelter,Shelter | Domestic Violence & Sexual Assault,Emergency shelter; court advocacy; outreach services,P.O. Box 1053,Cabot,AR,72023,US,501-941-4357,https://lonokecountysafehaven.org/,,,Includes thrift/outreach center,verified_web
DC-DC-LOVEHANDLES,Love By The Handles Inc.,domestic_violence,Multi-Service | Domestic Violence Support,Safety planning; financial literacy; workforce development; advocacy,PO Box 55233,Washington,DC,20040,USA,202-300-8191,,38.9072,-77.0369,,verified_web
OH-COL-CHOICES,LSS CHOICES for Victims of Domestic Violence,housing_shelter,Shelter | Domestic Violence,Shelter; crisis intervention; advocacy; support services,PO Box 06157,Columbus,OH,43206,USA,614-224-4663,https://lssnetworkofhope.org/choices,,,,"Confidential shelter,verified_web"
MD-COLUMBIA-LUMINUS,Luminus Network Inc.,legal_aid,Legal | Immigration Legal Aid,Immigration legal services; advocacy,8975 Guilford Rd Ste 170,Columbia,MD,21046,USA,410-992-1923,https://luminusnetwork.org,,,Serves immigrants,verified_web
MD-COL-LUMINUS,Luminus Network Inc.,legal_aid,Legal | Immigration Legal Aid,Immigration legal services; refugee support,13900 Laurel Lakes Ave Ste 100,Laurel,MD,20707,USA,410-992-1923,https://luminusnetwork.org,39.0958,-76.8483,,verified_web
PA-PHL-LSHBDVP,Lutheran Settlement House Bilingual Domestic Violence Program,domestic_violence,Counseling | Domestic Violence,Counseling; support groups; hotel placement; transitional housing; hotline collaboration,1340 Frankford Ave,Philadelphia,PA,19125,USA,215-426-8610,https://lutheransettlement.org,,,Multilingual services,verified_web
SD-SXF-LSS,Lutheran Social Services of South Dakota Refugee & Immigration Programs,legal_aid,Legal | Immigration Legal Aid,Immigration services; refugee support; VAWA; trafficking support,705 E 41st St Ste 200,Sioux Falls,SD,57105,USA,605-731-2000,https://lsssd.org,43.5149,-96.7170,Multilingual services,verified_web
MI-LIVONIA-MAI,Mai Family Services,domestic_violence,Counseling | Domestic Violence,Confidential counseling; case accompaniment; legal paperwork assistance; interpretation; transitional housing assistance,32401 W Eight Mile Rd,Livonia,MI,48152,USA,248-477-4985,https://maifs.org,,,Serves South Asian survivors; Multilingual services,verified_web
LA-NEWORLEANS-MCP,Mary Claire's Place,housing_shelter,Shelter | Domestic Violence,Crisis line; counseling; case management; child services,P.O. Box 56106,New Orleans,LA,70156,USA,504-866-9554,https://maryclairesplace.org,,,Confidential shelter,verified_web
MO-KC-MATTIERHODES,Mattie Rhodes Center Nuevo Dia,mental_health,Counseling | Mental Health,Case management; counseling; culturally specific services; BIP program,148 N Topping Ave,Kansas City,MO,64123,USA,816-471-2536,https://www.mattierhodes.org,39.1093,-94.5426,Serves Hispanic community; Multilingual services,verified_web
NC-CHA-MCCSS,Mecklenburg County Community Support Services,domestic_violence,Multi-Service | Domestic Violence Support,Prevention services; intervention; case management; support services,3205 Freedom Dr Ste 3000,Charlotte,NC,28208,USA,704-336-3210,https://www.mecknc.gov,35.2330,-80.8894,,verified_web
AK-ANC-MWC,Men and Women Center (MWC),other,Counseling | Batterer Intervention,Batterer intervention; anger management,1020 W International Airport Rd,Anchorage,AK,99518,US,907-272-4822,,,Focus on offenders,verified_web,
GA-ATL-MSV,Men Stopping Violence Inc.,other,Intervention | Violence Prevention,Batterer intervention; prevention programs,1020 DeKalb Ave NE Ste 4,Atlanta,GA,30307,USA,404-270-9894,https://menstoppingviolence.org,,,,verified_web
CA-RC-FOOTHILLS,mental_health,Counseling | Mental Health,Therapy; counseling,,Rancho Cucamonga,CA,,US,909-980-3567,,,,user_provided,,
CA-LB-HELPLINE,mental_health,Counseling | Youth & Family Services,Counseling; substance abuse; DV programs,,Long Beach,CA,,US,562-273-0722,https://helplineyouthcounseling.org,,,Sliding scale,user_provided,
CA-COV-FOOTHILL-FAM,mental_health,Counseling | Family Services,Family counseling; youth services,530 W Badillo St,Covina,CA,91722,US,626-993-3000,https://foothillfamily.org,,,,official_site,
CA-SD-LGBT,mental_health,Counseling | LGBTQ+ Services,Counseling; DV programs; youth services,3909 Centre St,San Diego,CA,92103,US,619-692-2077,https://thecentersd.org/,,,LGBTQ+ focus,official_site,
CA-SD-RCH-CHAD,mental_health,Healthcare | Child Trauma Services,Child abuse treatment; trauma counseling,"3020 Children's Way, MC 5016",San Diego,CA,92123,US,858-966-4011,https://www.rchsd.org/,,,,official_site,
AZ-MESA-FAC,Mesa Family Advocacy Center,other,Multi-Service | Family Violence Support,Forensic exams; advocacy; counseling,222 E Javelina Ave,Mesa,AZ,85210,US,480-644-4075,https://mesaaz.gov/residents/mesa-family-advocacy-center,,,Multi-agency collaboration,verified_web
LA-METAIRIE-METRO,Metro Centers for Community Advocacy,housing_shelter,Shelter | Domestic Violence,Shelter; advocacy; counseling; legal support; safety planning,P.O. Box 2332,Metairie,LA,70004,USA,504-837-5400,https://metrocenters.org,,,Confidential shelter,verified_web
TN-NAS-DA,Metro Nashville DA Victim Witness Coordinator,other,Victim Services | General Crime Victims,Victim advocacy; court support; case assistance,222 2nd Ave N,Nashville,TN,37201,USA,615-862-5500,https://da.nashville.gov,36.1656,-86.7828,,verified_web
IL-CHICAGO-MFS,Metropolitan Family Services Cook County,domestic_violence,Multi-Service | Domestic Violence,Counseling; advocacy; legal referrals; housing support,1 N Dearborn St,Chicago,IL,60602,USA,312-986-4000,https://www.metrofamily.org,,,,verified_web
MO-KC-MOCSA,Metropolitan Organization Countering Sexual Assault,sexual_assault,Crisis Center | Sexual Assault,Advocacy; medical accompaniment; legal accompaniment; counseling,3100 Broadway Blvd Ste 400,Kansas City,MO,64111,USA,816-531-0233,https://www.mocsa.org,39.0705,-94.5899,,verified_web
MA-FRAMINGHAM-METROWEST,MetroWest Legal Services,legal_aid,Legal | Civil Legal Aid,Legal advocacy; civil legal services,63 Fountain St Ste 304,Framingham,MA,01702,USA,800-696-1501,https://mwlegal.org,,,,verified_web
FL-MIAMI-SAFESPACE,Miami-Dade Community Action Safespace,household_shelter,Shelter | Domestic Violence,Emergency shelter; financial assistance; referrals,701 NW 1st Ct,Miami,FL,33136,USA,305-758-2546,https://www.miamidade.gov,,,Confidential shelter,verified_web
FL-FERNANDINA-MICAH,Micah's Place Inc.,housing_shelter,Shelter | Domestic Violence,Emergency shelter; hotline; counseling; legal advocacy; support groups,P.O. Box 572,Fernandina Beach,FL,32035,USA,904-225-9979,https://www.micahsplace.org,,,Confidential shelter,verified_web
WI-MIL-MWC,Milwaukee Women's Center,housing_shelter,Shelter | Domestic Violence,Shelter; counseling; addiction services; support services,728 N James Lovell St,Milwaukee,WI,53233,USA,414-671-6140,https://communityadvocates.net,43.0390,-87.9345,Confidential shelter,verified_web
MN-MINNEAPOLIS-MIWRC,Minnesota Indian Women's Resource Center,domestic_violence,Advocacy | Domestic Violence,Advocacy; cultural services; support,2300 15th Ave S,Minneapolis,MN,55404,USA,612-728-2000,https://www.miwrc.org,,,Serves Native communities,verified_web
IA-DESMOINES-MONSOON,Monsoon Asians and Pacific Islanders in Solidarity,domestic_violence,Multi-Service | Domestic Violence,Advocacy; case management; trafficking support; community outreach,1200 University Ave Ste 105,Des Moines,IA,50314,USA,866-881-4641,https://monsooniowa.org,,,Serves Asian & Pacific Islander communities,verified_web
MD-ROC-MCAPP,Montgomery County Abused Persons Program,housing_shelter,Shelter | Domestic Violence,Shelter; counseling; case management; advocacy; batterer intervention,1301 Piccard Dr,Rockville,MD,20850,USA,240-777-4673,https://www.montgomerycountymd.gov,39.1057,-77.1870,Confidential shelter,verified_web
TN-NAS-MORNINGSTAR,Morning Star Sanctuary (Agape),housing_shelter,Shelter | Domestic Violence,Shelter; hotline; counseling; support groups; legal advocacy,PO Box 290585,Nashville,TN,37229,USA,615-860-0003,https://agapenashville.org,36.1627,-86.7816,Confidential shelter,verified_web
GA-DECATUR-MOSAIC,Mosaic Georgia,sexual_assault,Crisis Center | Sexual Assault,Counseling; advocacy; sexual assault services,P.O. Box 132,Decatur,GA,30031,USA,866-900-6019,https://mosaicgeorgia.org,,,Multilingual services,verified_web
MS-JXN-MSCVP,MS Center for Violence Prevention,housing_shelter,Shelter | Domestic Violence,Shelter; human trafficking shelter; crisis support; hotline,120 N Congress St,Jackson,MS,39201,USA,800-266-4198,,32.2988,-90.1848,Confidential shelter,verified_web
FL-MIAMI-MUJER,MUJER Inc.,sexual_assault,Crisis Center | Sexual Assault,Counseling; support groups; therapy; advocacy,P.O. Box 350033,Miami,FL,33135,USA,305-763-2459,https://mujerfla.org,,,Multilingual services; Confidential shelter,verified_web
IL-CHICAGO-MUJERES,Mujeres Latinas en Accion,domestic_violence,Multi-Service | Domestic Violence,Counseling; advocacy; support services,2124 W 21st Pl,Chicago,IL,60608,USA,312-738-5358,https://mujereslatinasenaccion.org,,,Multilingual services,verified_web
MD-BALTIMORE-MUSLIMAT,Muslimat Al-Nissa,housing_shelter,Shelter | Domestic Violence,Shelter; counseling; support services,P.O. Box 10546,Baltimore,MD,21209,USA,410-466-8686,https://muslimatalnissa.org,,,Confidential shelter; Religious requirements,verified_web
SC-CHA-MSH,My Sister's House Inc.,housing_shelter,Shelter | Domestic Violence,Shelter; hotline; counseling; legal advocacy; court advocacy; housing assistance; transportation,PO Box 1027,North Charleston,SC,29405,USA,800-273-4673,https://www.mysistershouse.org,32.8546,-79.9748,Confidential shelter,verified_web
DC-DC-MSP,My Sister's Place DC,housing_shelter,Shelter | Domestic Violence,Shelter; case management; financial aid; career support,P.O. Box 29596,Washington,DC,20017,USA,202-540-1064,https://mysistersplacedc.org,,,Confidential shelter,verified_web
AZ-MESA-MSP,My Sisters' Place,housing_shelter,Shelter | Domestic Violence,Shelter; case management; life skills,P.O. Box 1252,Mesa,AZ,85211,US,480-821-1024,https://aNewLeaf.org/,,,Confidential shelter,verified_web
NY-WPL-MSP,My Sisters' Place,domestic_violence,Multi-Service | Domestic Violence Support,24-hour hotline; emergency shelter; advocacy; legal services; support for trafficking survivors,3 Barker Ave,White Plains,NY,10601,USA,800-298-7233,https://mspny.org,,,,",Confidential shelter,verified_web"
TX-HOU-NAM,NAM Family Violence Center,domestic_violence,Multi-Service | Domestic Violence Support,Hotline; counseling; case management; referrals; education programs,15555 Kuykendahl Rd,Houston,TX,77090,USA,281-885-4673,https://www.namonline.org,30.0125,-95.4315,,verified_web
ID-NAMPA-FJC,Nampa Family Justice Center,domestic_violence,Multi-Service | Domestic Violence,Advocacy; case management; legal assistance; safety planning,1305 3rd St S,Nampa,ID,83651,USA,208-475-5700,https://www.nampapolice.org/family-justice-center,,,Confidential services,verified_web
CA-OAK-NARIKA,NARIKA,domestic_violence,Advocacy | Culturally Specific DV Services,Helpline; advocacy; referrals,P.O. Box 14014,Berkeley,CA,94712,US,800-215-7308,https://narika.org/,,,South Asian focus,verified_web
TN-NAS-NPD,Nashville Police Domestic Violence Division,other,Victim Services | Domestic Violence Support,Counseling; advocacy; case management; transportation assistance; support groups,800 2nd Ave S,Nashville,TN,37210,USA,615-862-7773,https://www.nashville.gov,36.1600,-86.7680,,verified_web
NAT-NDVH-1,National Domestic Violence Hotline,domestic_violence,hotline,24/7 support; safety planning; referrals,,,,,US,1-800-799-7233,https://www.thehotline.org/,,,National hotline (US).,https://www.thehotline.org/
PA-PHL-NSC,Nationalities Service Center,other,Multi-Service | Immigrant Support,Case management; legal support; trafficking and DV services,1216 Arch St 4th Floor,Philadelphia,PA,19107,USA,215-893-8400,https://nscphila.org,,,Serves immigrants,verified_web
MI-DETROIT-NLSM,Neighborhood Legal Services Michigan,legal_aid,Legal | Domestic Violence,Legal aid; PPO paperwork; crime victim support; compensation claims; safety communications,7310 Woodward Ave Ste 301,Detroit,MI,48202,USA,313-964-1975,https://nlsmichigan.org,,,,verified_web
IL-CHICAGO-NL,Neopolitan Lighthouse,housing_shelter,Shelter | Domestic Violence,Shelter; counseling; advocacy,4236 W Roosevelt Rd,Chicago,IL,60624,USA,773-722-0005,https://nlighthouse.org,,,Confidential shelter,verified_web
GA-CLARKSTON-NAP,New American Pathways Women's Empowerment Program,domestic_violence,Multi-Service | Domestic Violence,Case management; counseling; advocacy,2300 Henderson Mill Rd NE Ste 110,Atlanta,GA,30345,USA,404-299-6099,https://newamericanpathways.org,,,Serves immigrants; Multilingual services,verified_web
WA-SEA-NEWBEGIN,New Beginnings,domestic_violence,Multi-Service | Domestic Violence Support,Hotline; advocacy; crisis support; referrals,PO Box 75125,Seattle,WA,98175,USA,206-737-0242,https://www.newbegin.org,47.6062,-122.3321,,verified_web
NH-MAN-CCNH,New Hampshire Catholic Charities,legal_aid,Legal | Immigration Legal Aid,Immigration services; VAWA assistance; trafficking support; T-visa assistance,100 William Loeb Dr Unit 3,Manchester,NH,03109,USA,603-669-3030,https://www.cc-nh.org,42.9501,-71.4389,,verified_web
NH-CON-NHLA,New Hampshire Legal Assistance - Concord,legal_aid,Legal | Civil Legal Aid,Civil legal aid; legal representation; advocacy,117 N State St,Concord,NH,03301,USA,800-921-1115,https://www.nhla.org,43.2084,-71.5370,,verified_web
NH-MAN-NHLA,New Hampshire Legal Assistance - Manchester,legal_aid,Legal | Civil Legal Aid,Civil legal aid; legal representation; advocacy,33 N Main St Ste 200,Manchester,NH,03101,USA,603-668-2900,https://www.nhla.org,42.9952,-71.4636,,verified_web
MA-ATT-NEWHOPE,New Hope Inc.,housing_shelter,Shelter | Domestic Violence,Hotline; shelter; counseling; advocacy; supervised visitation; housing stabilization,PO Box 448,Attleboro,MA,02703,USA,800-323-4673,https://www.new-hope.org,41.9445,-71.2856,Confidential shelter,verified_web
AZ-SURPRISE-NEWLIFE,New Life Center,housing_shelter,Shelter | Domestic Violence,Emergency shelter; DV/SA services,P.O. Box 5005,Goodyear,AZ,85338,US,623-932-4404,https://newlifectr.org/,,,Confidential shelter,verified_web
NM-ALB-NMAFC,New Mexico Asian Family Center,domestic_violence,Multi-Service | Culturally Specific Support,Advocacy; case management; community support; culturally specific services,128 Quincy St NE,Albuquerque,NM,87108,USA,505-717-2877,https://www.nmafc.org,35.0830,-106.5766,Serves Asian and Pacific Islander communities; Multilingual services,verified_web
NM-ALB-NMLA,New Mexico Legal Aid,legal_aid,Legal | Civil Legal Aid,Civil legal aid; legal representation; advocacy; statewide services,301 Gold Ave SW,Albuquerque,NM,87102,USA,877-974-3400,https://www.newmexicolegalaid.org,35.0844,-106.6504,,verified_web
NY-NYC-AVP,New York City Anti-Violence Project,domestic_violence,Multi-Service | Violence Intervention Support,Crisis intervention; case management; support groups; legal advocacy; court accompaniment,116 Nassau St 3rd Floor,New York,NY,10038,USA,212-714-1141,https://avp.org,,,,",Multilingual services; Serves LGBTQ+ survivors,verified_web"
MO-KC-NEWHOUSE,Newhouse,housing_shelter,Shelter | Domestic Violence,Shelter; counseling; supportive services; advocacy,PO Box 240019,Kansas City,MO,64124,USA,816-471-5800,https://www.newhousekc.org,39.1070,-94.5383,Confidential shelter,verified_web
VA-NNW-NNVU,Newport News Victim Services Unit,other,Victim Services | General Crime Victims,Victim advocacy; crisis support; court assistance; referrals,2501 Washington Ave,Newport News,VA,23607,USA,757-926-7443,https://www.nnva.gov,37.0179,-76.4460,,verified_web
UT-MUR-NEFA,No Excuse For Abuse (NEFA),other,Intervention Program | Batterer Intervention,Batterer intervention program,5663 S Redwood Rd,Murray,UT,84123,USA,801-262-1519,,40.6490,-111.9390,,verified_web
RI-PRO-NORAS,Nora's Haven,housing_shelter,Shelter | Domestic Violence,Shelter; housing; case management; basic needs support,PO Box 27435,Providence,RI,02907,USA,401-441-0011,https://www.norashaven.org,41.7897,-71.4147,Confidential shelter; Multilingual services,verified_web
VA-NOR-NCA,Norfolk Commonwealth's Attorney Victim/Witness Assistance Program,other,Victim Services | General Crime Victims,Victim advocacy; court support; case assistance; legal guidance,150 St Paul's Blvd,Norfolk,VA,23510,USA,757-664-4850,https://www.norfolk.gov,36.8512,-76.2859,,verified_web
CA-SF-NISA,North American Islamic Shelter for the Abused,housing_shelter,Shelter | Domestic Violence,Shelter; counseling; financial assistance,P.O. Box 926174,Houston,TX,77292,US,888-275-6472,https://nisahelpline.com/,,,Serves Bay Area; HQ mailing TX; confidential shelter,verified_web
VA-FAL-NVFS,Northern Virginia Family Service,domestic_violence,Multi-Service | Family Violence Support,Counseling; case management; legal services; support groups,10455 White Granite Dr Ste 100,Oakton,VA,22124,USA,571-748-2552,https://www.nvfs.org,38.8827,-77.3059,Multilingual services,verified_web
IL-ARLINGTON-NWCASA,Northwest Center Against Sexual Assault,sexual_assault,Crisis Center | Sexual Assault,Hotline; counseling; advocacy,P.O. Box 76,Arlington Heights,IL,60006,USA,888-802-8890,https://nwcasa.org,,,Multilingual services,verified_web
WA-SEA-NWFL,Northwest Family Life Learning and Counseling Center,domestic_violence,Multi-Service | Domestic Violence Support,Counseling; support groups; advocacy,12360 Lake City Way NE,Seattle,WA,98125,USA,206-363-9601,https://nwfamilylife.org,47.7176,-122.2960,Confidential shelter,verified_web
WA-SEA-NWIRP,Northwest Immigrant Rights Project,legal_aid,Legal | Immigration Legal Aid,Immigration legal services; VAWA; U-visa; T-visa; advocacy,615 2nd Ave Ste 400,Seattle,WA,98104,USA,800-445-5771,https://www.nwirp.org,47.6028,-122.3320,,verified_web
PA-JAM-NOVA,NOVA,sexual_assault,Crisis Center | Sexual Assault,Counseling; advocacy; crisis support; prevention education,2370 York Rd Ste B1,Jamison,PA,18929,USA,800-675-6900,https://www.novabucks.org,40.2556,-75.0869,,verified_web
NC-CHA-NOVA,NOVA New Options for Violent Actions,other,Intervention Program | Batterer Intervention,Batterer intervention program; behavioral change classes,429 Billingsley Rd Ste 106,Charlotte,NC,28211,USA,704-336-4344,,35.1906,-80.8006,,verified_web
VA-FFX-OAR,OAR of Fairfax County,other,Intervention Program | Batterer Intervention,Batterer intervention program; counseling,10640 Page Ave Ste 300,Fairfax,VA,22030,USA,703-246-3033,https://www.oarnova.org,38.8460,-77.3090,,verified_web
DC-DC-OSE,Operation Safe Escape,domestic_violence,Multi-Service | Domestic Violence Support,Advocacy; safety planning; emergency assistance; education,PO Box 56123,Washington,DC,20040,USA,866-997-7233,,38.9072,-77.0369,,verified_web
MD-BALTIMORE-OSE,Operation Safe Escape,other,Advocacy | Domestic Violence,Advocacy; safety planning; rescue support,P.O. Box 12062,Baltimore,MD,21281,USA,866-997-7233,https://operationsafeescape.org,,,,verified_web
OR-POR-OLC,Oregon Law Center - Portland,legal_aid,Legal | Civil Legal Aid,Legal assistance; restraining orders; housing; benefits advocacy,522 SW 5th Ave Ste 812,Portland,OR,97204,USA,503-473-8329,https://oregonlawcenter.org,45.5223,-122.6778,,verified_web
SC-CHA-ORIGIN,Origin SC,domestic_violence,Multi-Service | Domestic Violence Support,Group counseling; court advocacy; trauma-informed services,1801 Reynolds Ave,North Charleston,SC,29405,USA,843-628-3000,https://originsc.org,32.8542,-79.9740,,verified_web
LA-NEWORLEANS-OPDA,Orleans Parish District Attorney Office Victim Assistance,other,Advocacy | Crime Victim Support,Crisis counseling; safety planning; court advocacy; emergency assistance,619 S White St,New Orleans,LA,70119,USA,504-822-2414,https://orleansda.com,,,,verified_web
CA-OC-WAYMAK,other,Advocacy | Victim Services,Legal support; crisis intervention; shelter referrals,,Orange County,CA,,US,714-935-6175,https://waymakersoc.org,,,Main office address not confirmed from snippet,official_site,
CA-POM-FAMCTR,other,Counseling | Batterer Intervention,Intervention programs,,Pomona,CA,,US,626-966-1577,,,,user_provided,,
CA-SB-INLAND-NVR,other,Counseling | Batterer Programs,Anger management; prevention programs,,San Bernardino,CA,,US,909-556-0366,,,,user_provided,,
CA-OC-SHEEPFOLD,other,Shelter | Transitional Housing,Transitional housing for mothers and children,,Orange County,CA,,US,714-237-1444,https://thesheepfold.org,,,,user_provided,
CA-SD-FJC,other,Multi-Service | Family Violence Support,Legal help; advocacy; counseling; safety planning,"1122 Broadway, 2nd Floor",San Diego,CA,92101,US,619-533-6000,https://www.sandiego.gov/sandiegofamilyjusticecenter,,,Multi-language services,official_site,
CA-SD-CCS,other,Advocacy | Sexual Assault & DV Services,Rape crisis center; shelter; legal services; counseling,4508 Mission Bay Dr,San Diego,CA,92109,US,888-385-4657,https://www.ccssd.org/,,,,official_site,
MA-FAL-OSP,Our Sisters' Place,housing_shelter,Shelter | Domestic Violence,Shelter; counseling; hotline; parenting support; advocacy,PO Box 423,Fall River,MA,02722,USA,508-677-0224,https://ospri.org,41.7015,-71.1550,Confidential shelter,verified_web
MN-MINNEAPOLIS-OUTFRONT,OutFront Minnesota,other,Advocacy | LGBTQ+ Violence Support,Crisis intervention; advocacy; peer counseling; outreach; education,310 E 38th St Ste 209,Minneapolis,MN,55409,USA,612-822-0127,https://www.outfront.org,,,Serves LGBTQ+ community,verified_web
KS-NEWTON-OVM,OVM Inc Batterers Intervention Program,other,Intervention | Domestic Violence,Batterer intervention program; group sessions,1600 N Main St Ste 201,Newton,KS,67114,USA,316-283-2038,https://ovminc.org,,,,verified_web
CA-PACIFICA-PRC,Pacifica Resource Center / Tides Center,other,Advocacy | Basic Needs,Food; financial aid; referrals,1809 Palmetto Ave,Pacifica,CA,94044,US,650-738-7470,https://pacresourcecenter.org/,,,Community support org,verified_web
NY-PLA-PACT,PACT,other,Intervention Program | Batterer Intervention,Batterer intervention program; education based on Duluth Model,16 Court St Ste 201,Plattsburgh,NY,12901,USA,518-563-8293,,44.6995,-73.4529,,verified_web
OK-OKC-PALOMAR,Palomar OKC Family Justice Center,domestic_violence,Multi-Service | Family Violence Support,Case management; legal services; counseling; advocacy; crisis support,1010 N Hudson Ave,Oklahoma City,OK,73102,USA,405-552-1010,https://palomarokc.org,,,,",verified_web"
HI-HONOLULU-PACTFPC,Parents And Children Together Family Peace Center Oahu,domestic_violence,Multi-Service | Domestic Violence,Counseling; legal assistance; police coordination; outreach; childcare,1001 Bishop St Ste 970,Honolulu,HI,96813,USA,808-585-7944,https://pacthawaii.org,,,,verified_web
HI-HONOLULU-PACTOHIA,Parents And Children Together Ohia Domestic Violence Shelter,housing_shelter,Shelter | Domestic Violence,Emergency shelter; crisis response; safety planning; referrals,P.O. Box 561,Honolulu,HI,96808,USA,808-526-2200,https://pacthawaii.org,,,Confidential shelter,verified_web
VA-ARL-SHIFT,Partner SHIFT,other,Intervention Program | Batterer Intervention,Batterer intervention program; counseling,100 N Court House Rd Ste 101,Arlington,VA,22201,USA,703-228-0901,,38.8896,-77.0844,,verified_web
NJ-BLO-PFWJ,Partners for Women and Justice,legal_aid,Legal | Domestic Violence Legal Aid,Legal advocacy; representation; court accompaniment; restraining order assistance,650 Bloomfield Ave Ste 209,Bloomfield,NJ,07003,USA,973-233-0111,https://partnersnj.org,,,,"Multilingual services,verified_web"
GA-ATL-PADV,Partnership Against Domestic Violence Atlanta,housing_shelter,Shelter | Domestic Violence,Shelter; counseling; legal advocacy; support groups; case management,P.O. Box 170225,Atlanta,GA,30317,USA,404-873-1766,https://padv.org,,,Confidential shelter,verified_web
WI-MIL-PATH,Pathfinders,housing_shelter,Shelter | Youth Shelter,Youth shelter; housing; mental health; advocacy; outreach,4200 N Holton St,Milwaukee,WI,53212,USA,414-964-2565,https://www.pathfindersmke.org,43.0920,-87.9063,,verified_web
WI-MIL-PATHY,Pathfinders Youth Shelter,housing_shelter,Shelter | Youth Shelter,Youth shelter; crisis counseling; advocacy,1614 E Kane Pl,Milwaukee,WI,53202,USA,414-271-1560,https://www.pathfindersmke.org,43.0523,-87.8896,,verified_web
UT-TOO-PATHWAYS,Pathways Domestic Violence Shelter,housing_shelter,Shelter | Domestic Violence,Shelter; advocacy; legal support; counseling; support groups; referrals,PO Box 541,Tooele,UT,84074,USA,435-231-3557,https://www.pathwaysutah.org,40.5308,-112.2983,Confidential shelter,verified_web
UT-PAR-PEACEHOUSE,Peace House Community Campus,housing_shelter,Shelter | Domestic Violence,Shelter; counseling; advocacy; prevention education; housing support,700 Round Valley Dr,Park City,UT,84060,USA,800-647-9161,https://peacehouse.org,40.6461,-111.4979,Confidential shelter,verified_web
NC-CHA-BAITUL,Penny Appeal USA Baitul Hemayah Shelter,housing_shelter,Shelter | Domestic Violence,Shelter; case management; counseling; support services,PO Box 220933,Charlotte,NC,28222,USA,980-498-0492,https://pennyappealusa.org,35.2271,-80.8431,Confidential shelter,verified_web
MN-EAGAN-PEOPLEINC,People Incorporated,mental_health,Counseling | Domestic Violence,Counseling; anger management; abuse intervention,2060 Centre Pointe Blvd,Eagan,MN,55121,USA,952-432-4145,https://www.peopleincorporated.org,,,,verified_web
PA-PHL-PLA,Philadelphia Legal Assistance,legal_aid,Legal | Civil Legal Aid,Family law; protection orders; custody; public benefits; housing,718 Arch St Ste 300N,Philadelphia,PA,19106,USA,215-981-3800,https://philalegal.org,,,,verified_web
AZ-PHX-FAC,Phoenix Family Advocacy Center,other,Multi-Service | Family Violence Support,Safety planning; legal help; advocacy,"2120 N Central Ave, Suite 250",Phoenix,AZ,85004,US,888-246-0303,https://phoenix.gov/humanservices/familyadvocacycenter,,,City-operated center,verified_web
IL-LAGRANGE-PILLARS,Pillars Community Health,housing_shelter,Shelter | Domestic Violence,Shelter; counseling; legal advocacy,P.O. Box 937,La Grange,IL,60525,USA,708-485-5254,https://pillarscommunityhealth.org,,,Confidential shelter,verified_web
IL-CHICAGO-PAA,Polish American Association Domestic Violence Program,domestic_violence,Counseling | Domestic Violence,Counseling; advocacy; bilingual services,3834 N Cicero Ave,Chicago,IL,60641,USA,773-767-7773,https://polish.org,,,Multilingual services,verified_web
IA-DESMOINES-PCAS,Polk County Crisis and Advocacy Services,sexual_assault,Crisis Center | Sexual Assault,Crisis intervention; legal advocacy; court accompaniment,2309 Euclid Ave,Des Moines,IA,50310,USA,515-286-3535,https://www.polkcountyiowa.gov,,,Multilingual services,verified_web
MA-MEDFORD-PORTAL,Portal to Hope,domestic_violence,Multi-Service | Domestic Violence,Counseling; advocacy; referrals,P.O. Box 1154,Medford,MA,02155,USA,781-338-7678,https://portaltohope.org,,,,verified_web
IN-NOBLESVILLE-PREVAIL,Prevail Inc.,domestic_violence,Advocacy | Domestic Violence,Advocacy; court accompaniment; protection orders; support groups,1100 S 9th St,Noblesville,IN,46060,USA,317-776-3472,https://prevailinc.org,,,,verified_web
RI-CEN-PROGRESO,Progreso Latino,domestic_violence,Multi-Service | Domestic Violence Support,Advocacy; case management; counseling; support services,626 Broad St,Central Falls,RI,02863,USA,401-728-5920,https://progresolatino.org,41.8906,-71.3923,Serves Latino community; Multilingual services,verified_web
GA-CONYERS-RENEWAL,Project ReNeWal Domestic Violence Intervention Program,housing_shelter,Shelter | Domestic Violence,Emergency shelter; counseling; advocacy,P.O. Box 1482,Conyers,GA,30012,USA,770-860-1666,https://projectrenewalinc.org,,,Confidential shelter,verified_web
LA-NEWORLEANS-SAVE,Project SAVE Catholic Charities New Orleans,legal_aid,Legal | Domestic Violence,Legal representation; protective orders,1000 Howard Ave Ste 200,New Orleans,LA,70113,USA,504-310-6872,https://ccano.org,,,,verified_web
GA-GRIFFIN-PROMISE,Promise Place,housing_shelter,Shelter | Domestic Violence,Shelter; advocacy; counseling,P.O. Box 832,Griffin,GA,30224,USA,866-780-3718,https://promiseplace.org,,,Confidential shelter,verified_web
NJ-MOU-PROVIDENCE,Providence House Domestic Violence Services,housing_shelter,Shelter | Domestic Violence,Shelter; counseling; advocacy; education,PO Box 127,Burlington,NJ,08016,USA,877-871-7551,https://www.catholiccharitiestrenton.org,40.0718,-74.8646,Confidential shelter,verified_web
WV-WIN-PDRC,Putnam Day Report Center,other,Intervention Program | Batterer Intervention,Batterer intervention program; correctional services,100 Main St,Winfield,WV,25213,USA,304-204-1406,,38.5312,-81.8932,,verified_web
FL-GREENCOVE-QUIGLEY,Quigley House Inc.,housing_shelter,Shelter | Domestic Violence,Emergency shelter; hotline; counseling; advocacy,P.O. Box 189,Green Cove Springs,FL,32043,USA,904-284-0061,https://www.quigleyhouse.org,,,Confidential shelter,verified_web
IN-HAMMOND-RAINBOW,Rainbow Ark Shelter,housing_shelter,Shelter | Domestic Violence,Emergency shelter; trauma care; respite services,P.O. Box 1313,Hammond,IN,46325,USA,219-886-1600,https://rainbowarkshelter.org,,,Confidential shelter,verified_web
CA-CONTRACOSTA-RCC,Rainbow Community Center,domestic_violence,Advocacy | LGBTQ+ Services,Support programs; DV collaboration,"2118 Willow Pass Rd, Suite 500",Concord,CA,94520,US,925-692-0090,https://rainbowcc.org/,,,LGBTQ+ support,verified_web
GA-ATL-RAKSHA,Raksha Inc.,domestic_violence,Counseling | Domestic Violence,Counseling; support groups; legal advocacy; case management,P.O. Box 12337,Atlanta,GA,30355,USA,866-725-7423,https://raksha.org,,,Serves South Asian community; Multilingual,verified_web
ND-FAR-RACC,Rape and Abuse Crisis Center of Fargo-Moorhead,domestic_violence,Multi-Service | Family Violence Support,Crisis intervention; counseling; advocacy; education; supervised visitation; safe exchange services,317 8th St S,Fargo,ND,58103,USA,800-344-7273,https://www.raccfm.com,46.8721,-96.7898,,verified_web
NM-ALB-RCCNM,Rape Crisis Center of Central New Mexico,sexual_assault,Crisis Center | Sexual Assault,Hotline; counseling; advocacy; sexual assault support,9741 Candelaria Rd NE,Albuquerque,NM,87112,USA,505-266-7711,https://www.rapecrisiscnm.org,35.1095,-106.5292,,verified_web
CA-SANMATEO-RTS,Rape Trauma Services (San Mateo County),sexual_assault,Advocacy | Sexual Assault Services,Counseling; advocacy; prevention,"1528 S El Camino Real, Suite 102",San Mateo,CA,94402,US,650-692-7273,https://rapetraumaservices.org/,,,Specialized SA services,verified_web
IL-CHICAGO-RVA,Rape Victim Advocates,sexual_assault,Crisis Center | Sexual Assault,Crisis intervention; counseling; advocacy,180 N Michigan Ave Ste 600,Chicago,IL,60601,USA,888-293-2080,https://rapevictimadvocates.org,,,,verified_web
OR-POR-RAPHAEL,Raphael House of Portland,housing_shelter,Shelter | Domestic Violence,Emergency shelter; advocacy; support services,PO Box 46610,Portland,OR,97296,USA,503-222-6222,https://raphaelhouse.com,45.5152,-122.6784,Confidential shelter,verified_web
MA-WALTHAM-REACH,REACH Beyond Domestic Violence,housing_shelter,Shelter | Domestic Violence,Shelter; advocacy; counseling; hotline,P.O. Box 540774,Waltham,MA,02454,USA,800-899-4000,https://reachma.org,,,Confidential shelter,verified_web
NH-MAN-REACH,REACH Crisis Services,housing_shelter,Shelter | Domestic Violence,Shelter; hotline; advocacy; emotional support; crisis intervention,PO Box 277,Manchester,NH,03105,USA,603-668-2299,https://www.reachnh.org,42.9956,-71.4548,Confidential shelter,verified_web
WA-TAC-REBUILDHOPE,Rebuilding Hope Sexual Assault Center,sexual_assault,Crisis Center | Sexual Assault,Hotline; counseling; advocacy; sexual assault services,101 E 26th St,Tacoma,WA,98421,USA,800-756-7273,https://sexualassaultcenter.com,47.2372,-122.4269,,verified_web
WA-SEA-REWA,Refugee Women's Alliance,domestic_violence,Multi-Service | Immigrant Support,Case management; advocacy; culturally specific services,4008 Martin Luther King Jr Way S,Seattle,WA,98108,USA,206-721-0243,https://www.rewa.org,47.5663,-122.2930,Serves immigrant and refugee communities; Multilingual services,verified_web
MA-BOSTON-RENEWAL,Renewal House,housing_shelter,Shelter | Domestic Violence,Emergency shelter; support groups; advocacy,P.O. Box 230799,Boston,MA,02123,USA,617-566-6881,https://renewalhouse.org,,,Confidential shelter,verified_web
UT-BOU-RESOLUTIONS,Resolutions Inc.,mental_health,Counseling | Mental Health,Counseling; therapy; telehealth services,445 S Main St,Bountiful,UT,84010,USA,801-298-5222,https://resolutionsutah.com,40.8844,-111.8808,,verified_web
MA-SOMERVILLE-RESPOND,RESPOND Inc.,housing_shelter,Shelter | Domestic Violence,Shelter; advocacy; prevention; counseling,P.O. Box 555,Somerville,MA,02143,USA,617-625-5996,https://respondinc.org,,,Confidential shelter,verified_web
CA-ALAMEDA-RESTORATIVE,Restorative Pathways,housing_shelter,Shelter | Domestic Violence & Trafficking,Shelter; advocacy; support services,P.O. Box 21153,Oakland,CA,94620,US,888-339-7233,https://restorativepathways.org/,,,Confidential shelter,verified_web
UT-MON-RAW,Restoring Ancestral Winds Native Helpline,domestic_violence,Multi-Service | Indigenous Support,Crisis intervention; safety planning; referrals; advocacy; education,PO Box 156,Montezuma Creek,UT,84534,USA,435-356-6161,https://www.rawhelpline.org,37.2667,-109.2667,Serves Indigenous communities,verified_web
RI-PRO-RIBIP,Rhode Island Batterer Intervention Program,other,Intervention Program | Batterer Intervention,Batterer intervention program; counseling,1 Regency Plaza Ste 302,Providence,RI,02903,USA,401-275-5030,,41.8219,-71.4240,,verified_web
RI-PRO-RILS,Rhode Island Legal Services Inc.,legal_aid,Legal | Civil Legal Aid,Legal representation; civil legal aid; advocacy,56 Pine St Ste 400,Providence,RI,02903,USA,401-274-2652,https://www.rils.org,41.8234,-71.4128,Multilingual services,verified_web
CA-SF-RILEY,Riley Center (St. Vincent de Paul),housing_shelter,Shelter | Domestic Violence,Shelter; legal aid; case management,1175 Howard St,San Francisco,CA,94103,US,415-255-0165,https://svdp-sf.org/what-we-do/riley-center/,,,Comprehensive services,verified_web
NM-RR-RRFHC,Rio Rancho Family Health Center,mental_health,Counseling | Mental Health,Medical care; mental health services; counseling; substance abuse treatment; anger management,1200 Unser Blvd SE,Rio Rancho,NM,87124,USA,505-896-0928,,35.2328,-106.6630,,verified_web
NM-RR-RRPDVS,Rio Rancho Police Department Crime Victim Assistance Unit,other,Victim Services | General Crime Victims,Crisis response; victim advocacy; referrals; emergency assistance,500 Quantum Rd NE,Rio Rancho,NM,87124,USA,505-891-5851,,35.2695,-106.6645,,verified_web
AR-STATE-RISE,Rise,housing_shelter,Shelter | Domestic Violence & Sexual Assault,Shelter; sexual assault recovery; advocacy; support groups,P.O. Box 5661,Jonesboro,AR,72403,US,866-358-2265,https://riseadvocacycenter.org/,,,Regional service provider,verified_web
MO-KC-ROSEBROOKS,Rose Brooks Center,housing_shelter,Shelter | Domestic Violence,Shelter; counseling; pet shelter; advocacy,PO Box 320599,Kansas City,MO,64132,USA,816-861-6100,https://www.rosebrooks.org,39.0119,-94.5403,Confidential shelter; Pet-friendly shelter,verified_web
FL-MIAMI-RTC,Roxcy Bolton Rape Treatment Center,sexual_assault,Crisis Center | Sexual Assault,24/7 crisis care; medical services; counseling,1611 NW 12th Ave,Miami,FL,33136,USA,305-585-7273,https://jacksonhealth.org/rape-treatment-center,,,Multilingual services,verified_web
NV-HEN-SAFEHOUSE,S.A.F.E. House Inc.,housing_shelter,Shelter | Domestic Violence,Shelter; hotline; counseling; legal advocacy; support groups,921 American Pacific Dr,Henderson,NV,89014,USA,702-564-3227,https://safehousenv.org,36.0677,-115.0460,Confidential shelter; Multilingual services,verified_web
NV-HEN-SAFEHOUSE2,S.A.F.E. House Inc.,housing_shelter,Shelter | Domestic Violence,Shelter; hotline; advocacy; counseling; education,921 American Pacific Dr,Henderson,NV,89014,USA,702-451-4203,https://safehousenv.org,36.0677,-115.0460,Confidential shelter,verified_web
GA-DOUGLASVILLE-SHARE,S.H.A.R.E. House Inc.,housing_shelter,Shelter | Domestic Violence,Shelter; counseling; advocacy,P.O. Box 248,Douglasville,GA,30133,USA,770-489-7513,https://www.sharehousedouglas.org,,,Confidential shelter,verified_web
NC-CHA-SAFEALLIANCE,Safe Alliance,housing_shelter,Shelter | Domestic Violence,Shelter; counseling; advocacy; legal services; court program,PO Box 11438,Charlotte,NC,28220,USA,980-771-4673,https://www.safealliance.org,35.2271,-80.8431,Confidential shelter,verified_web
CA-FREMONT-SAVE,Safe Alternatives to Violent Environments (SAVE),housing_shelter,Shelter | Domestic Violence,Shelter; counseling; legal advocacy; hotline,"1900 Mowry Ave, Suite 201",Fremont,CA,94538,US,510-794-6055,https://save-dv.org/,,,24-hour crisis line available,verified_web
UT-LAY-SAFEHARBOR,Safe Harbor Crisis Center,housing_shelter,Shelter | Domestic Violence,Shelter; advocacy; counseling; education; crisis support,PO Box 658,Layton,UT,84041,USA,801-444-9161,https://safeharborhope.org,41.0602,-111.9711,Confidential shelter,verified_web
GA-ATL-SAFEHAVEN,Safe Haven Transitional, housing_shelter,Transitional Housing | Domestic Violence,Transitional housing; counseling; legal advocacy,P.O. Box 5587,Atlanta,GA,30307,USA,404-241-8740,https://safehaventransitional.org,,,Confidential shelter,verified_web
NY-BRK-SAFEHOMES,Safe Homes Project,domestic_violence,Multi-Service | Domestic Violence Support,Hotline; counseling; safety planning; shelter; training; education,PO Box 429 Van Brunt Station,Brooklyn,NY,11215,USA,718-499-2151,https://goodshepherds.org/program/safe-homes/,,,,"Multilingual services; Serves LGBTQ+ survivors and youth,verified_web"
NM-ALB-SAFEHOUSE,SAFE House,housing_shelter,Shelter | Domestic Violence,Shelter; crisis intervention; advocacy; multilingual services,PO Box 25363,Albuquerque,NM,87125,USA,505-247-4219,,35.0844,-106.6504,Confidential shelter; Multilingual services,verified_web
NV-LV-SAFENEST,Safe Nest,domestic_violence,Shelter | Domestic Violence,Shelter; crisis intervention; counseling; legal advocacy; support groups; batterer intervention,3900 Meadows Ln Ste 200,Las Vegas,NV,89107,USA,702-646-4981,https://safenest.org,36.1720,-115.1985,Multilingual services,verified_web
NC-HEN-SAFEPASSAGE,Safe Passage,housing_shelter,Shelter | Domestic Violence,Shelter; counseling; advocacy; support services,PO Box 1148,Hendersonville,NC,28793,USA,800-659-0977,https://www.safepassagenc.org,35.3187,-82.4609,Confidential shelter,verified_web
KS-OP-SAFEHOME,Safehome Inc.,housing_shelter,Shelter | Domestic Violence,Shelter; counseling; legal advocacy; court support; community programs,PO Box 4563,Overland Park,KS,66204,USA,913-262-2868,https://www.safehome-ks.org,38.9822,-94.6708,Confidential shelter,verified_web
KS-NWKS-SAFEHOPE,Safehope,housing_shelter,Shelter | Domestic Violence,Crisis intervention; shelter; advocacy; support services,P.O. Box 456,Colby,KS,67701,USA,800-487-0510,https://safehopeks.org,,,Confidential shelter,verified_web
WY-CHE-SAFEHOUSE,Safehouse Services Inc.,housing_shelter,Shelter | Domestic Violence,Shelter; safety planning; legal advocacy; court accompaniment; housing assistance; protection order assistance,PO Box 2310,Cheyenne,WY,82003,USA,307-637-7233,https://www.safehousecheyenne.org,41.1400,-104.8202,Confidential shelter,verified_web
CA-FAIRFIELD-SAFEQUEST,SafeQuest Solano,housing_shelter,Shelter | DV & Sexual Assault,Crisis line; shelter; advocacy; court support,1900 Pennsylvania Ave,Fairfield,CA,94533,US,866-487-7233,https://safequestsolano.org/,,,Multilingual services,verified_web
VT-BUR-SAFESPACE,SafeSpace Anti-Violence Program,domestic_violence,Multi-Service | LGBTQ Violence Support,Advocacy; referrals; crisis support; community education,255 S Champlain St,Burlington,VT,05401,USA,802-860-7812,https://www.pridecentervt.org,44.4722,-73.2136,Serves LGBTQ+ community,verified_web
MA-BOSTON-SAHELI,Saheli Boston,domestic_violence,Advocacy | Domestic Violence,Advocacy; support; legal referrals,P.O. Box 600131,Newton,MA,02460,USA,866-472-4354,https://saheliboston.org,,,Serves South Asian community,verified_web
NY-NYC-SAKHI,Sakhi for South Asian Women,domestic_violence,Multi-Service | Culturally Specific Domestic Violence Support,Crisis intervention; mental health counseling; housing support; advocacy; helpline,PO Box 1333 Church Street Station,New York,NY,10008,USA,212-868-6741,https://sakhi.org,,,,",Serves South Asian survivors; Multilingual services,verified_web"
NJ-SALEM-SCWS,Salem County Women's Services Inc.,housing_shelter,Shelter | Domestic Violence,Shelter; counseling; advocacy; sexual assault services,P.O. Box 368,Salem,NJ,08079,USA,856-935-6655,https://www.scwsnj.org,,,Confidential shelter,verified_web
AR-BENTON-SAFEHAVEN,Saline County Safe Haven,housing_shelter,Shelter | Domestic Violence & Trafficking,Emergency shelter; advocacy; resource hub,P.O. Box 235,Benton,AR,72018,US,501-315-7233,https://salinecountysafehaven.org/,,,Confidential shelter,verified_web
IN-INDY-SALVATION,Salvation Army Social Services Women Center,housing_shelter,Shelter | Domestic Violence,Shelter; housing; support services,540 N Alabama St,Indianapolis,IN,46204,USA,317-637-5551,https://centralusa.salvationarmy.org/indiana,,,,verified_web
OR-POR-SALVATION,Salvation Army West Women's and Children's Shelter,housing_shelter,Shelter | Domestic Violence,Shelter; transitional housing; children's program,PO Box 14930,Portland,OR,97293,USA,503-731-3900,https://portland.salvationarmy.org,,Confidential shelter,verified_web,
VA-VAB-SAMARITAN,Samaritan House,housing_shelter,Shelter | Domestic Violence,Shelter; crisis intervention; counseling; housing assistance; trafficking support,PO Box 2400,Virginia Beach,VA,23450,USA,757-430-2120,https://samaritanhouseva.org,36.8529,-75.9780,Confidential shelter,verified_web
CA-SF-DA-VSD,San Francisco District Attorney - Victim Services,other,Advocacy | Victim Services,Victim advocacy; compensation assistance,"350 Rhode Island St, Suite 400N",San Francisco,CA,94103,US,628-652-4100,https://sfdistrictattorney.org/,,,Marsy's Law support,verified_web
CA-SF-SFWAR,San Francisco Women Against Rape,sexual_assault,Advocacy | Sexual Assault Services,Advocacy; education; survivor support,"3543 18th St, Suite 7",San Francisco,CA,94110,US,415-647-7273,https://sfwar.org/,,,Community-based org,verified_web
CA-SANMATEO-VICTIM,San Mateo County Victim Center,other,Advocacy | Victim Services,Crisis intervention; compensation help; referrals,"400 County Center, 3rd Floor",Redwood City,CA,94063,US,650-363-4636,https://smcgov.org/da/victim-services,,,County-operated center,verified_web
NY-NYC-SANCTUARY,Sanctuary for Families,domestic_violence,Multi-Service | Gender Violence Support,Shelter; counseling; advocacy; legal services; community education,PO Box 1406 Wall Street Station,New York,NY,10268,USA,212-349-6009,https://sanctuaryforfamilies.org,,,,",verified_web"
IL-OAKPARK-SARAH,Sarah's Inn,domestic_violence,Multi-Service | Domestic Violence,Counseling; advocacy; support services,P.O. Box 939,Oak Park,IL,60303,USA,708-386-4225,https://www.sarahsinn.org,,,,verified_web
GA-ATL-SCARSOF,Scars of Survival Inc.,other,Advocacy | Violence Prevention,Prevention education; awareness; survivor support,P.O. Box 921,Conyers,GA,30012,USA,470-887-0322,https://www.scarsofsurvival.org,,,,verified_web
WA-SEA-SIHB,Seattle Indian Health Board,domestic_violence,Multi-Service | Indigenous Support,Counseling; advocacy; support services,611 12th Ave S,Seattle,WA,98144,USA,206-324-9360,https://www.sihb.org,47.5965,-122.3165,Serves Indigenous communities,verified_web
CA-FREMONT-SECOND,Second Chance Inc.,domestic_violence,Counseling | DV Recovery,Support services; recovery programs,6330 Thornton Ave,Newark,CA,94560,US,510-792-4357,,,Women's recovery focus,verified_web,
UT-SLC-SEGO,Sego Lily Center for the Abused Deaf,domestic_violence,Multi-Service | Disability Support,Advocacy; counseling; support services for Deaf survivors,PO Box 57324,Salt Lake City,UT,84157,USA,801-590-4920,https://slcad.org,40.7608,-111.8910,Serves Deaf and hard-of-hearing communities,verified_web
NJ-WDB-SERV,SERV Gloucester County,housing_shelter,Shelter | Domestic Violence,Shelter; counseling; legal advocacy; crisis intervention; support groups,PO Box 539,Wenonah,NJ,08090,USA,866-295-7378,https://www.centerffs.org,39.7921,-75.1493,Confidential shelter; Multilingual services,verified_web
NJ-SEWELL-SERV,SERV Gloucester County Inc.,housing_shelter,Shelter | Domestic Violence,Shelter; counseling; advocacy; crisis intervention; Spanish services,P.O. Box 130,Sewell,NJ,08080,USA,866-295-7378,https://www.centerffs.org/serv,,,Confidential shelter; Multilingual services,verified_web
MN-BROOKLYNPARK-SEWA,SEWA-AIFW,domestic_violence,Advocacy | Domestic Violence,Advocacy; counseling; healthcare support,7970 Brooklyn Blvd,Brooklyn Park,MN,55445,USA,763-205-9873,https://sewa-aifw.org,,,Serves South Asian community,verified_web
HI-HONOLULU-SATC,Sex Abuse Treatment Center,sexual_assault,Crisis Center | Sexual Assault,24/7 crisis care; medical exams; counseling; legal support,1319 Punahou St Ste 1030,Honolulu,HI,96826,USA,808-524-7273,https://www.hawaiipacifichealth.org/satc,,,,verified_web
TN-NAS-SAC,Sexual Assault Center,sexual_assault,Crisis Center | Sexual Assault,Hotline; counseling; hospital accompaniment; prevention education,101 French Landing Dr,Nashville,TN,37228,USA,866-811-7473,https://sacenter.org,36.1770,-86.8000,,verified_web
OR-HIL-SARC,Sexual Assault Resource Center,sexual_assault,Crisis Center | Sexual Assault,Hotline; advocacy; medical accompaniment; crisis response,4900 SW Griffith Dr Ste 135,Beaverton,OR,97005,USA,503-640-5311,https://sarcoregon.org,45.4870,-122.7900,,verified_web
OH-COL-SARNCO,Sexual Assault Response Network of Central Ohio (SARNCO),sexual_assault,Crisis Center | Sexual Assault,Hotline; advocacy; prevention education; crisis support,PO Box 16038,Columbus,OH,43216,USA,614-267-7020,https://www.ohiohealth.com/sarnco,,,,",verified_web"
ME-PORTLAND-SARS,Sexual Assault Response Services of Southern Maine,sexual_assault,Crisis Center | Sexual Assault,24-hour hotline; advocacy; counseling; hospital accompaniment; legal accompaniment,P.O. Box 1375,Portland,ME,04104,USA,207-828-1035,https://www.sarssm.org,,,,verified_web
MD-BELAIR-SARC,Sexual Assault Spouse Abuse Resource Center,housing_shelter,Shelter | Domestic Violence,Shelter; hotline; counseling; legal advocacy; education,P.O. Box 878,Bel Air,MD,21014,USA,410-836-8430,https://sarcmd.org,,,Confidential shelter,verified_web
ME-BRUNSWICK-SASSMM,Sexual Assault Support Services of Midcoast Maine,sexual_assault,Crisis Center | Sexual Assault,Advocacy; counseling; prevention education; support services,P.O. Box 990,Brunswick,ME,04011,USA,800-871-7741,https://www.sassmm.org,,,,verified_web
MN-MINNEAPOLIS-SVC,Sexual Violence Center Minneapolis,sexual_assault,Crisis Center | Sexual Assault,Hotline; counseling; advocacy; support groups,2751 Hennepin Ave,Minneapolis,MN,55408,USA,612-871-5111,https://sexualviolencecenter.org,,,,verified_web
CA-RIV-NORA,sexual_assault,Advocacy | Sexual Assault Services,Hotline; legal advocacy; hospital accompaniment,,Riverside,CA,,US,866-686-7273,,,Spanish available,user_provided,,
CA-POM-PROJ-SIS,sexual_assault,Counseling | Sexual Assault Services,Counseling for assault survivors,,Pomona,CA,,US,909-626-4357,,,,user_provided,,
CA-OAK-SHALOM,Shalom Bayit,domestic_violence,Advocacy | DV Prevention,Counseling; education; prevention,P.O. Box 32236,Oakland,CA,94604,US,866-742-5667,https://shalom-bayit.org/,,,Jewish community focus,verified_web
GA-ATL-SHALOM,Shalom Bayit Program Jewish Family & Career Services,mental_health,Counseling | Domestic Violence,Counseling; therapy; support groups,4549 Chamblee Dunwoody Rd,Atlanta,GA,30338,USA,770-677-9300,https://jfcsatl.org,,,,verified_web
IL-CHICAGO-SHALVA,SHALVA,domestic_violence,Counseling | Domestic Violence,Counseling; hotline; legal advocacy; financial assistance,P.O. Box 657,Chicago,IL,60690,USA,773-583-4673,https://shalvacares.org,,,Serves Jewish community,verified_web
VA-RES-SHELTERHOUSE,Shelter House,housing_shelter,Shelter | Domestic Violence,Shelter; counseling; legal advocacy; support groups; crisis intervention,PO Box 2410,Reston,VA,20195,USA,703-435-4940,https://www.shelterhouse.org,38.9586,-77.3570,Confidential shelter; Multilingual services,verified_web
IN-DANVILLE-SWINGS,Sheltering Wings,housing_shelter,Shelter | Domestic Violence,Emergency shelter; hotline; safety planning; legal advocacy; support groups,P.O. Box 92,Danville,IN,46122,USA,317-745-1496,https://shelteringwings.org,,,Confidential shelter,verified_web
TX-HOU-SHIFA,Shifa Women's Center,housing_shelter,Shelter | Domestic Violence,Shelter; counseling; case management; support groups; basic needs,PO Box 92122,Houston,TX,77272,USA,832-808-2255,https://shifaservices.org,29.7604,-95.3698,Confidential shelter; Multilingual services,verified_web
MD-BALTIMORE-SINAI,Sinai Hospital Family Violence Program,mental_health,Counseling | Domestic Violence,Counseling; crisis intervention; support groups,2401 W Belvedere Ave,Baltimore,MD,21215,USA,410-601-8692,https://lifebridgehealth.org,,,,verified_web
OR-POR-SOSS,Slavic Oregon Social Services (SOSS),domestic_violence,Multi-Service | Domestic Violence Support,Crisis intervention; case management; legal advocacy; housing assistance; financial assistance; counseling,9845 SE Division St,Portland,OR,97266,USA,503-777-3437,https://soss-pdx.org,45.5054,-122.5610,Multilingual services,verified_web
AZ-PHX-SOJOURNER,Sojourner Center,housing_shelter,Shelter | Domestic Violence,Shelter; counseling; child services; advocacy,2330 E Fillmore St,Phoenix,AZ,85006,US,602-244-0089,https://sojournercenter.org/,,,Large DV shelter provider,verified_web
MN-HOPKINS-SOJOURNER,Sojourner Community Advocacy Program,housing_shelter,Shelter | Domestic Violence,Shelter; legal advocacy; support services; education,P.O. Box 272,Hopkins,MN,55343,USA,952-933-7422,https://www.sojournerproject.org,,,Confidential shelter,verified_web
WI-MIL-SOJOURNER,Sojourner Family Peace Center,housing_shelter,Shelter | Domestic Violence,Shelter; hotline; advocacy; support groups; legal assistance,619 W Walnut St,Milwaukee,WI,53212,USA,414-933-2722,https://familypeacecenter.org,43.0545,-87.9170,Confidential shelter,verified_web
RI-PRO-SOJOURNER,Sojourner House,housing_shelter,Shelter | Domestic Violence,Shelter; advocacy; referrals; support services,PO Box 80806,Providence,RI,02908,USA,401-765-3232,https://www.sojournerri.org,41.8236,-71.4222,Confidential shelter,verified_web
WA-SEA-BROADVIEW, Solid Ground Broadview Shelter,housing_shelter,Shelter | Domestic Violence,Shelter; transitional housing; counseling; support services,PO Box 283,Broadview,WA,98133,USA,206-299-2500,https://www.solid-ground.org,47.7220,-122.3440,Confidential shelter,verified_web
MA-SOMERVILLE-SCES,Somerville Cambridge Elder Services,other,Advocacy | Elder Support,In-home services; financial assistance; elder support,61 Medford St,Somerville,MA,02143,USA,617-628-2601,https://eldercare.org,,,Serves elderly,verified_web
UT-WJO-SVS,South Valley Services,housing_shelter,Shelter | Domestic Violence,Shelter; counseling; advocacy; support services,PO Box 130,West Jordan,UT,84084,USA,801-255-1095,https://svsutah.org,40.6097,-111.9391,Confidential shelter,verified_web
LA-GRETNA-SLLS,Southeast Louisiana Legal Services Gretna,legal_aid,Legal | Civil Legal Aid,Civil legal aid; domestic violence representation,405 Gretna Blvd Ste 110,Gretna,LA,70053,USA,800-624-4771,https://www.slls.org,,,,verified_web
LA-NEWORLEANS-SLLS,Southeast Louisiana Legal Services New Orleans,legal_aid,Legal | Civil Legal Aid,Civil legal aid; domestic violence representation,1010 Common St Ste 1400A,New Orleans,LA,70112,USA,877-521-6242,https://www.slls.org,,,,verified_web
OH-CHI-SEOLS,Southeastern Ohio Legal Services - Chillicothe,legal_aid,Legal | Civil Legal Aid,Civil legal aid; legal representation; advocacy,8 N Paint St Ste 400,Chillicothe,OH,45601,USA,740-773-0012,https://www.seols.org,,,,",verified_web"
GA-HAMPTON-SCSAC,Southern Crescent Sexual Assault Center,sexual_assault,Crisis Center | Sexual Assault,Counseling; advocacy; outreach,P.O. Box 1749,Hampton,GA,30228,USA,770-477-2177,https://scsac.org,,,,verified_web
MN-STPAUL-SMRLS,Southern Minnesota Regional Legal Services,legal_aid,Legal | Civil Legal Aid,Civil legal services; advocacy,55 E 5th St Ste 800,St Paul,MN,55101,USA,888-575-2954,https://www.smrls.org,,,,verified_web
MN-BELLEPLAINE-SVA,Southern Valley Alliance,domestic_violence,Advocacy | Domestic Violence,Advocacy; supervised visitation; support services,P.O. Box 166,Belle Plaine,MN,56011,USA,952-873-4214,https://www.southernvalleyalliance.org,,,,verified_web
AZ-AVONDALE-SWAC,Southwest Family Advocacy Center,other,Multi-Service | Family Violence Support,Advocacy; coordinated services,"11440 W Civic Center Dr, Suite 200",Avondale,AZ,85323,US,623-333-7900,https://avondaleaz.gov/our-city/departments/human-services/southwest-family-advocacy-center,,,City-operated center,verified_web
VT-BUR-SPECTRUM,Spectrum Youth and Family Services,mental_health,Counseling | Youth Services,Counseling; youth support; prevention; life skills programs,31 Elmwood Ave,Burlington,VT,05401,USA,802-864-7423,https://www.spectrumvt.org,44.4795,-73.2096,,verified_web
MD-BALTIMORE-SPRING,Springboard Community Services Baltimore,domestic_violence,Multi-Service | Domestic Violence,Counseling; advocacy; prevention services,200 E Joppa Rd Ste 207,Towson,MD,21286,USA,410-366-1980,https://springboardmd.org,,,,verified_web
MD-WESTMINSTER-SPRING,Springboard Community Services Carroll County,housing_shelter,Shelter | Domestic Violence,Shelter; counseling; support groups; advocacy,P.O. Box 459,Westminster,MD,21158,USA,443-865-8031,https://springboardmd.org,,,Confidential shelter,verified_web
MA-FAL-SSTAR,SSTAR Women's Center,sexual_assault,Crisis Center | Sexual Assault,Counseling; advocacy; crisis intervention; support services,1010 S Main St,Fall River,MA,02724,USA,508-675-0087,https://www.sstar.org,41.6750,-71.1610,,verified_web
LA-HAHNVILLE-SCPDA,St Charles Parish District Attorney Office Victim Witness Program,other,Advocacy | Crime Victim Support,Advocacy; court support; victim services,15045 River Rd,Hahnville,LA,70057,USA,985-783-6263,https://stcharlesda.com,,,,verified_web
MN-STPAUL-SPIP,St Paul Ramsey County Domestic Abuse Intervention Project,domestic_violence,Advocacy | Domestic Violence,Crisis intervention; legal advocacy; support services,876 University Ave W,St Paul,MN,55104,USA,651-645-2824,https://www.stpaulintervention.org,,,,verified_web
CA-CONTRA-STAND,STAND! For Families Free of Violence,housing_shelter,Shelter | Domestic Violence,Shelter; prevention; intervention programs,1410 Danzig Plaza,Concord,CA,94520,US,888-215-5555,https://standffov.org/,,,Full-spectrum DV services,verified_web
AK-ANC-STAR,Standing Together Against Rape (STAR),sexual_assault,Advocacy | Sexual Assault Services,Crisis intervention; advocacy; support services; prevention education,"1057 W Fireweed Ln, Suite 101",Anchorage,AK,99503,US,907-276-7273,https://staralaska.com/,,,Statewide sexual violence support,verified_web
MN-STATEWIDE-STANDPOINT,Standpoint,legal_aid,Legal | Domestic Violence,Legal advice; referrals; advocacy,P.O. Box 14255,Minneapolis,MN,55414,USA,800-313-2666,https://www.standpointmn.org,,,Statewide services,verified_web
VT-BUR-STEPS,Steps to End Domestic Violence Inc.,housing_shelter,Shelter | Domestic Violence,Shelter; hotline; transitional housing; support groups; youth programs; legal advocacy; housing assistance,PO Box 1535,Burlington,VT,05402,USA,802-658-1996,https://www.stepsvt.org,44.4759,-73.2121,Confidential shelter,verified_web
KS-WICHITA-STEPSTONE,StepStone,Inc.,housing_shelter,Transitional Housing | Domestic Violence,Transitional housing; support services,132 N Market St,Wichita,KS,67202,USA,316-265-1611,https://stepstoneks.org,,,",verified_web"
MA-NEWTON-STONE,Stone House,housing_shelter,Shelter | Domestic Violence,Shelter; counseling; advocacy,P.O. Box 303,Newton,MA,02464,USA,781-400-0770,https://stonehouseinc.org,,,Confidential shelter,verified_web
NY-PLA-STOP,STOP Domestic and Sexual Violence (BHSN),housing_shelter,Shelter | Domestic Violence,Shelter; crisis intervention; legal advocacy; support groups; case management,22 US Oval,Plattsburgh,NY,12903,USA,518-563-6904,https://www.bhsn.org,44.6942,-73.4557,Confidential shelter,verified_web
UT-WJO-SUNCREST,Suncrest Counseling,mental_health,Counseling | Mental Health,Counseling; support groups; domestic violence counseling,1389 W 9000 S,West Jordan,UT,84088,USA,801-255-1155,https://suncrestcounseling.com,40.5887,-111.9302,,verified_web
MA-LAWRENCE-SUPPORTIVE,Supportive Care Inc.,mental_health,Counseling | Domestic Violence,Counseling; support groups; home health,365 Essex St,Lawrence,MA,01840,USA,978-686-1300,https://supportivecareinc.org,,,Multilingual services,verified_web
MA-LAW-SUPPORTIVE,Supportive Care Inc.,mental_health,Counseling | Mental Health,Counseling; support groups; home health services; crisis support,360 Merrimack St Bldg 9,Lawrence,MA,01843,USA,978-686-1300,https://www.supportivecare.com,42.7010,-71.1542,Multilingual services,verified_web
DC-DC-SAFE,Survivors and Advocates for Empowerment (SAFE),housing_shelter,Shelter | Domestic Violence,Shelter; crisis intervention; advocacy; legal support,PO Box 7412,Washington,DC,20044,USA,800-407-5048,,38.9072,-77.0369,Confidential shelter,verified_web
DE-WILM-SOAR,Survivors of Abuse in Recovery Inc.,mental_health,Counseling | Sexual Assault,Psychotherapy; counseling; advocacy; education,500 W 10th St,Wilmington,DE,19801,USA,302-655-3953,https://www.soar-de.org,,,,verified_web
DE-WIL-SOAR,Survivors of Abuse in Recovery Inc.,sexual_assault,Crisis Center | Sexual Assault,Counseling; referrals; education; survivor support,1901 N Market St,Wilmington,DE,19802,USA,302-655-3953,https://www.sair.org,39.7585,-75.5390,,verified_web
MO-KC-SYNERGY,Synergy Services,housing_shelter,Shelter | Domestic Violence,Shelter; crisis intervention; counseling; legal advocacy; youth shelter; transitional housing,400 E 6th St,Kansas City,MO,64106,USA,816-321-7050,https://www.synergyservices.org,39.1063,-94.5776,Multilingual services,verified_web
MD-BALTIMORE-TAHIRIH,Tahirih Justice Center Baltimore,legal_aid,Legal | Immigration Legal Aid,Immigration legal services; advocacy,P.O. Box 20156,Baltimore,MD,21284,USA,866-575-0071,https://tahirih.org,,,Serves immigrants,verified_web
VA-FAL-TAHIRIH,Tahirih Justice Center Falls Church,legal_aid,Legal | Immigration Legal Aid,Immigration legal services; asylum; VAWA; U-visa; T-visa,6400 Arlington Blvd Ste 300,Falls Church,VA,22042,USA,866-575-0071,https://www.tahirih.org,38.8696,-77.1623,,verified_web
TX-HOU-TAHIRIH,Tahirih Justice Center Houston,legal_aid,Legal | Immigration Legal Aid,Immigration legal services; asylum; VAWA; U-visa; T-visa,1717 St James Pl Ste 450,Houston,TX,77056,USA,866-575-0071,https://www.tahirih.org,29.7509,-95.4630,,verified_web
CA-BERKELEY-TANG,Tang Center Social Services,mental_health,Counseling | Student Services,Crisis counseling; DV/SA support,2222 Bancroft Way,Berkeley,CA,94720,US,510-642-6074,https://uhs.berkeley.edu/,,,UC Berkeley students only,verified_web
GA-ATL-TAPESTRI,Tapestri Inc.,legal_aid,Legal | Domestic Violence,Legal advocacy; immigration assistance; case management,P.O. Box 92475,Atlanta,GA,30314,USA,404-299-2185,https://tapestri.org,,,Multilingual services,verified_web
ID-NAMPA-TRHS,Terry Reilly Health Services,mental_health,Counseling | Sexual Assault,Trauma counseling; therapy; family services,308 E Florida Ave,Nampa,ID,83686,USA,208-658-9786,https://www.trhs.org,,,,verified_web
NE-FRE-BRIDGE,The Bridge,domestic_violence,Multi-Service | Domestic Violence Support,Advocacy; crisis response; referrals; education; support services,1001 E 23rd St,Fremont,NE,68025,USA,402-727-7777,https://www.thebridgefromfremont.org,41.4539,-96.4885,,verified_web
MD-ELKTON-BRIDGE,The Bridge Inc.,housing_shelter,Shelter | Domestic Violence,Shelter; counseling; legal consultation; advocacy; support groups,P.O. Box 2137,Elkton,MD,21922,USA,410-996-0333,https://www.thebridgecec.org,,,Confidential shelter,verified_web
TX-PAS-BRIDGE,The Bridge Over Troubled Waters Inc.,housing_shelter,Shelter | Domestic Violence,Shelter; crisis intervention; counseling; legal advocacy; court accompaniment; support groups; basic needs,PO Box 2636,Pasadena,TX,77501,USA,713-472-0753,https://www.thebridgeovertroubledwaters.org,29.6911,-95.2091,Confidential shelter; Multilingual services,verified_web
NH-CON-CHH,The Center for Hope and Healing Inc.,sexual_assault,Crisis Center | Sexual Assault,Hotline; counseling; advocacy; multilingual support,10 Ferry St Ste 300,Concord,NH,03301,USA,800-542-5212,https://www.c4hnh.org,43.2070,-71.5356,Multilingual services,verified_web
VT-RAN-CLARAMARTIN,The Clara Martin Center,other,Intervention Program | Batterer Intervention,Batterer intervention program; counseling,11 N Main St,Randolph,VT,05060,USA,800-639-6360,https://www.claramartin.org,43.9237,-72.6651,,verified_web
SD-SXF-COMPASS,The Compass Center,domestic_violence,Multi-Service | Domestic Violence Support,Crisis intervention; counseling; support groups; advocacy; batterer intervention,500 N Western Ave,Sioux Falls,SD,57104,USA,605-339-0116,https://www.thecompasscenter.org,43.5495,-96.7311,,verified_web
MN-STPAUL-DWELLING,The Dwelling Place,housing_shelter,Shelter | Domestic Violence,Shelter; counseling; life skills; advocacy,P.O. Box 16381,St Paul,MN,55116,USA,651-221-0405,https://www.dwellingplaceshelter.org,,,Confidential shelter,verified_web
KS-OP-FAMCON,The Family Conservancy,mental_health,Counseling | Mental Health,Outpatient therapy; case management; family support,444 Minnesota Ave Ste 300,Kansas City,KS,66101,USA,913-742-4357,https://www.thefamilyconservancy.org,39.1142,-94.6268,,verified_web
MN-MINNEAPOLIS-FAMILYPART,The Family Partnership PRIDE Program,domestic_violence,Advocacy | Sexual Exploitation,Advocacy; counseling; support services,4123 E Lake St,Minneapolis,MN,55406,USA,612-729-0340,https://www.thefamilypartnership.org,,,,verified_web
UT-SLC-FSC,The Family Support Center,mental_health,Counseling | Family Support,Counseling; support groups; family services,176 N 2200 W,Salt Lake City,UT,84116,USA,801-955-9110,https://familysupportcenter.org,40.7770,-111.9500,,verified_web
NY-NYC-LASMAN,The Legal Aid Society - Manhattan,legal_aid,Legal | Domestic Violence Legal Aid,Family court representation; divorce assistance; immigration legal services; domestic violence advocacy,199 Water St,New York,NY,10038,USA,888-663-6880,https://legalaidnyc.org,,,,"Multilingual services,verified_web"
OH-LAN-LIGHTHOUSE,The Lighthouse,housing_shelter,Shelter | Domestic Violence,Shelter; crisis intervention; case management; legal advocacy; support groups; referrals,PO Box 215,Newark,OH,43058,USA,740-687-4423,,,Confidential shelter,verified_web,
TN-NAS-MARYPARRISH,The Mary Parrish Center,housing_shelter,Shelter | Domestic Violence,Transitional housing; supportive housing; case management; counseling,PO Box 331191,Nashville,TN,37203,USA,866-475-1684,https://maryparrish.org,36.1627,-86.7816,Confidential shelter,verified_web
MI-SOUTHFIELD-MISSION,The Mission: Prevention Education for Children, Youth and Young Adults,mental_health,Counseling | Domestic Violence,Counseling; support groups; youth programs,15565 Northland Dr Ste 702W,Southfield,MI,48075,USA,313-930-0062,,,,",verified_web"
TX-HOU-MONTROSE,The Montrose Center,mental_health,Counseling | LGBTQ Mental Health,Counseling; support services; community programs,401 Branard St,Houston,TX,77006,USA,713-529-0037,https://www.montrosecenter.org,29.7314,-95.3931,Serves LGBTQ+ community,verified_web
MA-BOSTON-NETWORK,The Network La Red,housing_shelter,Shelter | Domestic Violence,Shelter; advocacy; LGBTQ support,P.O. Box 6011,Boston,MA,02114,USA,617-742-4911,https://tnlr.org,,,Confidential shelter; Serves LGBTQ+,verified_web
NC-CHA-RELATIVES,The Relatives Inc.,housing_shelter,Shelter | Youth Crisis Shelter,Youth shelter; counseling; advocacy; family support,1100 East Blvd,Charlotte,NC,28203,USA,704-377-0602,https://www.therelatives.org,35.2075,-80.8424,,verified_web
MA-NEWTON-SECOND,The Second Step,domestic_violence,Multi-Service | Domestic Violence,Counseling; legal services; housing support; advocacy,P.O. Box 600213,Newton,MA,02460,USA,617-965-2538,https://thesecondstep.org,,,,verified_web
NV-LV-SHADETREE,The Shade Tree,housing_shelter,Shelter | Domestic Violence,Shelter; case management; advocacy; support groups; pet shelter,1 W Owens Ave,Las Vegas,NV,89101,USA,702-385-0072,https://theshadetree.org,36.1805,-115.1377,Confidential shelter; Pet-friendly shelter,verified_web
WI-WAU-WCENTER,The Women's Center,housing_shelter,Shelter | Domestic Violence,Shelter; counseling; advocacy; support services,505 N East Ave,Waukesha,WI,53186,USA,262-542-3828,https://twcwaukesha.org,43.0168,-88.2306,Confidential shelter,verified_web
MA-NBE-WCENTER,The Women's Center (New Bedford),housing_shelter,Shelter | Domestic Violence,Shelter; counseling; advocacy; trauma services,405 County St,New Bedford,MA,02740,USA,508-999-6636,https://www.thewomenscentermass.org,41.6362,-70.9342,,verified_web
VA-VIE-WOMENCTR2,The Women's Center (Vienna Main),mental_health,Counseling | Mental Health,Counseling; education; advocacy; support services,133 Park St NE,Vienna,VA,22180,USA,703-281-2657,https://thewomenscenter.org,38.9012,-77.2653,,verified_web
VA-VIE-WOMENCTR1,The Women's Center (Vienna),mental_health,Counseling | Mental Health,Counseling; education; support services,133 Park St NE,Vienna,VA,22180,USA,571-595-6448,https://thewomenscenter.org,38.9012,-77.2653,,verified_web
MN-STPAUL-THINKSELF,ThinkSelf,domestic_violence,Advocacy | Domestic Violence,Advocacy; peer support; language access,1821 University Ave W Ste S256,St Paul,MN,55104,USA,651-829-9089,https://thinkself.org,,,Serves Deaf community,verified_web
SC-ROC-THREETREES,Three Tree's Center for Change,other,Intervention Program | Batterer Intervention,Court-mandated classes; cognitive behavioral intervention program,1304 Ebenezer Rd,Rock Hill,SC,29732,USA,803-207-0558,,34.9570,-81.0251,,verified_web
NH-CON-THRIVE,Thrive Survivor Support Center,domestic_violence,Multi-Service | Family Violence Support,Advocacy; crisis support; shelter; support for domestic violence; sexual violence; trafficking; child abuse,PO Box 1344,Concord,NH,03302,USA,866-841-6229,https://www.thrivenv.org,43.2081,-71.5376,Confidential shelter,verified_web
ME-BIDDEFORD-TTD,Through These Doors,housing_shelter,Shelter | Domestic Violence,Emergency shelter; transitional housing; support groups; legal advocacy; housing assistance,P.O. Box 635,Biddeford,ME,04005,USA,800-537-6066,https://www.throughthesedoors.org,,,Confidential shelter,verified_web
MN-STPAUL-TG,Transforming Generations,domestic_violence,Multi-Service | Domestic Violence,Advocacy; counseling; support groups; legal assistance,1821 University Ave W Ste 256,St Paul,MN,55104,USA,651-756-1579,https://transforminggenerations.org,,,Serves Hmong community; Multilingual,verified_web
MA-CAMBRIDGE-TRANSITION,Transition House Inc.,housing_shelter,Shelter | Domestic Violence,Shelter; advocacy; transitional housing; prevention,P.O. Box 390799,Cambridge,MA,02139,USA,617-661-7203,https://transitionhouse.org,,,Confidential shelter,verified_web
VA-HAM-TRANSITIONS,Transitions Family Violence Services,housing_shelter,Shelter | Domestic Violence,Shelter; crisis intervention; rapid rehousing; counseling; legal advocacy; support groups,PO Box 5466,Hampton,VA,23605,USA,757-723-7774,https://transitionsfvs.org,37.0299,-76.3452,Confidential shelter; Multilingual services,verified_web
MA-SPRINGFIELD-TIS,Trauma Intervention Services,sexual_assault,Crisis Center | Sexual Assault,Crisis intervention; counseling; advocacy,P.O. Box 209,Springfield,MA,01102,USA,800-511-5070,https://tiservices.org,,,,verified_web
RI-WAR-TIS,Trauma Intervention Services,mental_health,Counseling | Trauma Recovery,Crisis intervention; counseling; legal advocacy; referrals,875 Centerville Rd Bldg 2,Warwick,RI,02886,USA,800-511-5070,https://www.tisri.org,41.6987,-71.4965,,verified_web
SC-CHA-SPEAKS,Tri-County S.P.E.A.K.S.,sexual_assault,Crisis Center | Sexual Assault,Advocacy; counseling; support services,1847 Reynolds Ave,North Charleston,SC,29405,USA,843-745-0144,https://tricountyspeaks.org,32.8539,-79.9735,,verified_web
MN-MINNEAPOLIS-TUBMAN,Tubman,housing_shelter,Shelter | Domestic Violence,Shelter; counseling; advocacy; mental health services,4432 Chicago Ave,Minneapolis,MN,55407,USA,612-825-3333,https://www.tubman.org,,,Confidential shelter,verified_web
MN-MAPLEWOOD-TUBMAN,Tubman Maplewood,housing_shelter,Shelter | Domestic Violence,Shelter; counseling; advocacy; mental health support,1725 Monastery Way,Maplewood,MN,55109,USA,612-825-0000,https://www.tubman.org,,,Confidential shelter,verified_web
MD-BALTIMORE-TURN,TurnAround Inc Baltimore,domestic_violence,Multi-Service | Domestic Violence,Counseling; legal advocacy; support groups; prevention,401 Washington Ave Ste 300,Towson,MD,21204,USA,443-279-0379,https://turnaroundinc.org,,,,verified_web
MD-TOWSON-TURN,TurnAround Inc Towson,domestic_violence,Multi-Service | Domestic Violence,Case management; therapy; legal advocacy; employment support,401 Washington Ave Ste 300,Towson,MD,21204,USA,443-279-0379,https://turnaroundinc.org,,,,verified_web
NC-MON-TURNINGPOINT,Turning Point Inc.,housing_shelter,Shelter | Domestic Violence,Shelter; advocacy; prevention; support services,PO Box 952,Monroe,NC,28111,USA,704-283-7233,https://www.turningpointnc.org,34.9880,-80.5495,Confidential shelter,verified_web
MI-MTCLEMENS-TURNINGPOINT,Turning Point Inc. - Macomb County,housing_shelter,Shelter | Domestic Violence,24-hour hotline; emergency shelter; housing; trauma counseling; legal advocacy; PPO assistance; forensic nurse exams; prevention education,P.O. Box 1123,Mount Clemens,MI,48046,USA,586-463-6990,https://turningpointmacomb.org,,,Confidential shelter,verified_web
WI-MIL-UMOS,UMOS Latina Resource Center,domestic_violence,Multi-Service | Domestic Violence Support,Advocacy; education; housing assistance; employment services,2701 S Chase Ave,Milwaukee,WI,53207,USA,414-389-6510,https://umos.org,42.9942,-87.9095,Serves Latino community; Multilingual services,verified_web
MN-MINNEAPOLIS-AURORA,University of Minnesota Aurora Center,sexual_assault,Crisis Center | Sexual Assault,Advocacy; education; support services,301 17th Ave SE,Minneapolis,MN,55455,USA,612-626-9111,https://aurora.umn.edu,,,,verified_web
WI-MIL-VA,VA Medical Center IPV Program,other,Victim Services | Domestic Violence Support,Counseling; IPV support; advocacy,5000 W National Ave,Milwaukee,WI,53295,USA,414-384-2000,https://www.va.gov,43.0160,-87.9790,,verified_web
NM-LOS-VSS,Valencia Shelter Services,housing_shelter,Shelter | Domestic Violence,Shelter; counseling; legal advocacy; support groups; transitional housing; batterer intervention,PO Box 655,Los Lunas,NM,87031,USA,505-864-1383,https://www.vssnm.org,34.8062,-106.7334,Confidential shelter,verified_web
UT-SLC-VBH,Valley Behavioral Health Forensic,other,Intervention Program | Batterer Intervention,Batterer intervention program; counseling,4460 S 900 E,Salt Lake City,UT,84124,USA,888-949-4864,https://valleycares.com,40.6750,-111.8650,,verified_web
RI-WAR-VANTAGE,Vantage Point Inc.,other,Intervention Program | Batterer Intervention,Batterer intervention program; counseling,400 Bald Hill Rd,Warwick,RI,02886,USA,401-615-0648,,41.6990,-71.4910,,verified_web
MA-BOSTON-VLS,Veterans Legal Services,legal_aid,Legal | Civil Legal Aid,Legal services for veterans,197 Friend St,Boston,MA,02114,USA,857-317-4474,https://veteranslegalservices.org,,,Serves veterans,verified_web
MD-ANNAPOLIS-VWSC,Victim Witness Services Center Anne Arundel,other,Advocacy | Crime Victim Support,Court accompaniment; crisis intervention; referrals,251 Rowe Blvd,Annapolis,MD,21401,USA,410-222-1740,https://aacounty.org,,,,verified_web
AK-ANC-VFJ,Victims For Justice (VFJ),other,Advocacy | Victim Support,Emotional support; case guidance; support for violent crime victims,1008 W Northern Lights Blvd,Anchorage,AK,99503,US,907-278-0977,https://victimsforjustice.org/,,,Covers multiple crime types,verified_web
VA-VAB-VWD,Virginia Beach Victim Witness Division,other,Victim Services | General Crime Victims,Victim advocacy; court accompaniment; case support; legal guidance,2425 Nimmo Pkwy,Virginia Beach,VA,23456,USA,757-385-8301,https://www.vbgov.com,36.7682,-76.0135,,verified_web
MA-GREENFIELD-VOICES,Voices Against Violence,housing_shelter,Shelter | Domestic Violence,Shelter; advocacy; counseling,P.O. Box 1362,Greenfield,MA,01302,USA,800-593-1125,https://voicesagainstviolence.org,,,Confidential shelter,verified_web
VT-STAL-VOICES,Voices Against Violence (Laurie's House),housing_shelter,Shelter | Domestic Violence,Shelter; advocacy; crisis support; education; prevention,PO Box 72,St Albans,VT,05478,USA,802-524-6575,https://www.voicesagainstviolence.org,44.8106,-73.0830,Confidential shelter,verified_web
MA-BOSTON-VLP,Volunteer Lawyers Project,legal_aid,Legal | Civil Legal Aid,Legal representation; advocacy,7 Winthrop Sq,Boston,MA,02110,USA,816-352-6091,https://vlpnet.org,,,,verified_web
HI-HONOLULU-VLSH,Volunteer Legal Services Hawaii,legal_aid,Legal | Civil Legal Aid,Legal advice; family law; landlord-tenant; bankruptcy; estate planning,545 Queen St Ste 100,Honolulu,HI,96813,USA,808-528-7046,https://www.vlsh.org,,,,verified_web
OR-POR-HOMEFREE,Volunteers of America Oregon - Home Free,domestic_violence,Multi-Service | Domestic Violence Support,Crisis intervention; advocacy; housing support; youth advocacy; prevention education,3910 SE Stark St,Portland,OR,97214,USA,503-771-5503,https://voaor.org,45.5194,-122.6225,,verified_web
CA-SF-WOMAN,W.O.M.A.N., Inc.,domestic_violence,Counseling | DV Support,Hotline; counseling; support groups,26 Boardman Pl,San Francisco,CA,94103,US,877-384-3578,https://womaninc.org/,,,"Multilingual services,verified_web"
NJ-CLI-WAFA,Wafa House Inc.,domestic_violence,Multi-Service | Culturally Specific Domestic Violence Support,Case management; mental health counseling; legal services; family law support; community education,PO Box 2102,Clifton,NJ,07015,USA,800-930-9232,https://www.wafahouse.org,,,,",Serves Middle Eastern and South Asian communities; Multilingual services,verified_web"
OR-HIL-WCDA,Washington County District Attorney Victim Assistance,other,Victim Services | General Crime Victims,Advocacy; case management; legal support; multilingual services,150 N 1st Ave Ste 300,Hillsboro,OR,97124,USA,503-846-8671,https://co.washington.or.us,45.5220,-122.9898,Multilingual services,verified_web
WI-WAU-WCDA,Waukesha County Victim Witness Assistance,legal_aid,Legal | Victim Advocacy,Court accompaniment; legal advocacy; victim support; protection orders,515 W Moreland Blvd,Waukesha,WI,53188,USA,262-548-7071,https://www.waukeshacounty.gov,43.0117,-88.2315,,verified_web
NH-MAN-WAYPOINT,Waypoint,other,Multi-Service | Youth & Family Support,Case management; housing support; youth programs; transitional housing,464 Chestnut St,Manchester,NH,03105,USA,800-640-6486,https://www.waypointnh.org,42.9950,-71.4637,Multilingual services,verified_web
NY-WPL-WCDA,Westchester D.A.'s Office Bureau of Domestic Violence,legal_aid,Legal | Domestic Violence Legal Aid,Criminal justice advocacy; court liaison; counseling referrals; shelter referrals,111 Martin Luther King Blvd,White Plains,NY,10601,USA,914-995-3000,https://www.westchesterda.net,,,,",verified_web"
AZ-GLENDALE-WJS,Western Judicial Services,other,Counseling | Batterer Intervention,26-week DV offender program,7150 N 57th Dr,Glendale,AZ,85301,US,623-936-8828,,,Follows Duluth Model,verified_web,
MI-STCLAIRSHORES-WHEAT,WHEAT Inc.,other,Multi-Service | Violence Recovery,Advocacy; trauma-informed support; homelessness support; trafficking support,24025 Greater Mack Ave Ste 203,St Clair Shores,MI,48080,USA,313-570-0638,https://wheatorganization.com,,,,verified_web
KS-WICHITA-WASAC,Wichita Area Sexual Assault Center,sexual_assault,Crisis Center | Sexual Assault,24-hour hotline; medical advocacy; legal advocacy; counseling; support groups,355 N Waco Ave Ste 100,Wichita,KS,67202,USA,316-263-3002,https://wichitasac.com,,,Multilingual services,verified_web
KS-WICHITA-WFCC,Wichita Family Crisis Center,housing_shelter,Shelter | Domestic Violence,Emergency shelter; counseling; advocacy; support groups; parenting education; children's services,P.O. Box 47240,Wichita,KS,67201,USA,316-263-7501,https://wichitafamilycrisiscenter.org,,,Confidential shelter,verified_web
IL-PALATINE-WINGS,WINGS Program Inc.,housing_shelter,Shelter | Domestic Violence,Shelter; transitional housing; counseling; advocacy,P.O. Box 95615,Palatine,IL,60095,USA,847-221-5680,https://wingsprogram.com,,,Confidential shelter,verified_web
PA-PHL-WOAR,WOAR Philadelphia Center Against Sexual Violence,sexual_assault,Crisis Center | Sexual Assault,Hotline; counseling; medical accompaniment; court accompaniment; education,1617 John F Kennedy Blvd Ste 1100,Philadelphia,PA,19103,USA,215-985-3333,https://woar.org,,,,verified_web
PA-PHI-WOAR,WOAR Philadelphia Center Against Sexual Violence,sexual_assault,Crisis Center | Sexual Assault,Hotline; counseling; court accompaniment; medical advocacy; prevention education,1617 JFK Blvd Ste 1100,Philadelphia,PA,19103,USA,215-985-3333,https://www.woar.org,39.9533,-75.1675,,verified_web
NY-NYC-WOMANKIND,Womankind,housing_shelter,Shelter | Domestic Violence,Counseling; shelter; court advocacy; accompaniment; financial aid; transportation,32 Broadway 10th Floor,New York,NY,10004,USA,888-888-7702,https://www.iamwomankind.org,,,,",Confidential shelter; Multilingual services,verified_web"
AR-LR-WCF,Women & Children First,housing_shelter,Shelter | Domestic Violence,Crisis intervention; shelter; legal advocacy; support services,P.O. Box 1954,Little Rock,AR,72203,US,501-376-3219,https://wcfarkansas.org/,,,Confidential shelter location,verified_web
PA-PHL-WAA,Women Against Abuse Inc.,housing_shelter,Shelter | Domestic Violence,Hotline; shelter; transitional housing; legal services; advocacy; counseling,100 S Broad St,Philadelphia,PA,19110,USA,866-723-3014,https://www.womenagainstabuse.org,,,Confidential shelter,verified_web
PA-PHI-WAA,Women Against Abuse Inc.,housing_shelter,Shelter | Domestic Violence,Hotline; shelter; transitional housing; legal services; advocacy,PO Box 1376,Philadelphia,PA,19105,USA,866-723-3014,https://www.womenagainstabuse.org,39.9526,-75.1652,Confidential shelter,verified_web
NJ-NBR-WOMENAWARE,Women Aware Inc.,housing_shelter,Shelter | Domestic Violence,Hotline; emergency shelter; legal advocacy; case management; counseling,250 Livingston Ave,New Brunswick,NJ,08901,USA,732-249-4504,https://womenaware.net,,,,"Confidential shelter,verified_web"
FL-DEERFIELD-WID,Women in Distress of Broward County Inc.,housing_shelter,Shelter | Domestic Violence,Hotline; emergency shelter; counseling; advocacy,P.O. Box 676,Deerfield Beach,FL,33443,USA,954-761-1133,https://www.womenindistress.org,,,Confidential shelter,verified_web
PA-PHL-WIT,Women In Transition,mental_health,Counseling | Domestic Violence,Counseling; peer support groups; warmline,21 S 12th St,Philadelphia,PA,19107,USA,215-564-5301,https://www.helpwomen.org,,,,verified_web
PA-PHI-WIT,Women In Transition,mental_health,Counseling | Domestic Violence Recovery,Counseling; peer support groups; warmline; substance use support,21 S 12th St 6th Floor,Philadelphia,PA,19107,USA,215-564-5301,https://www.helpwomen.org,39.9510,-75.1595,,verified_web
MN-STPAUL-WOMENOFNATIONS,Women of Nations,housing_shelter,Shelter | Domestic Violence,Shelter; advocacy; culturally specific services,P.O. Box 24112,St Paul,MN,55124,USA,651-251-1605,https://www.womenofnations.org,,,Confidential shelter; Serves Native communities,verified_web
MN-STPAUL-WOMENSADV,Women's Advocates,housing_shelter,Shelter | Domestic Violence,Emergency shelter; hotline; housing advocacy; youth programs,P.O. Box 4039,St Paul,MN,55104,USA,651-227-8284,https://www.womensadvocates.org,,,Confidential shelter,verified_web
ID-BOISE-WCA,Women's and Children's Alliance,housing_shelter,Shelter | Domestic Violence,Emergency shelter; hotline; counseling; support groups; legal advocacy; safety planning,720 W Washington St,Boise,ID,83702,USA,208-345-7025,https://wcaboise.org,,,Confidential shelter,verified_web
NE-OMA-WCA,Women's Center For Advancement,domestic_violence,Multi-Service | Domestic Violence Support,Hotline; crisis intervention; counseling; legal services; advocacy,3801 Harney St,Omaha,NE,68131,USA,402-345-7273,https://wcaomaha.org,41.2573,-95.9738,Multilingual services,verified_web
TX-ALV-WCBC,Women's Center of Brazoria County,housing_shelter,Shelter | Domestic Violence,Shelter; counseling; advocacy; support services,PO Box 1210,Angleton,TX,77516,USA,281-585-0902,https://www.womenscenterbc.com,29.1694,-95.4319,Confidential shelter; Multilingual services,verified_web
PA-NORRISTOWN-WCMC,Women's Center of Montgomery County,domestic_violence,Counseling | Domestic Violence,Hotline; counseling; legal advocacy; court accompaniment; hospital accompaniment,P.O. Box 311,Norristown,PA,19404,USA,800-773-2424,https://wcmontco.org,,,,verified_web
PA-NOR-WCMC,Women's Center of Montgomery County,domestic_violence,Multi-Service | Domestic Violence Support,Hotline; counseling; legal advocacy; court accompaniment; referrals,PO Box 300,Norristown,PA,19404,USA,800-773-2424,https://www.wcmontco.org,40.1215,-75.3399,,verified_web
PA-PHL-WLP,Women's Law Project,legal_aid,Legal | Gender Equity,Legal advocacy; referrals; representation; discrimination law,125 S 9th St Ste 300,Philadelphia,PA,19107,USA,412-281-2892,https://www.womenslawproject.org,,,Serves LGBTQ+ and women,verified_web
OK-NOR-WRC,Women's Resource Center,housing_shelter,Shelter | Domestic Violence,Shelter; crisis intervention; counseling; forensic exams; legal advocacy; prevention education,1500 24th Ave NW,Norman,OK,73069,USA,405-701-5540,https://www.wrcnormanok.org,,,,"Confidential shelter,verified_web"
RI-NEW-WRC,Women's Resource Center (Newport),housing_shelter,Shelter | Domestic Violence,Hotline; shelter; advocacy; support services,PO Box 1785,Newport,RI,02840,USA,401-846-5263,https://www.wrcnbc.org,41.4901,-71.3128,Confidential shelter,verified_web
CA-SD-WRC,Women's Resource Center (WRC),housing_shelter,Shelter | Domestic Violence,Shelter; counseling; hotline; education,1963 Apple St,Oceanside,CA,92054,US,760-757-3500,https://www.wrcsd.org/,,,North County focus,official_site
WI-RAC-WRC,Women's Resource Center Racine,housing_shelter,Shelter | Domestic Violence,Shelter; hotline; counseling; advocacy; legal services,2224 Douglas Ave,Racine,WI,53402,USA,262-633-3233,https://www.wrcracine.org,42.7523,-87.7829,Confidential shelter,verified_web
GA-ATL-WRC,Women's Resource Center to End DV,housing_shelter,Shelter | Domestic Violence,Shelter; advocacy; counseling; prevention programs,P.O. Box 1718,Decatur,GA,30031,USA,404-688-9436,https://wrcdv.org,,,Confidential shelter,verified_web
TX-HOU-YMCAIS,YMCA International Services Houston,legal_aid,Legal | Immigration Legal Aid,Immigration legal services; counseling; case management,6300 Westpark Dr Ste 600,Houston,TX,77057,USA,713-339-9015,https://ymcahouston.org,29.7376,-95.4930,Multilingual services,verified_web
NJ-TRE-YOUNITY,Younity Inc.,housing_shelter,Shelter | Domestic Violence,Shelter; counseling; advocacy; support services,PO Box 1252,Trenton,NJ,08607,USA,609-394-9000,https://www.younitynj.org,40.2171,-74.7429,Confidential shelter,verified_web
RI-PRO-YOUTHPRIDE,Youth Pride Inc.,other,Support Services | LGBTQ Youth Support,Advocacy; support groups; education; youth services,171 Chestnut St,Providence,RI,02903,USA,401-421-5626,https://youthprideri.org,41.8211,-71.4187,Serves LGBTQ+ youth,verified_web
ND-FAR-YOUTHWORKS,Youthworks,mental_health,Counseling | Youth Services,Counseling; crisis shelter referrals; youth support; family counseling,510 4th St S,Fargo,ND,58103,USA,701-232-8558,https://www.youthworksnd.org,46.8712,-96.7845,,verified_web
WA-BRE-ALIVE,YWCA ALIVE Shelter (Kitsap County),housing_shelter,Shelter | Domestic Violence,Shelter; counseling; support groups; housing advocacy; employment assistance; basic needs,PO Box 559,Bremerton,WA,98337,USA,800-500-5513,https://ywcakitsap.org,47.5673,-122.6326,Confidential shelter,verified_web
WA-SEA-YWCAAV,YWCA Anita Vista,housing_shelter,Shelter | Domestic Violence,Transitional housing; counseling; legal advocacy; case management,1118 5th Ave,Seattle,WA,98101,USA,877-757-8297,https://www.ywcaworks.org,47.6067,-122.3325,Confidential shelter,verified_web
MD-ANNAPOLIS-YWCA,YWCA Annapolis Anne Arundel,housing_shelter,Shelter | Domestic Violence,Shelter; hotline; counseling; legal services; advocacy,P.O. Box 6425,Annapolis,MD,21401,USA,410-222-6800,https://ywcaannapolis.org,,,Confidential shelter,verified_web
MT-BIL-YWCA,YWCA Billings - Gateway Horizons,housing_shelter,Shelter | Domestic Violence,Shelter; 24-hour hotline; hospital accompaniment; case management; legal advocacy; transitional housing; rapid rehousing,909 Wyoming Ave,Billings,MT,59101,USA,406-245-4472,https://www.ywcabillings.org,45.7833,-108.5007,Confidential shelter,verified_web
ND-FAR-YWCA,YWCA Cass Clay,housing_shelter,Shelter | Domestic Violence,Emergency shelter; transportation assistance; food pantry; employment programs; financial education,3000 S University Dr,Fargo,ND,58103,USA,701-232-3449,https://www.ywcacassclay.org,46.8345,-96.7980,Confidential shelter,verified_web
WV-CHA-YWCA,YWCA Charleston Resolve Family Abuse Program,housing_shelter,Shelter | Domestic Violence,Shelter; hotline; counseling; legal advocacy; case management; pet shelter; housing assistance,PO Box 1472,Charleston,WV,25325,USA,800-681-8663,https://www.ywcacharleston.org,38.3498,-81.6326,Confidential shelter; Pet-friendly shelter,verified_web
WA-VAN-YWCA,YWCA Clark County SafeChoice,housing_shelter,Shelter | Domestic Violence,Shelter; advocacy; education; crisis support,3609 Main St,Vancouver,WA,98663,USA,800-695-0167,https://ywcaclarkcounty.org,45.6387,-122.6716,Confidential shelter,verified_web
DE-WILM-YWCA,YWCA Delaware,sexual_assault,Crisis Center | Sexual Assault,Hotline; crisis intervention; counseling; legal coordination; shelter referral,100 W 10th St Ste 1012,Wilmington,DE,19801,USA,800-773-8570,https://www.ywcade.org,,,,verified_web
DE-WIL-YWCA,YWCA Delaware,sexual_assault,Crisis Center | Sexual Assault,Crisis intervention; counseling; legal advocacy; shelter coordination; prevention education,100 W 10th St Ste 100,Wilmington,DE,19801,USA,800-773-8570,https://www.ywcade.org,39.7447,-75.5484,Confidential shelter,verified_web
IL-EVANSTON-YWCA,YWCA Evanston Northshore,housing_shelter,Shelter | Domestic Violence,Shelter; advocacy; counseling; community services,1215 Church St,Evanston,IL,60201,USA,877-718-1868,https://www.ywca-ens.org,,,Confidential shelter,verified_web
IL-CHICAGO-YWCA, YWCA Metropolitan Chicago Laura Parks & Mildred Francis Center,sexual_assault,Crisis Center | Sexual Assault,Hotline; counseling; advocacy; prevention education,2233 S Throop St,Chicago,IL,60608,USA,888-293-2080,https://ywcachicago.org,,,,verified_web
TN-NAS-YWCA,YWCA Nashville & Middle Tennessee,housing_shelter,Shelter | Domestic Violence,Shelter; hotline; counseling; pet shelter; advocacy; support services,1608 Woodmont Blvd,Nashville,TN,37215,USA,800-334-4628,https://www.ywc Nashville.org,36.1106,-86.8070,Confidential shelter; Pet-friendly shelter,verified_web
MA-LAWRENCE-YWCA,YWCA Northeastern Massachusetts,housing_shelter,Shelter | Domestic Violence,Shelter; counseling; advocacy; hotline,38 Lawrence St,Lawrence,MA,01840,USA,844-372-9922,https://ywcanema.org,,,Confidential shelter,verified_web
MA-LAW-YWCA,YWCA Northeastern Massachusetts,housing_shelter,Shelter | Domestic Violence,Shelter; counseling; legal advocacy; medical accompaniment; support groups; transitional housing,38 Lawrence St,Lawrence,MA,01840,USA,844-372-9922,https://www.ywcanema.org,42.7070,-71.1631,Confidential shelter,verified_web
MI-DETROIT-YWCA,YWCA of Metropolitan Detroit Interim House,housing_shelter,Shelter | Domestic Violence,Emergency shelter; temporary housing; childcare support; support groups; counseling; legal referrals; financial referrals; crisis line; parenting classes,P.O. Box 21904,Detroit,MI,48221,USA,313-861-5300,https://www.ywcadetroit.org/programs/ywca-interim-house/,,,Confidential shelter,verified_web
OK-OKC-YWCA,YWCA Oklahoma City,housing_shelter,Shelter | Domestic Violence,Shelter; hotline; safety planning; court advocacy; forensic exams; crisis support,2460 NW 39th St,Oklahoma City,OK,73112,USA,405-917-9922,https://www.ywcaokc.org,,,,"Confidential shelter,verified_web"
WA-SEA-YWCA,YWCA Seattle King Snohomish,domestic_violence,Support Services | Domestic Violence Support,Advocacy; referrals; safety planning; youth programs,1118 5th Ave,Seattle,WA,98101,USA,206-568-7845,https://www.ywcaworks.org,47.6067,-122.3325,,verified_web
VA-NOR-YWCA,YWCA South Hampton Roads,housing_shelter,Shelter | Domestic Violence,Shelter; counseling; legal advocacy; crisis intervention; support groups,500 E Plume St Ste 700,Norfolk,VA,23510,USA,757-251-0144,https://www.ywcashr.org,36.8485,-76.2910,Confidential shelter,verified_web
NJ-ELZ-YWCAUC,YWCA Union County,housing_shelter,Shelter | Domestic Violence,24-hour hotline; emergency shelter; counseling; case management; legal advocacy; children's counseling,1131 E Jersey St,Elizabeth,NJ,07201,USA,908-355-4357,https://ywcaunioncounty.org,,,,",verified_web"
UT-SLC-YWCA,YWCA Utah,housing_shelter,Shelter | Domestic Violence,Shelter; transitional housing; counseling; education; advocacy,322 E 300 S,Salt Lake City,UT,84111,USA,801-537-8600,https://www.ywcautah.org,40.7625,-111.8836,Confidential shelter,verified_web
