geo_id,geo_name,year,component,value,note
state:Alabama,Alabama,2021,dv_rate,0.0,Derived from Master CSV (state-year aggregate).
state:Alabama,Alabama,2021,sexual_assault_rate,0.0,Derived from Master CSV (state-year aggregate).
state:Alabama,Alabama,2021,firearm_share,0.0,Derived from Master CSV (state-year aggregate).
state:Alabama,Alabama,2021,dating_partner_share,0.0,Derived from Master CSV (state-year aggregate).
state:Alabama,Alabama,2021,reporting_proxy,0.8717720219299095,Derived from Master CSV (state-year aggregate).
state:Alabama,Alabama,2022,dv_rate,0.0,Derived from Master CSV (state-year aggregate).
state:Alabama,Alabama,2022,sexual_assault_rate,0.0,Derived from Master CSV (state-year aggregate).
state:Alabama,Alabama,2022,firearm_share,0.0196078431372549,Derived from Master CSV (state-year aggregate).
state:Alabama,Alabama,2022,dating_partner_share,0.0,Derived from Master CSV (state-year aggregate).
state:Alabama,Alabama,2022,reporting_proxy,5.229428351704692,Derived from Master CSV (state-year aggregate).
state:Alabama,Alabama,2023,dv_rate,0.0,Derived from Master CSV (state-year aggregate).
state:Alabama,Alabama,2023,sexual_assault_rate,0.0,Derived from Master CSV (state-year aggregate).
state:Alabama,Alabama,2023,firearm_share,0.03389830508474576,Derived from Master CSV (state-year aggregate).
state:Alabama,Alabama,2023,dating_partner_share,0.0,Derived from Master CSV (state-year aggregate).
state:Alabama,Alabama,2023,reporting_proxy,6.044338810801951,Derived from Master CSV (state-year aggregate).
state:Alabama,Alabama,2024,dv_rate,0.08745195608162765,Derived from Master CSV (state-year aggregate).
state:Alabama,Alabama,2024,sexual_assault_rate,0.0,Derived from Master CSV (state-year aggregate).
state:Alabama,Alabama,2024,firearm_share,0.0,Derived from Master CSV (state-year aggregate).
state:Alabama,Alabama,2024,dating_partner_share,0.043478260869565216,Derived from Master CSV (state-year aggregate).
state:Alabama,Alabama,2024,reporting_proxy,2.011394989877436,Derived from Master CSV (state-year aggregate).
state:Alaska,Alaska,2021,dv_rate,0.0,Derived from Master CSV (state-year aggregate).
state:Alaska,Alaska,2021,sexual_assault_rate,0.0,Derived from Master CSV (state-year aggregate).
state:Alaska,Alaska,2021,firearm_share,0.0,Derived from Master CSV (state-year aggregate).
state:Alaska,Alaska,2021,dating_partner_share,0.0,Derived from Master CSV (state-year aggregate).
state:Alaska,Alaska,2021,reporting_proxy,0.786994356126189,Derived from Master CSV (state-year aggregate).
state:Alaska,Alaska,2022,dv_rate,0.0,Derived from Master CSV (state-year aggregate).
state:Alaska,Alaska,2022,sexual_assault_rate,0.0,Derived from Master CSV (state-year aggregate).
state:Alaska,Alaska,2022,firearm_share,0.2222222222222222,Derived from Master CSV (state-year aggregate).
state:Alaska,Alaska,2022,dating_partner_share,0.0,Derived from Master CSV (state-year aggregate).
state:Alaska,Alaska,2022,reporting_proxy,1.3199238843893335,Derived from Master CSV (state-year aggregate).
state:Alaska,Alaska,2023,dv_rate,0.0,Derived from Master CSV (state-year aggregate).
state:Alaska,Alaska,2023,sexual_assault_rate,0.0,Derived from Master CSV (state-year aggregate).
state:Alaska,Alaska,2023,firearm_share,0.0,Derived from Master CSV (state-year aggregate).
state:Alaska,Alaska,2023,dating_partner_share,0.0,Derived from Master CSV (state-year aggregate).
state:Alaska,Alaska,2023,reporting_proxy,1.0225583679968446,Derived from Master CSV (state-year aggregate).
state:Alaska,Alaska,2024,dv_rate,0.0,Derived from Master CSV (state-year aggregate).
state:Alaska,Alaska,2024,sexual_assault_rate,0.0,Derived from Master CSV (state-year aggregate).
state:Alaska,Alaska,2024,firearm_share,0.18181818181818182,Derived from Master CSV (state-year aggregate).
state:Alaska,Alaska,2024,dating_partner_share,0.0,Derived from Master CSV (state-year aggregate).
state:Alaska,Alaska,2024,reporting_proxy,0.3945919381279841,Derived from Master CSV (state-year aggregate).
state:Arizona,Arizona,2021,dv_rate,0.0,Derived from Master CSV (state-year aggregate).
state:Arizona,Arizona,2021,sexual_assault_rate,0.0,Derived from Master CSV (state-year aggregate).
state:Arizona,Arizona,2021,firearm_share,0.006993006993006993,Derived from Master CSV (state-year aggregate).
state:Arizona,Arizona,2021,dating_partner_share,0.0,Derived from Master CSV (state-year aggregate).
state:Arizona,Arizona,2021,reporting_proxy,2.78365546521112,Derived from Master CSV (state-year aggregate).
state:Arizona,Arizona,2022,dv_rate,0.0,Derived from Master CSV (state-year aggregate).
state:Arizona,Arizona,2022,sexual_assault_rate,0.0,Derived from Master CSV (state-year aggregate).
state:Arizona,Arizona,2022,firearm_share,0.02631578947368421,Derived from Master CSV (state-year aggregate).
state:Arizona,Arizona,2022,dating_partner_share,0.0,Derived from Master CSV (state-year aggregate).
state:Arizona,Arizona,2022,reporting_proxy,5.92458625340079,Derived from Master CSV (state-year aggregate).
state:Arizona,Arizona,2023,dv_rate,0.03877111086986864,Derived from Master CSV (state-year aggregate).
state:Arizona,Arizona,2023,sexual_assault_rate,0.0,Derived from Master CSV (state-year aggregate).
state:Arizona,Arizona,2023,firearm_share,0.01485148514851485,Derived from Master CSV (state-year aggregate).
state:Arizona,Arizona,2023,dating_partner_share,0.0049504950495049506,Derived from Master CSV (state-year aggregate).
state:Arizona,Arizona,2023,reporting_proxy,7.831764395713465,Derived from Master CSV (state-year aggregate).
state:Arizona,Arizona,2024,dv_rate,0.0,Derived from Master CSV (state-year aggregate).
state:Arizona,Arizona,2024,sexual_assault_rate,0.0,Derived from Master CSV (state-year aggregate).
state:Arizona,Arizona,2024,firearm_share,0.015873015873015872,Derived from Master CSV (state-year aggregate).
state:Arizona,Arizona,2024,dating_partner_share,0.0,Derived from Master CSV (state-year aggregate).
state:Arizona,Arizona,2024,reporting_proxy,5.739910967603214,Derived from Master CSV (state-year aggregate).
state:Arkansas,Arkansas,2021,dv_rate,0.0,Derived from Master CSV (state-year aggregate).
state:Arkansas,Arkansas,2021,sexual_assault_rate,0.0,Derived from Master CSV (state-year aggregate).
state:Arkansas,Arkansas,2021,firearm_share,0.019417475728155338,Derived from Master CSV (state-year aggregate).
state:Arkansas,Arkansas,2021,dating_partner_share,0.0,Derived from Master CSV (state-year aggregate).
state:Arkansas,Arkansas,2021,reporting_proxy,5.195198224553616,Derived from Master CSV (state-year aggregate).
state:Arkansas,Arkansas,2022,dv_rate,0.09924917995365062,Derived from Master CSV (state-year aggregate).
state:Arkansas,Arkansas,2022,sexual_assault_rate,0.0,Derived from Master CSV (state-year aggregate).
state:Arkansas,Arkansas,2022,firearm_share,0.12745098039215685,Derived from Master CSV (state-year aggregate).
state:Arkansas,Arkansas,2022,dating_partner_share,0.00980392156862745,Derived from Master CSV (state-year aggregate).
state:Arkansas,Arkansas,2022,reporting_proxy,10.123416355272365,Derived from Master CSV (state-year aggregate).
state:Arkansas,Arkansas,2023,dv_rate,0.09852896258855291,Derived from Master CSV (state-year aggregate).
state:Arkansas,Arkansas,2023,sexual_assault_rate,0.0,Derived from Master CSV (state-year aggregate).
state:Arkansas,Arkansas,2023,firearm_share,0.06666666666666667,Derived from Master CSV (state-year aggregate).
state:Arkansas,Arkansas,2023,dating_partner_share,0.008333333333333333,Derived from Master CSV (state-year aggregate).
state:Arkansas,Arkansas,2023,reporting_proxy,11.823475510626348,Derived from Master CSV (state-year aggregate).
state:Arkansas,Arkansas,2024,dv_rate,0.0,Derived from Master CSV (state-year aggregate).
state:Arkansas,Arkansas,2024,sexual_assault_rate,0.04896032744666996,Derived from Master CSV (state-year aggregate).
state:Arkansas,Arkansas,2024,firearm_share,0.008064516129032258,Derived from Master CSV (state-year aggregate).
state:Arkansas,Arkansas,2024,dating_partner_share,0.0,Derived from Master CSV (state-year aggregate).
state:Arkansas,Arkansas,2024,reporting_proxy,6.071080603387076,Derived from Master CSV (state-year aggregate).
state:California,California,2021,dv_rate,0.0,Derived from Master CSV (state-year aggregate).
state:California,California,2021,sexual_assault_rate,0.006970229452983363,Derived from Master CSV (state-year aggregate).
state:California,California,2021,firearm_share,0.0,Derived from Master CSV (state-year aggregate).
state:California,California,2021,dating_partner_share,0.0,Derived from Master CSV (state-year aggregate).
state:California,California,2021,reporting_proxy,0.6900527158453529,Derived from Master CSV (state-year aggregate).
state:California,California,2022,dv_rate,0.05806197825869224,Derived from Master CSV (state-year aggregate).
state:California,California,2022,sexual_assault_rate,0.0,Derived from Master CSV (state-year aggregate).
state:California,California,2022,firearm_share,0.013664596273291925,Derived from Master CSV (state-year aggregate).
state:California,California,2022,dating_partner_share,0.004968944099378882,Derived from Master CSV (state-year aggregate).
state:California,California,2022,reporting_proxy,11.684973124561813,Derived from Master CSV (state-year aggregate).
state:California,California,2023,dv_rate,0.13059101867524117,Derived from Master CSV (state-year aggregate).
state:California,California,2023,sexual_assault_rate,0.029020226372275817,Derived from Master CSV (state-year aggregate).
state:California,California,2023,firearm_share,0.014756944444444444,Derived from Master CSV (state-year aggregate).
state:California,California,2023,dating_partner_share,0.0078125,Derived from Master CSV (state-year aggregate).
state:California,California,2023,reporting_proxy,16.71565039043087,Derived from Master CSV (state-year aggregate).
state:California,California,2024,dv_rate,0.023706969216763882,Derived from Master CSV (state-year aggregate).
state:California,California,2024,sexual_assault_rate,0.0026341076907515425,Derived from Master CSV (state-year aggregate).
state:California,California,2024,firearm_share,0.02178649237472767,Derived from Master CSV (state-year aggregate).
state:California,California,2024,dating_partner_share,0.006535947712418301,Derived from Master CSV (state-year aggregate).
state:California,California,2024,reporting_proxy,3.6271662901648742,Derived from Master CSV (state-year aggregate).
state:Colorado,Colorado,2021,dv_rate,0.0,Derived from Master CSV (state-year aggregate).
state:Colorado,Colorado,2021,sexual_assault_rate,0.0,Derived from Master CSV (state-year aggregate).
state:Colorado,Colorado,2021,firearm_share,0.09830508474576272,Derived from Master CSV (state-year aggregate).
state:Colorado,Colorado,2021,dating_partner_share,0.0,Derived from Master CSV (state-year aggregate).
state:Colorado,Colorado,2021,reporting_proxy,3.985360891315831,Derived from Master CSV (state-year aggregate).
state:Colorado,Colorado,2022,dv_rate,0.0,Derived from Master CSV (state-year aggregate).
state:Colorado,Colorado,2022,sexual_assault_rate,0.0,Derived from Master CSV (state-year aggregate).
state:Colorado,Colorado,2022,firearm_share,0.05167173252279635,Derived from Master CSV (state-year aggregate).
state:Colorado,Colorado,2022,dating_partner_share,0.0,Derived from Master CSV (state-year aggregate).
state:Colorado,Colorado,2022,reporting_proxy,9.329839606161665,Derived from Master CSV (state-year aggregate).
state:Colorado,Colorado,2023,dv_rate,0.02808113200659345,Derived from Master CSV (state-year aggregate).
state:Colorado,Colorado,2023,sexual_assault_rate,0.0,Derived from Master CSV (state-year aggregate).
state:Colorado,Colorado,2023,firearm_share,0.04833836858006042,Derived from Master CSV (state-year aggregate).
state:Colorado,Colorado,2023,dating_partner_share,0.0030211480362537764,Derived from Master CSV (state-year aggregate).
state:Colorado,Colorado,2023,reporting_proxy,9.294854694182431,Derived from Master CSV (state-year aggregate).
state:Colorado,Colorado,2024,dv_rate,0.04154946255770181,Derived from Master CSV (state-year aggregate).
state:Colorado,Colorado,2024,sexual_assault_rate,0.0,Derived from Master CSV (state-year aggregate).
state:Colorado,Colorado,2024,firearm_share,0.0583756345177665,Derived from Master CSV (state-year aggregate).
state:Colorado,Colorado,2024,dating_partner_share,0.007614213197969543,Derived from Master CSV (state-year aggregate).
state:Colorado,Colorado,2024,reporting_proxy,5.456829415911505,Derived from Master CSV (state-year aggregate).
state:Connecticut,Connecticut,2021,dv_rate,0.0,Derived from Master CSV (state-year aggregate).
state:Connecticut,Connecticut,2021,sexual_assault_rate,0.0,Derived from Master CSV (state-year aggregate).
state:Connecticut,Connecticut,2021,firearm_share,0.0,Derived from Master CSV (state-year aggregate).
state:Connecticut,Connecticut,2021,dating_partner_share,0.0,Derived from Master CSV (state-year aggregate).
state:Connecticut,Connecticut,2021,reporting_proxy,1.5463120457708364,Derived from Master CSV (state-year aggregate).
state:Connecticut,Connecticut,2022,dv_rate,0.0,Derived from Master CSV (state-year aggregate).
state:Connecticut,Connecticut,2022,sexual_assault_rate,0.07853824616242495,Derived from Master CSV (state-year aggregate).
state:Connecticut,Connecticut,2022,firearm_share,0.011235955056179775,Derived from Master CSV (state-year aggregate).
state:Connecticut,Connecticut,2022,dating_partner_share,0.0,Derived from Master CSV (state-year aggregate).
state:Connecticut,Connecticut,2022,reporting_proxy,3.4949519542279104,Derived from Master CSV (state-year aggregate).
state:Connecticut,Connecticut,2023,dv_rate,0.0,Derived from Master CSV (state-year aggregate).
state:Connecticut,Connecticut,2023,sexual_assault_rate,0.0,Derived from Master CSV (state-year aggregate).
state:Connecticut,Connecticut,2023,firearm_share,0.0,Derived from Master CSV (state-year aggregate).
state:Connecticut,Connecticut,2023,dating_partner_share,0.0,Derived from Master CSV (state-year aggregate).
state:Connecticut,Connecticut,2023,reporting_proxy,3.7923515165096577,Derived from Master CSV (state-year aggregate).
state:Connecticut,Connecticut,2024,dv_rate,0.0,Derived from Master CSV (state-year aggregate).
state:Connecticut,Connecticut,2024,sexual_assault_rate,0.0,Derived from Master CSV (state-year aggregate).
state:Connecticut,Connecticut,2024,firearm_share,0.0,Derived from Master CSV (state-year aggregate).
state:Connecticut,Connecticut,2024,dating_partner_share,0.0,Derived from Master CSV (state-year aggregate).
state:Connecticut,Connecticut,2024,reporting_proxy,3.9154267815191854,Derived from Master CSV (state-year aggregate).
state:Delaware,Delaware,2021,dv_rate,0.0,Derived from Master CSV (state-year aggregate).
state:Delaware,Delaware,2021,sexual_assault_rate,0.0,Derived from Master CSV (state-year aggregate).
state:Delaware,Delaware,2021,firearm_share,0.01282051282051282,Derived from Master CSV (state-year aggregate).
state:Delaware,Delaware,2021,dating_partner_share,0.0,Derived from Master CSV (state-year aggregate).
state:Delaware,Delaware,2021,reporting_proxy,1.8340167789022235,Derived from Master CSV (state-year aggregate).
state:Delaware,Delaware,2022,dv_rate,0.0,Derived from Master CSV (state-year aggregate).
state:Delaware,Delaware,2022,sexual_assault_rate,0.0,Derived from Master CSV (state-year aggregate).
state:Delaware,Delaware,2022,firearm_share,0.013333333333333334,Derived from Master CSV (state-year aggregate).
state:Delaware,Delaware,2022,dating_partner_share,0.0,Derived from Master CSV (state-year aggregate).
state:Delaware,Delaware,2022,reporting_proxy,3.4835275593476975,Derived from Master CSV (state-year aggregate).
state:Delaware,Delaware,2023,dv_rate,0.0,Derived from Master CSV (state-year aggregate).
state:Delaware,Delaware,2023,sexual_assault_rate,0.0,Derived from Master CSV (state-year aggregate).
state:Delaware,Delaware,2023,firearm_share,0.07407407407407407,Derived from Master CSV (state-year aggregate).
state:Delaware,Delaware,2023,dating_partner_share,0.0,Derived from Master CSV (state-year aggregate).
state:Delaware,Delaware,2023,reporting_proxy,2.4958575697280208,Derived from Master CSV (state-year aggregate).
state:Delaware,Delaware,2024,dv_rate,0.0,Derived from Master CSV (state-year aggregate).
state:Delaware,Delaware,2024,sexual_assault_rate,0.0,Derived from Master CSV (state-year aggregate).
state:Delaware,Delaware,2024,firearm_share,0.05084745762711865,Derived from Master CSV (state-year aggregate).
state:Delaware,Delaware,2024,dating_partner_share,0.0,Derived from Master CSV (state-year aggregate).
state:Delaware,Delaware,2024,reporting_proxy,1.3422543958831463,Derived from Master CSV (state-year aggregate).
state:District of Columbia,District of Columbia,2021,dv_rate,0.0,Derived from Master CSV (state-year aggregate).
state:District of Columbia,District of Columbia,2021,sexual_assault_rate,0.0,Derived from Master CSV (state-year aggregate).
state:District of Columbia,District of Columbia,2021,firearm_share,0.043010752688172046,Derived from Master CSV (state-year aggregate).
state:District of Columbia,District of Columbia,2021,dating_partner_share,0.0,Derived from Master CSV (state-year aggregate).
state:District of Columbia,District of Columbia,2021,reporting_proxy,1.3879561226774122,Derived from Master CSV (state-year aggregate).
state:District of Columbia,District of Columbia,2022,dv_rate,0.0,Derived from Master CSV (state-year aggregate).
state:District of Columbia,District of Columbia,2022,sexual_assault_rate,0.0,Derived from Master CSV (state-year aggregate).
state:District of Columbia,District of Columbia,2022,firearm_share,0.011560693641618497,Derived from Master CSV (state-year aggregate).
state:District of Columbia,District of Columbia,2022,dating_partner_share,0.0,Derived from Master CSV (state-year aggregate).
state:District of Columbia,District of Columbia,2022,reporting_proxy,5.150319364456544,Derived from Master CSV (state-year aggregate).
state:District of Columbia,District of Columbia,2023,dv_rate,0.0,Derived from Master CSV (state-year aggregate).
state:District of Columbia,District of Columbia,2023,sexual_assault_rate,0.029456295694078694,Derived from Master CSV (state-year aggregate).
state:District of Columbia,District of Columbia,2023,firearm_share,0.0041841004184100415,Derived from Master CSV (state-year aggregate).
state:District of Columbia,District of Columbia,2023,dating_partner_share,0.0,Derived from Master CSV (state-year aggregate).
state:District of Columbia,District of Columbia,2023,reporting_proxy,7.040054670884808,Derived from Master CSV (state-year aggregate).
state:District of Columbia,District of Columbia,2024,dv_rate,0.0,Derived from Master CSV (state-year aggregate).
state:District of Columbia,District of Columbia,2024,sexual_assault_rate,0.0,Derived from Master CSV (state-year aggregate).
state:District of Columbia,District of Columbia,2024,firearm_share,0.007042253521126761,Derived from Master CSV (state-year aggregate).
state:District of Columbia,District of Columbia,2024,dating_partner_share,0.0,Derived from Master CSV (state-year aggregate).
state:District of Columbia,District of Columbia,2024,reporting_proxy,4.044143823424706,Derived from Master CSV (state-year aggregate).
state:Florida,Florida,2021,dv_rate,0.0,Derived from Master CSV (state-year aggregate).
state:Florida,Florida,2021,sexual_assault_rate,0.0,Derived from Master CSV (state-year aggregate).
state:Florida,Florida,2021,firearm_share,0.0,Derived from Master CSV (state-year aggregate).
state:Florida,Florida,2021,dating_partner_share,0.0,Derived from Master CSV (state-year aggregate).
state:Florida,Florida,2021,reporting_proxy,0.0,Derived from Master CSV (state-year aggregate).
state:Florida,Florida,2022,dv_rate,0.0,Derived from Master CSV (state-year aggregate).
state:Florida,Florida,2022,sexual_assault_rate,0.0,Derived from Master CSV (state-year aggregate).
state:Florida,Florida,2022,firearm_share,0.03164556962025317,Derived from Master CSV (state-year aggregate).
state:Florida,Florida,2022,dating_partner_share,0.0,Derived from Master CSV (state-year aggregate).
state:Florida,Florida,2022,reporting_proxy,5.355991210072653,Derived from Master CSV (state-year aggregate).
state:Florida,Florida,2023,dv_rate,0.017239164969327217,Derived from Master CSV (state-year aggregate).
state:Florida,Florida,2023,sexual_assault_rate,0.0,Derived from Master CSV (state-year aggregate).
state:Florida,Florida,2023,firearm_share,0.0379746835443038,Derived from Master CSV (state-year aggregate).
state:Florida,Florida,2023,dating_partner_share,0.0018083182640144665,Derived from Master CSV (state-year aggregate).
state:Florida,Florida,2023,reporting_proxy,9.53325822803795,Derived from Master CSV (state-year aggregate).
state:Florida,Florida,2024,dv_rate,0.008250804659724439,Derived from Master CSV (state-year aggregate).
state:Florida,Florida,2024,sexual_assault_rate,0.0,Derived from Master CSV (state-year aggregate).
state:Florida,Florida,2024,firearm_share,0.046413502109704644,Derived from Master CSV (state-year aggregate).
state:Florida,Florida,2024,dating_partner_share,0.0014064697609001407,Derived from Master CSV (state-year aggregate).
state:Florida,Florida,2024,reporting_proxy,5.866322113064076,Derived from Master CSV (state-year aggregate).
state:Georgia,Georgia,2021,dv_rate,0.0,Derived from Master CSV (state-year aggregate).
state:Georgia,Georgia,2021,sexual_assault_rate,0.0,Derived from Master CSV (state-year aggregate).
state:Georgia,Georgia,2021,firearm_share,0.06756756756756757,Derived from Master CSV (state-year aggregate).
state:Georgia,Georgia,2021,dating_partner_share,0.0,Derived from Master CSV (state-year aggregate).
state:Georgia,Georgia,2021,reporting_proxy,3.896924589243084,Derived from Master CSV (state-year aggregate).
state:Georgia,Georgia,2022,dv_rate,0.0,Derived from Master CSV (state-year aggregate).
state:Georgia,Georgia,2022,sexual_assault_rate,0.0,Derived from Master CSV (state-year aggregate).
state:Georgia,Georgia,2022,firearm_share,0.11864406779661017,Derived from Master CSV (state-year aggregate).
state:Georgia,Georgia,2022,dating_partner_share,0.0,Derived from Master CSV (state-year aggregate).
state:Georgia,Georgia,2022,reporting_proxy,4.281639989066095,Derived from Master CSV (state-year aggregate).
state:Georgia,Georgia,2023,dv_rate,0.0,Derived from Master CSV (state-year aggregate).
state:Georgia,Georgia,2023,sexual_assault_rate,0.0,Derived from Master CSV (state-year aggregate).
state:Georgia,Georgia,2023,firearm_share,0.03932584269662921,Derived from Master CSV (state-year aggregate).
state:Georgia,Georgia,2023,dating_partner_share,0.0,Derived from Master CSV (state-year aggregate).
state:Georgia,Georgia,2023,reporting_proxy,4.263830500760543,Derived from Master CSV (state-year aggregate).
state:Georgia,Georgia,2024,dv_rate,0.011862410275694277,Derived from Master CSV (state-year aggregate).
state:Georgia,Georgia,2024,sexual_assault_rate,0.0,Derived from Master CSV (state-year aggregate).
state:Georgia,Georgia,2024,firearm_share,0.035175879396984924,Derived from Master CSV (state-year aggregate).
state:Georgia,Georgia,2024,dating_partner_share,0.005025125628140704,Derived from Master CSV (state-year aggregate).
state:Georgia,Georgia,2024,reporting_proxy,2.3606196448631613,Derived from Master CSV (state-year aggregate).
state:Hawaii,Hawaii,2021,dv_rate,0.0,Derived from Master CSV (state-year aggregate).
state:Hawaii,Hawaii,2021,sexual_assault_rate,0.0,Derived from Master CSV (state-year aggregate).
state:Hawaii,Hawaii,2021,firearm_share,0.0,Derived from Master CSV (state-year aggregate).
state:Hawaii,Hawaii,2021,dating_partner_share,0.0,Derived from Master CSV (state-year aggregate).
state:Hawaii,Hawaii,2021,reporting_proxy,0.32482758760701547,Derived from Master CSV (state-year aggregate).
state:Hawaii,Hawaii,2022,dv_rate,0.040209127673027416,Derived from Master CSV (state-year aggregate).
state:Hawaii,Hawaii,2022,sexual_assault_rate,0.0,Derived from Master CSV (state-year aggregate).
state:Hawaii,Hawaii,2022,firearm_share,0.0,Derived from Master CSV (state-year aggregate).
state:Hawaii,Hawaii,2022,dating_partner_share,0.05,Derived from Master CSV (state-year aggregate).
state:Hawaii,Hawaii,2022,reporting_proxy,0.8041825534605483,Derived from Master CSV (state-year aggregate).
state:Hawaii,Hawaii,2023,dv_rate,0.0,Derived from Master CSV (state-year aggregate).
state:Hawaii,Hawaii,2023,sexual_assault_rate,0.0,Derived from Master CSV (state-year aggregate).
state:Hawaii,Hawaii,2023,firearm_share,0.0,Derived from Master CSV (state-year aggregate).
state:Hawaii,Hawaii,2023,dating_partner_share,0.0,Derived from Master CSV (state-year aggregate).
state:Hawaii,Hawaii,2023,reporting_proxy,0.5670621925459675,Derived from Master CSV (state-year aggregate).
state:Hawaii,Hawaii,2024,dv_rate,0.0,Derived from Master CSV (state-year aggregate).
state:Hawaii,Hawaii,2024,sexual_assault_rate,0.0,Derived from Master CSV (state-year aggregate).
state:Hawaii,Hawaii,2024,firearm_share,0.0,Derived from Master CSV (state-year aggregate).
state:Hawaii,Hawaii,2024,dating_partner_share,0.0,Derived from Master CSV (state-year aggregate).
state:Hawaii,Hawaii,2024,reporting_proxy,0.3625476221407833,Derived from Master CSV (state-year aggregate).
state:Idaho,Idaho,2021,dv_rate,0.0,Derived from Master CSV (state-year aggregate).
state:Idaho,Idaho,2021,sexual_assault_rate,0.0,Derived from Master CSV (state-year aggregate).
state:Idaho,Idaho,2021,firearm_share,0.022222222222222223,Derived from Master CSV (state-year aggregate).
state:Idaho,Idaho,2021,dating_partner_share,0.0,Derived from Master CSV (state-year aggregate).
state:Idaho,Idaho,2021,reporting_proxy,1.9404748557580356,Derived from Master CSV (state-year aggregate).
state:Idaho,Idaho,2022,dv_rate,0.0,Derived from Master CSV (state-year aggregate).
state:Idaho,Idaho,2022,sexual_assault_rate,0.0,Derived from Master CSV (state-year aggregate).
state:Idaho,Idaho,2022,firearm_share,0.017241379310344827,Derived from Master CSV (state-year aggregate).
state:Idaho,Idaho,2022,dating_partner_share,0.0,Derived from Master CSV (state-year aggregate).
state:Idaho,Idaho,2022,reporting_proxy,4.852054175694555,Derived from Master CSV (state-year aggregate).
state:Idaho,Idaho,2023,dv_rate,0.0,Derived from Master CSV (state-year aggregate).
state:Idaho,Idaho,2023,sexual_assault_rate,0.0,Derived from Master CSV (state-year aggregate).
state:Idaho,Idaho,2023,firearm_share,0.05084745762711865,Derived from Master CSV (state-year aggregate).
state:Idaho,Idaho,2023,dating_partner_share,0.0,Derived from Master CSV (state-year aggregate).
state:Idaho,Idaho,2023,reporting_proxy,4.9799745936889375,Derived from Master CSV (state-year aggregate).
state:Idaho,Idaho,2024,dv_rate,0.0,Derived from Master CSV (state-year aggregate).
state:Idaho,Idaho,2024,sexual_assault_rate,0.0,Derived from Master CSV (state-year aggregate).
state:Idaho,Idaho,2024,firearm_share,0.0,Derived from Master CSV (state-year aggregate).
state:Idaho,Idaho,2024,dating_partner_share,0.0,Derived from Master CSV (state-year aggregate).
state:Idaho,Idaho,2024,reporting_proxy,1.9981039269119092,Derived from Master CSV (state-year aggregate).
state:Illinois,Illinois,2021,dv_rate,0.0,Derived from Master CSV (state-year aggregate).
state:Illinois,Illinois,2021,sexual_assault_rate,0.0,Derived from Master CSV (state-year aggregate).
state:Illinois,Illinois,2021,firearm_share,0.008695652173913044,Derived from Master CSV (state-year aggregate).
state:Illinois,Illinois,2021,dating_partner_share,0.0,Derived from Master CSV (state-year aggregate).
state:Illinois,Illinois,2021,reporting_proxy,7.741188508037373,Derived from Master CSV (state-year aggregate).
state:Illinois,Illinois,2022,dv_rate,0.0,Derived from Master CSV (state-year aggregate).
state:Illinois,Illinois,2022,sexual_assault_rate,0.0,Derived from Master CSV (state-year aggregate).
state:Illinois,Illinois,2022,firearm_share,0.018072289156626505,Derived from Master CSV (state-year aggregate).
state:Illinois,Illinois,2022,dating_partner_share,0.0,Derived from Master CSV (state-year aggregate).
state:Illinois,Illinois,2022,reporting_proxy,22.053206682387327,Derived from Master CSV (state-year aggregate).
state:Illinois,Illinois,2023,dv_rate,0.5658925256915206,Derived from Master CSV (state-year aggregate).
state:Illinois,Illinois,2023,sexual_assault_rate,0.0,Derived from Master CSV (state-year aggregate).
state:Illinois,Illinois,2023,firearm_share,0.0,Derived from Master CSV (state-year aggregate).
state:Illinois,Illinois,2023,dating_partner_share,0.01597444089456869,Derived from Master CSV (state-year aggregate).
state:Illinois,Illinois,2023,reporting_proxy,35.42487210828919,Derived from Master CSV (state-year aggregate).
state:Illinois,Illinois,2024,dv_rate,0.01894873911300194,Derived from Master CSV (state-year aggregate).
state:Illinois,Illinois,2024,sexual_assault_rate,0.0,Derived from Master CSV (state-year aggregate).
state:Illinois,Illinois,2024,firearm_share,0.006012024048096192,Derived from Master CSV (state-year aggregate).
state:Illinois,Illinois,2024,dating_partner_share,0.01002004008016032,Derived from Master CSV (state-year aggregate).
state:Illinois,Illinois,2024,reporting_proxy,1.891084163477594,Derived from Master CSV (state-year aggregate).
state:Indiana,Indiana,2021,dv_rate,0.10046593869791678,Derived from Master CSV (state-year aggregate).
state:Indiana,Indiana,2021,sexual_assault_rate,0.0,Derived from Master CSV (state-year aggregate).
state:Indiana,Indiana,2021,firearm_share,0.024509803921568627,Derived from Master CSV (state-year aggregate).
state:Indiana,Indiana,2021,dating_partner_share,0.04411764705882353,Derived from Master CSV (state-year aggregate).
state:Indiana,Indiana,2021,reporting_proxy,2.2772279438194474,Derived from Master CSV (state-year aggregate).
state:Indiana,Indiana,2022,dv_rate,0.3158648775177533,Derived from Master CSV (state-year aggregate).
state:Indiana,Indiana,2022,sexual_assault_rate,0.022561776965553806,Derived from Master CSV (state-year aggregate).
state:Indiana,Indiana,2022,firearm_share,0.015209125475285171,Derived from Master CSV (state-year aggregate).
state:Indiana,Indiana,2022,dating_partner_share,0.053231939163498096,Derived from Master CSV (state-year aggregate).
state:Indiana,Indiana,2022,reporting_proxy,5.933747341940651,Derived from Master CSV (state-year aggregate).
state:Indiana,Indiana,2023,dv_rate,0.04508916946877067,Derived from Master CSV (state-year aggregate).
state:Indiana,Indiana,2023,sexual_assault_rate,0.0,Derived from Master CSV (state-year aggregate).
state:Indiana,Indiana,2023,firearm_share,0.0038461538461538464,Derived from Master CSV (state-year aggregate).
state:Indiana,Indiana,2023,dating_partner_share,0.007692307692307693,Derived from Master CSV (state-year aggregate).
state:Indiana,Indiana,2023,reporting_proxy,5.861592030940187,Derived from Master CSV (state-year aggregate).
state:Indiana,Indiana,2024,dv_rate,0.01122731380903462,Derived from Master CSV (state-year aggregate).
state:Indiana,Indiana,2024,sexual_assault_rate,0.0,Derived from Master CSV (state-year aggregate).
state:Indiana,Indiana,2024,firearm_share,0.017605633802816902,Derived from Master CSV (state-year aggregate).
state:Indiana,Indiana,2024,dating_partner_share,0.0035211267605633804,Derived from Master CSV (state-year aggregate).
state:Indiana,Indiana,2024,reporting_proxy,3.1885571217658324,Derived from Master CSV (state-year aggregate).
state:Iowa,Iowa,2021,dv_rate,0.0,Derived from Master CSV (state-year aggregate).
state:Iowa,Iowa,2021,sexual_assault_rate,0.0,Derived from Master CSV (state-year aggregate).
state:Iowa,Iowa,2021,firearm_share,0.0,Derived from Master CSV (state-year aggregate).
state:Iowa,Iowa,2021,dating_partner_share,0.0,Derived from Master CSV (state-year aggregate).
state:Iowa,Iowa,2021,reporting_proxy,3.567070308833192,Derived from Master CSV (state-year aggregate).
state:Iowa,Iowa,2022,dv_rate,0.0,Derived from Master CSV (state-year aggregate).
state:Iowa,Iowa,2022,sexual_assault_rate,0.0,Derived from Master CSV (state-year aggregate).
state:Iowa,Iowa,2022,firearm_share,0.014814814814814815,Derived from Master CSV (state-year aggregate).
state:Iowa,Iowa,2022,dating_partner_share,0.0,Derived from Master CSV (state-year aggregate).
state:Iowa,Iowa,2022,reporting_proxy,12.834163592805263,Derived from Master CSV (state-year aggregate).
state:Iowa,Iowa,2023,dv_rate,0.0,Derived from Master CSV (state-year aggregate).
state:Iowa,Iowa,2023,sexual_assault_rate,0.09539345028570338,Derived from Master CSV (state-year aggregate).
state:Iowa,Iowa,2023,firearm_share,0.006493506493506494,Derived from Master CSV (state-year aggregate).
state:Iowa,Iowa,2023,dating_partner_share,0.0,Derived from Master CSV (state-year aggregate).
state:Iowa,Iowa,2023,reporting_proxy,14.690591343998323,Derived from Master CSV (state-year aggregate).
state:Iowa,Iowa,2024,dv_rate,0.04779086716528472,Derived from Master CSV (state-year aggregate).
state:Iowa,Iowa,2024,sexual_assault_rate,0.0,Derived from Master CSV (state-year aggregate).
state:Iowa,Iowa,2024,firearm_share,0.014634146341463415,Derived from Master CSV (state-year aggregate).
state:Iowa,Iowa,2024,dating_partner_share,0.004878048780487805,Derived from Master CSV (state-year aggregate).
state:Iowa,Iowa,2024,reporting_proxy,9.797127768883366,Derived from Master CSV (state-year aggregate).
state:Kentucky,Kentucky,2021,dv_rate,0.9436243431489924,Derived from Master CSV (state-year aggregate).
state:Kentucky,Kentucky,2021,sexual_assault_rate,0.0,Derived from Master CSV (state-year aggregate).
state:Kentucky,Kentucky,2021,firearm_share,0.02666666666666667,Derived from Master CSV (state-year aggregate).
state:Kentucky,Kentucky,2021,dating_partner_share,0.28444444444444444,Derived from Master CSV (state-year aggregate).
state:Kentucky,Kentucky,2021,reporting_proxy,3.3174293313831766,Derived from Master CSV (state-year aggregate).
state:Kentucky,Kentucky,2022,dv_rate,1.8005944913615741,Derived from Master CSV (state-year aggregate).
state:Kentucky,Kentucky,2022,sexual_assault_rate,0.0,Derived from Master CSV (state-year aggregate).
state:Kentucky,Kentucky,2022,firearm_share,0.04020100502512563,Derived from Master CSV (state-year aggregate).
state:Kentucky,Kentucky,2022,dating_partner_share,0.3065326633165829,Derived from Master CSV (state-year aggregate).
state:Kentucky,Kentucky,2022,reporting_proxy,5.874070553786119,Derived from Master CSV (state-year aggregate).
state:Kentucky,Kentucky,2023,dv_rate,1.852216984232256,Derived from Master CSV (state-year aggregate).
state:Kentucky,Kentucky,2023,sexual_assault_rate,0.029874467487617035,Derived from Master CSV (state-year aggregate).
state:Kentucky,Kentucky,2023,firearm_share,0.017467248908296942,Derived from Master CSV (state-year aggregate).
state:Kentucky,Kentucky,2023,dating_partner_share,0.27074235807860264,Derived from Master CSV (state-year aggregate).
state:Kentucky,Kentucky,2023,reporting_proxy,6.841253054664301,Derived from Master CSV (state-year aggregate).
state:Kentucky,Kentucky,2024,dv_rate,0.8716940265320023,Derived from Master CSV (state-year aggregate).
state:Kentucky,Kentucky,2024,sexual_assault_rate,0.0,Derived from Master CSV (state-year aggregate).
state:Kentucky,Kentucky,2024,firearm_share,0.004784688995215311,Derived from Master CSV (state-year aggregate).
state:Kentucky,Kentucky,2024,dating_partner_share,0.2822966507177033,Derived from Master CSV (state-year aggregate).
state:Kentucky,Kentucky,2024,reporting_proxy,3.0878652804269233,Derived from Master CSV (state-year aggregate).
state:Louisiana,Louisiana,2021,dv_rate,0.5489779859827622,Derived from Master CSV (state-year aggregate).
state:Louisiana,Louisiana,2021,sexual_assault_rate,0.0,Derived from Master CSV (state-year aggregate).
state:Louisiana,Louisiana,2021,firearm_share,0.014598540145985401,Derived from Master CSV (state-year aggregate).
state:Louisiana,Louisiana,2021,dating_partner_share,0.06569343065693431,Derived from Master CSV (state-year aggregate).
state:Louisiana,Louisiana,2021,reporting_proxy,8.3566648977376,Derived from Master CSV (state-year aggregate).
state:Louisiana,Louisiana,2022,dv_rate,1.2874510308804328,Derived from Master CSV (state-year aggregate).
state:Louisiana,Louisiana,2022,sexual_assault_rate,0.0,Derived from Master CSV (state-year aggregate).
state:Louisiana,Louisiana,2022,firearm_share,0.013452914798206279,Derived from Master CSV (state-year aggregate).
state:Louisiana,Louisiana,2022,dating_partner_share,0.09417040358744394,Derived from Master CSV (state-year aggregate).
state:Louisiana,Louisiana,2022,reporting_proxy,13.67150380411126,Derived from Master CSV (state-year aggregate).
state:Louisiana,Louisiana,2023,dv_rate,1.1180818684390335,Derived from Master CSV (state-year aggregate).
state:Louisiana,Louisiana,2023,sexual_assault_rate,0.06211565935772408,Derived from Master CSV (state-year aggregate).
state:Louisiana,Louisiana,2023,firearm_share,0.02702702702702703,Derived from Master CSV (state-year aggregate).
state:Louisiana,Louisiana,2023,dating_partner_share,0.060810810810810814,Derived from Master CSV (state-year aggregate).
state:Louisiana,Louisiana,2023,reporting_proxy,18.38623516988633,Derived from Master CSV (state-year aggregate).
state:Louisiana,Louisiana,2024,dv_rate,0.8363120497079103,Derived from Master CSV (state-year aggregate).
state:Louisiana,Louisiana,2024,sexual_assault_rate,0.030974520359552234,Derived from Master CSV (state-year aggregate).
state:Louisiana,Louisiana,2024,firearm_share,0.028132992327365727,Derived from Master CSV (state-year aggregate).
state:Louisiana,Louisiana,2024,dating_partner_share,0.06905370843989769,Derived from Master CSV (state-year aggregate).
state:Louisiana,Louisiana,2024,reporting_proxy,12.111037460584924,Derived from Master CSV (state-year aggregate).
state:Maine,Maine,2021,dv_rate,0.0,Derived from Master CSV (state-year aggregate).
state:Maine,Maine,2021,sexual_assault_rate,0.0,Derived from Master CSV (state-year aggregate).
state:Maine,Maine,2021,firearm_share,0.0,Derived from Master CSV (state-year aggregate).
state:Maine,Maine,2021,dating_partner_share,0.0,Derived from Master CSV (state-year aggregate).
state:Maine,Maine,2021,reporting_proxy,5.084112149532711,Derived from Master CSV (state-year aggregate).
state:Maine,Maine,2022,dv_rate,0.0,Derived from Master CSV (state-year aggregate).
state:Maine,Maine,2022,sexual_assault_rate,0.0,Derived from Master CSV (state-year aggregate).
state:Maine,Maine,2022,firearm_share,0.0,Derived from Master CSV (state-year aggregate).
state:Maine,Maine,2022,dating_partner_share,0.0,Derived from Master CSV (state-year aggregate).
state:Maine,Maine,2022,reporting_proxy,4.873136025470258,Derived from Master CSV (state-year aggregate).
state:Maine,Maine,2023,dv_rate,0.0,Derived from Master CSV (state-year aggregate).
state:Maine,Maine,2023,sexual_assault_rate,0.0,Derived from Master CSV (state-year aggregate).
state:Maine,Maine,2023,firearm_share,0.0,Derived from Master CSV (state-year aggregate).
state:Maine,Maine,2023,dating_partner_share,0.0,Derived from Master CSV (state-year aggregate).
state:Maine,Maine,2023,reporting_proxy,7.018569966369353,Derived from Master CSV (state-year aggregate).
state:Maine,Maine,2024,dv_rate,0.0,Derived from Master CSV (state-year aggregate).
state:Maine,Maine,2024,sexual_assault_rate,0.0,Derived from Master CSV (state-year aggregate).
state:Maine,Maine,2024,firearm_share,0.07692307692307693,Derived from Master CSV (state-year aggregate).
state:Maine,Maine,2024,dating_partner_share,0.0,Derived from Master CSV (state-year aggregate).
state:Maine,Maine,2024,reporting_proxy,1.8756312220458808,Derived from Master CSV (state-year aggregate).
state:Maryland,Maryland,2021,dv_rate,0.009487287982831804,Derived from Master CSV (state-year aggregate).
state:Maryland,Maryland,2021,sexual_assault_rate,0.0,Derived from Master CSV (state-year aggregate).
state:Maryland,Maryland,2021,firearm_share,0.026881720430107527,Derived from Master CSV (state-year aggregate).
state:Maryland,Maryland,2021,dating_partner_share,0.005376344086021506,Derived from Master CSV (state-year aggregate).
state:Maryland,Maryland,2021,reporting_proxy,1.7646355648067154,Derived from Master CSV (state-year aggregate).
state:Maryland,Maryland,2022,dv_rate,0.11647861840828086,Derived from Master CSV (state-year aggregate).
state:Maryland,Maryland,2022,sexual_assault_rate,0.01941310306804681,Derived from Master CSV (state-year aggregate).
state:Maryland,Maryland,2022,firearm_share,0.017985611510791366,Derived from Master CSV (state-year aggregate).
state:Maryland,Maryland,2022,dating_partner_share,0.02158273381294964,Derived from Master CSV (state-year aggregate).
state:Maryland,Maryland,2022,reporting_proxy,5.396842652917012,Derived from Master CSV (state-year aggregate).
state:Maryland,Maryland,2023,dv_rate,0.0,Derived from Master CSV (state-year aggregate).
state:Maryland,Maryland,2023,sexual_assault_rate,0.02229746377498291,Derived from Master CSV (state-year aggregate).
state:Maryland,Maryland,2023,firearm_share,0.038461538461538464,Derived from Master CSV (state-year aggregate).
state:Maryland,Maryland,2023,dating_partner_share,0.0,Derived from Master CSV (state-year aggregate).
state:Maryland,Maryland,2023,reporting_proxy,8.696010872243336,Derived from Master CSV (state-year aggregate).
state:Maryland,Maryland,2024,dv_rate,0.04371331496645549,Derived from Master CSV (state-year aggregate).
state:Maryland,Maryland,2024,sexual_assault_rate,0.0,Derived from Master CSV (state-year aggregate).
state:Maryland,Maryland,2024,firearm_share,0.014989293361884369,Derived from Master CSV (state-year aggregate).
state:Maryland,Maryland,2024,dating_partner_share,0.008565310492505354,Derived from Master CSV (state-year aggregate).
state:Maryland,Maryland,2024,reporting_proxy,5.103529522333679,Derived from Master CSV (state-year aggregate).
state:Massachusetts,Massachusetts,2021,dv_rate,0.0,Derived from Master CSV (state-year aggregate).
state:Massachusetts,Massachusetts,2021,sexual_assault_rate,0.0,Derived from Master CSV (state-year aggregate).
state:Massachusetts,Massachusetts,2021,firearm_share,0.00904977375565611,Derived from Master CSV (state-year aggregate).
state:Massachusetts,Massachusetts,2021,dating_partner_share,0.0,Derived from Master CSV (state-year aggregate).
state:Massachusetts,Massachusetts,2021,reporting_proxy,3.135828184993998,Derived from Master CSV (state-year aggregate).
state:Massachusetts,Massachusetts,2022,dv_rate,0.0,Derived from Master CSV (state-year aggregate).
state:Massachusetts,Massachusetts,2022,sexual_assault_rate,0.0,Derived from Master CSV (state-year aggregate).
state:Massachusetts,Massachusetts,2022,firearm_share,0.009009009009009009,Derived from Master CSV (state-year aggregate).
state:Massachusetts,Massachusetts,2022,dating_partner_share,0.0,Derived from Master CSV (state-year aggregate).
state:Massachusetts,Massachusetts,2022,reporting_proxy,6.949172438079587,Derived from Master CSV (state-year aggregate).
state:Massachusetts,Massachusetts,2023,dv_rate,0.031112763544552696,Derived from Master CSV (state-year aggregate).
state:Massachusetts,Massachusetts,2023,sexual_assault_rate,0.031112763544552696,Derived from Master CSV (state-year aggregate).
state:Massachusetts,Massachusetts,2023,firearm_share,0.016778523489932886,Derived from Master CSV (state-year aggregate).
state:Massachusetts,Massachusetts,2023,dating_partner_share,0.003355704697986577,Derived from Master CSV (state-year aggregate).
state:Massachusetts,Massachusetts,2023,reporting_proxy,9.271603536276704,Derived from Master CSV (state-year aggregate).
state:Massachusetts,Massachusetts,2024,dv_rate,0.060693514442780434,Derived from Master CSV (state-year aggregate).
state:Massachusetts,Massachusetts,2024,sexual_assault_rate,0.0,Derived from Master CSV (state-year aggregate).
state:Massachusetts,Massachusetts,2024,firearm_share,0.0030211480362537764,Derived from Master CSV (state-year aggregate).
state:Massachusetts,Massachusetts,2024,dating_partner_share,0.012084592145015106,Derived from Master CSV (state-year aggregate).
state:Massachusetts,Massachusetts,2024,reporting_proxy,5.02238832014008,Derived from Master CSV (state-year aggregate).
state:Michigan,Michigan,2021,dv_rate,0.0,Derived from Master CSV (state-year aggregate).
state:Michigan,Michigan,2021,sexual_assault_rate,0.0,Derived from Master CSV (state-year aggregate).
state:Michigan,Michigan,2021,firearm_share,0.057777777777777775,Derived from Master CSV (state-year aggregate).
state:Michigan,Michigan,2021,dating_partner_share,0.0,Derived from Master CSV (state-year aggregate).
state:Michigan,Michigan,2021,reporting_proxy,3.3397258159321246,Derived from Master CSV (state-year aggregate).
state:Michigan,Michigan,2022,dv_rate,0.0,Derived from Master CSV (state-year aggregate).
state:Michigan,Michigan,2022,sexual_assault_rate,0.15955146891059852,Derived from Master CSV (state-year aggregate).
state:Michigan,Michigan,2022,firearm_share,0.07719298245614035,Derived from Master CSV (state-year aggregate).
state:Michigan,Michigan,2022,dating_partner_share,0.0,Derived from Master CSV (state-year aggregate).
state:Michigan,Michigan,2022,reporting_proxy,9.094433727904116,Derived from Master CSV (state-year aggregate).
state:Michigan,Michigan,2023,dv_rate,0.03249385459974882,Derived from Master CSV (state-year aggregate).
state:Michigan,Michigan,2023,sexual_assault_rate,0.0,Derived from Master CSV (state-year aggregate).
state:Michigan,Michigan,2023,firearm_share,0.059748427672955975,Derived from Master CSV (state-year aggregate).
state:Michigan,Michigan,2023,dating_partner_share,0.0031446540880503146,Derived from Master CSV (state-year aggregate).
state:Michigan,Michigan,2023,reporting_proxy,10.333045762720126,Derived from Master CSV (state-year aggregate).
state:Michigan,Michigan,2024,dv_rate,0.04607084774966944,Derived from Master CSV (state-year aggregate).
state:Michigan,Michigan,2024,sexual_assault_rate,0.03071389849977963,Derived from Master CSV (state-year aggregate).
state:Michigan,Michigan,2024,firearm_share,0.05929919137466307,Derived from Master CSV (state-year aggregate).
state:Michigan,Michigan,2024,dating_partner_share,0.008086253369272238,Derived from Master CSV (state-year aggregate).
state:Michigan,Michigan,2024,reporting_proxy,5.697428171709121,Derived from Master CSV (state-year aggregate).
state:Minnesota,Minnesota,2021,dv_rate,0.0,Derived from Master CSV (state-year aggregate).
state:Minnesota,Minnesota,2021,sexual_assault_rate,0.0,Derived from Master CSV (state-year aggregate).
state:Minnesota,Minnesota,2021,firearm_share,0.01744186046511628,Derived from Master CSV (state-year aggregate).
state:Minnesota,Minnesota,2021,dating_partner_share,0.0,Derived from Master CSV (state-year aggregate).
state:Minnesota,Minnesota,2021,reporting_proxy,3.9227939415640543,Derived from Master CSV (state-year aggregate).
state:Minnesota,Minnesota,2022,dv_rate,0.09485641110768574,Derived from Master CSV (state-year aggregate).
state:Minnesota,Minnesota,2022,sexual_assault_rate,0.04742820555384287,Derived from Master CSV (state-year aggregate).
state:Minnesota,Minnesota,2022,firearm_share,0.018292682926829267,Derived from Master CSV (state-year aggregate).
state:Minnesota,Minnesota,2022,dating_partner_share,0.012195121951219513,Derived from Master CSV (state-year aggregate).
state:Minnesota,Minnesota,2022,reporting_proxy,7.77822571083023,Derived from Master CSV (state-year aggregate).
state:Minnesota,Minnesota,2023,dv_rate,0.0,Derived from Master CSV (state-year aggregate).
state:Minnesota,Minnesota,2023,sexual_assault_rate,0.06658498908006179,Derived from Master CSV (state-year aggregate).
state:Minnesota,Minnesota,2023,firearm_share,0.021621621621621623,Derived from Master CSV (state-year aggregate).
state:Minnesota,Minnesota,2023,dating_partner_share,0.0,Derived from Master CSV (state-year aggregate).
state:Minnesota,Minnesota,2023,reporting_proxy,12.31822297981143,Derived from Master CSV (state-year aggregate).
state:Minnesota,Minnesota,2024,dv_rate,0.0,Derived from Master CSV (state-year aggregate).
state:Minnesota,Minnesota,2024,sexual_assault_rate,0.023624911997202812,Derived from Master CSV (state-year aggregate).
state:Minnesota,Minnesota,2024,firearm_share,0.03365384615384615,Derived from Master CSV (state-year aggregate).
state:Minnesota,Minnesota,2024,dating_partner_share,0.0,Derived from Master CSV (state-year aggregate).
state:Minnesota,Minnesota,2024,reporting_proxy,4.913981695418185,Derived from Master CSV (state-year aggregate).
state:Mississippi,Mississippi,2021,dv_rate,0.6961970237577234,Derived from Master CSV (state-year aggregate).
state:Mississippi,Mississippi,2021,sexual_assault_rate,0.0,Derived from Master CSV (state-year aggregate).
state:Mississippi,Mississippi,2021,firearm_share,0.02127659574468085,Derived from Master CSV (state-year aggregate).
state:Mississippi,Mississippi,2021,dating_partner_share,0.0851063829787234,Derived from Master CSV (state-year aggregate).
state:Mississippi,Mississippi,2021,reporting_proxy,8.18031502915325,Derived from Master CSV (state-year aggregate).
state:Mississippi,Mississippi,2022,dv_rate,7.48769878057477,Derived from Master CSV (state-year aggregate).
state:Mississippi,Mississippi,2022,sexual_assault_rate,0.0,Derived from Master CSV (state-year aggregate).
state:Mississippi,Mississippi,2022,firearm_share,0.13924050632911392,Derived from Master CSV (state-year aggregate).
state:Mississippi,Mississippi,2022,dating_partner_share,0.26582278481012656,Derived from Master CSV (state-year aggregate).
state:Mississippi,Mississippi,2022,reporting_proxy,28.168009698352705,Derived from Master CSV (state-year aggregate).
state:Mississippi,Mississippi,2023,dv_rate,3.8505294477990724,Derived from Master CSV (state-year aggregate).
state:Mississippi,Mississippi,2023,sexual_assault_rate,0.0,Derived from Master CSV (state-year aggregate).
state:Mississippi,Mississippi,2023,firearm_share,0.0,Derived from Master CSV (state-year aggregate).
state:Mississippi,Mississippi,2023,dating_partner_share,0.2972972972972973,Derived from Master CSV (state-year aggregate).
state:Mississippi,Mississippi,2023,reporting_proxy,12.951780869869607,Derived from Master CSV (state-year aggregate).
state:Mississippi,Mississippi,2024,dv_rate,2.7808192988859344,Derived from Master CSV (state-year aggregate).
state:Mississippi,Mississippi,2024,sexual_assault_rate,0.0,Derived from Master CSV (state-year aggregate).
state:Mississippi,Mississippi,2024,firearm_share,0.012048192771084338,Derived from Master CSV (state-year aggregate).
state:Mississippi,Mississippi,2024,dating_partner_share,0.1927710843373494,Derived from Master CSV (state-year aggregate).
state:Mississippi,Mississippi,2024,reporting_proxy,14.425500112970784,Derived from Master CSV (state-year aggregate).
state:Missouri,Missouri,2021,dv_rate,0.01996147435449582,Derived from Master CSV (state-year aggregate).
state:Missouri,Missouri,2021,sexual_assault_rate,0.0,Derived from Master CSV (state-year aggregate).
state:Missouri,Missouri,2021,firearm_share,0.01694915254237288,Derived from Master CSV (state-year aggregate).
state:Missouri,Missouri,2021,dating_partner_share,0.003389830508474576,Derived from Master CSV (state-year aggregate).
state:Missouri,Missouri,2021,reporting_proxy,5.888634934576268,Derived from Master CSV (state-year aggregate).
state:Missouri,Missouri,2022,dv_rate,0.0,Derived from Master CSV (state-year aggregate).
state:Missouri,Missouri,2022,sexual_assault_rate,0.0,Derived from Master CSV (state-year aggregate).
state:Missouri,Missouri,2022,firearm_share,0.06583072100313479,Derived from Master CSV (state-year aggregate).
state:Missouri,Missouri,2022,dating_partner_share,0.0,Derived from Master CSV (state-year aggregate).
state:Missouri,Missouri,2022,reporting_proxy,12.537928215447984,Derived from Master CSV (state-year aggregate).
state:Missouri,Missouri,2023,dv_rate,0.0,Derived from Master CSV (state-year aggregate).
state:Missouri,Missouri,2023,sexual_assault_rate,0.0,Derived from Master CSV (state-year aggregate).
state:Missouri,Missouri,2023,firearm_share,0.026936026936026935,Derived from Master CSV (state-year aggregate).
state:Missouri,Missouri,2023,dating_partner_share,0.0,Derived from Master CSV (state-year aggregate).
state:Missouri,Missouri,2023,reporting_proxy,11.650371183964069,Derived from Master CSV (state-year aggregate).
state:Missouri,Missouri,2024,dv_rate,0.0,Derived from Master CSV (state-year aggregate).
state:Missouri,Missouri,2024,sexual_assault_rate,0.0,Derived from Master CSV (state-year aggregate).
state:Missouri,Missouri,2024,firearm_share,0.031545741324921134,Derived from Master CSV (state-year aggregate).
state:Missouri,Missouri,2024,dating_partner_share,0.0,Derived from Master CSV (state-year aggregate).
state:Missouri,Missouri,2024,reporting_proxy,6.1970344160223645,Derived from Master CSV (state-year aggregate).
state:Montana,Montana,2021,dv_rate,0.0,Derived from Master CSV (state-year aggregate).
state:Montana,Montana,2021,sexual_assault_rate,0.09068320728367521,Derived from Master CSV (state-year aggregate).
state:Montana,Montana,2021,firearm_share,0.013157894736842105,Derived from Master CSV (state-year aggregate).
state:Montana,Montana,2021,dating_partner_share,0.0,Derived from Master CSV (state-year aggregate).
state:Montana,Montana,2021,reporting_proxy,6.891923753559316,Derived from Master CSV (state-year aggregate).
state:Montana,Montana,2022,dv_rate,0.0,Derived from Master CSV (state-year aggregate).
state:Montana,Montana,2022,sexual_assault_rate,0.0,Derived from Master CSV (state-year aggregate).
state:Montana,Montana,2022,firearm_share,0.016666666666666666,Derived from Master CSV (state-year aggregate).
state:Montana,Montana,2022,dating_partner_share,0.0,Derived from Master CSV (state-year aggregate).
state:Montana,Montana,2022,reporting_proxy,10.181053060254865,Derived from Master CSV (state-year aggregate).
state:Montana,Montana,2023,dv_rate,0.0,Derived from Master CSV (state-year aggregate).
state:Montana,Montana,2023,sexual_assault_rate,0.0,Derived from Master CSV (state-year aggregate).
state:Montana,Montana,2023,firearm_share,0.0449438202247191,Derived from Master CSV (state-year aggregate).
state:Montana,Montana,2023,dating_partner_share,0.0,Derived from Master CSV (state-year aggregate).
state:Montana,Montana,2023,reporting_proxy,14.666501874510773,Derived from Master CSV (state-year aggregate).
state:Montana,Montana,2024,dv_rate,0.08189672822570739,Derived from Master CSV (state-year aggregate).
state:Montana,Montana,2024,sexual_assault_rate,0.0,Derived from Master CSV (state-year aggregate).
state:Montana,Montana,2024,firearm_share,0.0684931506849315,Derived from Master CSV (state-year aggregate).
state:Montana,Montana,2024,dating_partner_share,0.0136986301369863,Derived from Master CSV (state-year aggregate).
state:Montana,Montana,2024,reporting_proxy,5.9784611604766384,Derived from Master CSV (state-year aggregate).
state:Nebraska,Nebraska,2021,dv_rate,0.0,Derived from Master CSV (state-year aggregate).
state:Nebraska,Nebraska,2021,sexual_assault_rate,0.034035832924903336,Derived from Master CSV (state-year aggregate).
state:Nebraska,Nebraska,2021,firearm_share,0.018867924528301886,Derived from Master CSV (state-year aggregate).
state:Nebraska,Nebraska,2021,dating_partner_share,0.0,Derived from Master CSV (state-year aggregate).
state:Nebraska,Nebraska,2021,reporting_proxy,1.803899145019877,Derived from Master CSV (state-year aggregate).
state:Nebraska,Nebraska,2022,dv_rate,0.0,Derived from Master CSV (state-year aggregate).
state:Nebraska,Nebraska,2022,sexual_assault_rate,0.0,Derived from Master CSV (state-year aggregate).
state:Nebraska,Nebraska,2022,firearm_share,0.0,Derived from Master CSV (state-year aggregate).
state:Nebraska,Nebraska,2022,dating_partner_share,0.0,Derived from Master CSV (state-year aggregate).
state:Nebraska,Nebraska,2022,reporting_proxy,3.061880607068862,Derived from Master CSV (state-year aggregate).
state:Nebraska,Nebraska,2023,dv_rate,0.0,Derived from Master CSV (state-year aggregate).
state:Nebraska,Nebraska,2023,sexual_assault_rate,0.0,Derived from Master CSV (state-year aggregate).
state:Nebraska,Nebraska,2023,firearm_share,0.0,Derived from Master CSV (state-year aggregate).
state:Nebraska,Nebraska,2023,dating_partner_share,0.0,Derived from Master CSV (state-year aggregate).
state:Nebraska,Nebraska,2023,reporting_proxy,2.2431257541991108,Derived from Master CSV (state-year aggregate).
state:Nebraska,Nebraska,2024,dv_rate,0.0,Derived from Master CSV (state-year aggregate).
state:Nebraska,Nebraska,2024,sexual_assault_rate,0.020823138671691985,Derived from Master CSV (state-year aggregate).
state:Nebraska,Nebraska,2024,firearm_share,0.0,Derived from Master CSV (state-year aggregate).
state:Nebraska,Nebraska,2024,dating_partner_share,0.0,Derived from Master CSV (state-year aggregate).
state:Nebraska,Nebraska,2024,reporting_proxy,1.186918904286443,Derived from Master CSV (state-year aggregate).
state:Nevada,Nevada,2021,dv_rate,0.005934644137966233,Derived from Master CSV (state-year aggregate).
state:Nevada,Nevada,2021,sexual_assault_rate,0.0,Derived from Master CSV (state-year aggregate).
state:Nevada,Nevada,2021,firearm_share,0.025830258302583026,Derived from Master CSV (state-year aggregate).
state:Nevada,Nevada,2021,dating_partner_share,0.0036900369003690036,Derived from Master CSV (state-year aggregate).
state:Nevada,Nevada,2021,reporting_proxy,1.6082885613888491,Derived from Master CSV (state-year aggregate).
state:Nevada,Nevada,2022,dv_rate,0.0,Derived from Master CSV (state-year aggregate).
state:Nevada,Nevada,2022,sexual_assault_rate,0.0,Derived from Master CSV (state-year aggregate).
state:Nevada,Nevada,2022,firearm_share,0.046263345195729534,Derived from Master CSV (state-year aggregate).
state:Nevada,Nevada,2022,dating_partner_share,0.0,Derived from Master CSV (state-year aggregate).
state:Nevada,Nevada,2022,reporting_proxy,3.3693833369005626,Derived from Master CSV (state-year aggregate).
state:Nevada,Nevada,2023,dv_rate,0.0,Derived from Master CSV (state-year aggregate).
state:Nevada,Nevada,2023,sexual_assault_rate,0.0,Derived from Master CSV (state-year aggregate).
state:Nevada,Nevada,2023,firearm_share,0.075,Derived from Master CSV (state-year aggregate).
state:Nevada,Nevada,2023,dating_partner_share,0.0,Derived from Master CSV (state-year aggregate).
state:Nevada,Nevada,2023,reporting_proxy,3.3528396755888124,Derived from Master CSV (state-year aggregate).
state:Nevada,Nevada,2024,dv_rate,0.0,Derived from Master CSV (state-year aggregate).
state:Nevada,Nevada,2024,sexual_assault_rate,0.0,Derived from Master CSV (state-year aggregate).
state:Nevada,Nevada,2024,firearm_share,0.02158273381294964,Derived from Master CSV (state-year aggregate).
state:Nevada,Nevada,2024,dating_partner_share,0.0,Derived from Master CSV (state-year aggregate).
state:Nevada,Nevada,2024,reporting_proxy,1.6195133886569981,Derived from Master CSV (state-year aggregate).
state:New Hampshire,New Hampshire,2021,dv_rate,0.0,Derived from Master CSV (state-year aggregate).
state:New Hampshire,New Hampshire,2021,sexual_assault_rate,0.0,Derived from Master CSV (state-year aggregate).
state:New Hampshire,New Hampshire,2021,firearm_share,0.0,Derived from Master CSV (state-year aggregate).
state:New Hampshire,New Hampshire,2021,dating_partner_share,0.0,Derived from Master CSV (state-year aggregate).
state:New Hampshire,New Hampshire,2021,reporting_proxy,3.7219524299032294,Derived from Master CSV (state-year aggregate).
state:New Hampshire,New Hampshire,2022,dv_rate,0.0,Derived from Master CSV (state-year aggregate).
state:New Hampshire,New Hampshire,2022,sexual_assault_rate,0.0,Derived from Master CSV (state-year aggregate).
state:New Hampshire,New Hampshire,2022,firearm_share,0.0,Derived from Master CSV (state-year aggregate).
state:New Hampshire,New Hampshire,2022,dating_partner_share,0.0,Derived from Master CSV (state-year aggregate).
state:New Hampshire,New Hampshire,2022,reporting_proxy,4.186655037069341,Derived from Master CSV (state-year aggregate).
state:New Hampshire,New Hampshire,2023,dv_rate,0.0,Derived from Master CSV (state-year aggregate).
state:New Hampshire,New Hampshire,2023,sexual_assault_rate,0.0,Derived from Master CSV (state-year aggregate).
state:New Hampshire,New Hampshire,2023,firearm_share,0.0,Derived from Master CSV (state-year aggregate).
state:New Hampshire,New Hampshire,2023,dating_partner_share,0.0,Derived from Master CSV (state-year aggregate).
state:New Hampshire,New Hampshire,2023,reporting_proxy,4.523194419073962,Derived from Master CSV (state-year aggregate).
state:New Hampshire,New Hampshire,2024,dv_rate,0.08660708099494215,Derived from Master CSV (state-year aggregate).
state:New Hampshire,New Hampshire,2024,sexual_assault_rate,0.0,Derived from Master CSV (state-year aggregate).
state:New Hampshire,New Hampshire,2024,firearm_share,0.0,Derived from Master CSV (state-year aggregate).
state:New Hampshire,New Hampshire,2024,dating_partner_share,0.02702702702702703,Derived from Master CSV (state-year aggregate).
state:New Hampshire,New Hampshire,2024,reporting_proxy,3.2044619968128596,Derived from Master CSV (state-year aggregate).
state:New Jersey,New Jersey,2021,dv_rate,0.0,Derived from Master CSV (state-year aggregate).
state:New Jersey,New Jersey,2021,sexual_assault_rate,0.0,Derived from Master CSV (state-year aggregate).
state:New Jersey,New Jersey,2021,firearm_share,0.0,Derived from Master CSV (state-year aggregate).
state:New Jersey,New Jersey,2021,dating_partner_share,0.0,Derived from Master CSV (state-year aggregate).
state:New Jersey,New Jersey,2021,reporting_proxy,1.0846023746013238,Derived from Master CSV (state-year aggregate).
state:New Jersey,New Jersey,2022,dv_rate,0.0,Derived from Master CSV (state-year aggregate).
state:New Jersey,New Jersey,2022,sexual_assault_rate,0.0,Derived from Master CSV (state-year aggregate).
state:New Jersey,New Jersey,2022,firearm_share,0.0,Derived from Master CSV (state-year aggregate).
state:New Jersey,New Jersey,2022,dating_partner_share,0.0,Derived from Master CSV (state-year aggregate).
state:New Jersey,New Jersey,2022,reporting_proxy,5.389223524617907,Derived from Master CSV (state-year aggregate).
state:New Jersey,New Jersey,2023,dv_rate,0.06582693440675122,Derived from Master CSV (state-year aggregate).
state:New Jersey,New Jersey,2023,sexual_assault_rate,0.0,Derived from Master CSV (state-year aggregate).
state:New Jersey,New Jersey,2023,firearm_share,0.0,Derived from Master CSV (state-year aggregate).
state:New Jersey,New Jersey,2023,dating_partner_share,0.006711409395973154,Derived from Master CSV (state-year aggregate).
state:New Jersey,New Jersey,2023,reporting_proxy,9.80821322660593,Derived from Master CSV (state-year aggregate).
state:New Jersey,New Jersey,2024,dv_rate,0.032288478179446446,Derived from Master CSV (state-year aggregate).
state:New Jersey,New Jersey,2024,sexual_assault_rate,0.0,Derived from Master CSV (state-year aggregate).
state:New Jersey,New Jersey,2024,firearm_share,0.0,Derived from Master CSV (state-year aggregate).
state:New Jersey,New Jersey,2024,dating_partner_share,0.005076142131979695,Derived from Master CSV (state-year aggregate).
state:New Jersey,New Jersey,2024,reporting_proxy,6.360830201350949,Derived from Master CSV (state-year aggregate).
state:New Mexico,New Mexico,2021,dv_rate,0.0,Derived from Master CSV (state-year aggregate).
state:New Mexico,New Mexico,2021,sexual_assault_rate,0.0,Derived from Master CSV (state-year aggregate).
state:New Mexico,New Mexico,2021,firearm_share,0.014388489208633094,Derived from Master CSV (state-year aggregate).
state:New Mexico,New Mexico,2021,dating_partner_share,0.0,Derived from Master CSV (state-year aggregate).
state:New Mexico,New Mexico,2021,reporting_proxy,2.463896821218583,Derived from Master CSV (state-year aggregate).
state:New Mexico,New Mexico,2022,dv_rate,0.0,Derived from Master CSV (state-year aggregate).
state:New Mexico,New Mexico,2022,sexual_assault_rate,0.0,Derived from Master CSV (state-year aggregate).
state:New Mexico,New Mexico,2022,firearm_share,0.008888888888888889,Derived from Master CSV (state-year aggregate).
state:New Mexico,New Mexico,2022,dating_partner_share,0.0,Derived from Master CSV (state-year aggregate).
state:New Mexico,New Mexico,2022,reporting_proxy,8.02772956184652,Derived from Master CSV (state-year aggregate).
state:New Mexico,New Mexico,2023,dv_rate,0.0,Derived from Master CSV (state-year aggregate).
state:New Mexico,New Mexico,2023,sexual_assault_rate,0.0,Derived from Master CSV (state-year aggregate).
state:New Mexico,New Mexico,2023,firearm_share,0.05357142857142857,Derived from Master CSV (state-year aggregate).
state:New Mexico,New Mexico,2023,dating_partner_share,0.0,Derived from Master CSV (state-year aggregate).
state:New Mexico,New Mexico,2023,reporting_proxy,10.016204788461332,Derived from Master CSV (state-year aggregate).
state:New Mexico,New Mexico,2024,dv_rate,0.01789725187697429,Derived from Master CSV (state-year aggregate).
state:New Mexico,New Mexico,2024,sexual_assault_rate,0.0,Derived from Master CSV (state-year aggregate).
state:New Mexico,New Mexico,2024,firearm_share,0.03496503496503497,Derived from Master CSV (state-year aggregate).
state:New Mexico,New Mexico,2024,dating_partner_share,0.0034965034965034965,Derived from Master CSV (state-year aggregate).
state:New Mexico,New Mexico,2024,reporting_proxy,5.118614036814647,Derived from Master CSV (state-year aggregate).
state:New York,New York,2021,dv_rate,0.0,Derived from Master CSV (state-year aggregate).
state:New York,New York,2021,sexual_assault_rate,0.0,Derived from Master CSV (state-year aggregate).
state:New York,New York,2021,firearm_share,0.0,Derived from Master CSV (state-year aggregate).
state:New York,New York,2021,dating_partner_share,0.0,Derived from Master CSV (state-year aggregate).
state:New York,New York,2021,reporting_proxy,0.8444227794559614,Derived from Master CSV (state-year aggregate).
state:New York,New York,2022,dv_rate,0.0,Derived from Master CSV (state-year aggregate).
state:New York,New York,2022,sexual_assault_rate,0.0,Derived from Master CSV (state-year aggregate).
state:New York,New York,2022,firearm_share,0.015384615384615385,Derived from Master CSV (state-year aggregate).
state:New York,New York,2022,dating_partner_share,0.0,Derived from Master CSV (state-year aggregate).
state:New York,New York,2022,reporting_proxy,4.715099198433136,Derived from Master CSV (state-year aggregate).
state:New York,New York,2023,dv_rate,0.012218898138866311,Derived from Master CSV (state-year aggregate).
state:New York,New York,2023,sexual_assault_rate,0.0,Derived from Master CSV (state-year aggregate).
state:New York,New York,2023,firearm_share,0.003703703703703704,Derived from Master CSV (state-year aggregate).
state:New York,New York,2023,dating_partner_share,0.018518518518518517,Derived from Master CSV (state-year aggregate).
state:New York,New York,2023,reporting_proxy,0.6598204994987807,Derived from Master CSV (state-year aggregate).
state:New York,New York,2024,dv_rate,0.0024098502145549895,Derived from Master CSV (state-year aggregate).
state:New York,New York,2024,sexual_assault_rate,0.0,Derived from Master CSV (state-year aggregate).
state:New York,New York,2024,firearm_share,0.014251781472684086,Derived from Master CSV (state-year aggregate).
state:New York,New York,2024,dating_partner_share,0.004750593824228029,Derived from Master CSV (state-year aggregate).
state:New York,New York,2024,reporting_proxy,0.5072734701638253,Derived from Master CSV (state-year aggregate).
state:North Carolina,North Carolina,2021,dv_rate,0.010457166400706068,Derived from Master CSV (state-year aggregate).
state:North Carolina,North Carolina,2021,sexual_assault_rate,0.0,Derived from Master CSV (state-year aggregate).
state:North Carolina,North Carolina,2021,firearm_share,0.046218487394957986,Derived from Master CSV (state-year aggregate).
state:North Carolina,North Carolina,2021,dating_partner_share,0.0021008403361344537,Derived from Master CSV (state-year aggregate).
state:North Carolina,North Carolina,2021,reporting_proxy,4.977611206736088,Derived from Master CSV (state-year aggregate).
state:North Carolina,North Carolina,2022,dv_rate,0.08372877737146063,Derived from Master CSV (state-year aggregate).
state:North Carolina,North Carolina,2022,sexual_assault_rate,0.020932194342865158,Derived from Master CSV (state-year aggregate).
state:North Carolina,North Carolina,2022,firearm_share,0.018072289156626505,Derived from Master CSV (state-year aggregate).
state:North Carolina,North Carolina,2022,dating_partner_share,0.008032128514056224,Derived from Master CSV (state-year aggregate).
state:North Carolina,North Carolina,2022,reporting_proxy,10.424232782746847,Derived from Master CSV (state-year aggregate).
state:North Carolina,North Carolina,2023,dv_rate,0.020422667527141725,Derived from Master CSV (state-year aggregate).
state:North Carolina,North Carolina,2023,sexual_assault_rate,0.0,Derived from Master CSV (state-year aggregate).
state:North Carolina,North Carolina,2023,firearm_share,0.03298611111111111,Derived from Master CSV (state-year aggregate).
state:North Carolina,North Carolina,2023,dating_partner_share,0.001736111111111111,Derived from Master CSV (state-year aggregate).
state:North Carolina,North Carolina,2023,reporting_proxy,11.763456495633635,Derived from Master CSV (state-year aggregate).
state:North Carolina,North Carolina,2024,dv_rate,0.009968797663313829,Derived from Master CSV (state-year aggregate).
state:North Carolina,North Carolina,2024,sexual_assault_rate,0.009968797663313829,Derived from Master CSV (state-year aggregate).
state:North Carolina,North Carolina,2024,firearm_share,0.027675276752767528,Derived from Master CSV (state-year aggregate).
state:North Carolina,North Carolina,2024,dating_partner_share,0.0018450184501845018,Derived from Master CSV (state-year aggregate).
state:North Carolina,North Carolina,2024,reporting_proxy,5.403088333516095,Derived from Master CSV (state-year aggregate).
state:North Dakota,North Dakota,2021,dv_rate,0.0,Derived from Master CSV (state-year aggregate).
state:North Dakota,North Dakota,2021,sexual_assault_rate,0.0,Derived from Master CSV (state-year aggregate).
state:North Dakota,North Dakota,2021,firearm_share,0.0,Derived from Master CSV (state-year aggregate).
state:North Dakota,North Dakota,2021,dating_partner_share,0.0,Derived from Master CSV (state-year aggregate).
state:North Dakota,North Dakota,2021,reporting_proxy,4.398608154705332,Derived from Master CSV (state-year aggregate).
state:North Dakota,North Dakota,2022,dv_rate,0.0,Derived from Master CSV (state-year aggregate).
state:North Dakota,North Dakota,2022,sexual_assault_rate,0.0,Derived from Master CSV (state-year aggregate).
state:North Dakota,North Dakota,2022,firearm_share,0.0,Derived from Master CSV (state-year aggregate).
state:North Dakota,North Dakota,2022,dating_partner_share,0.0,Derived from Master CSV (state-year aggregate).
state:North Dakota,North Dakota,2022,reporting_proxy,8.304021183087999,Derived from Master CSV (state-year aggregate).
state:North Dakota,North Dakota,2023,dv_rate,0.0,Derived from Master CSV (state-year aggregate).
state:North Dakota,North Dakota,2023,sexual_assault_rate,0.893734918223255,Derived from Master CSV (state-year aggregate).
state:North Dakota,North Dakota,2023,firearm_share,0.0,Derived from Master CSV (state-year aggregate).
state:North Dakota,North Dakota,2023,dating_partner_share,0.0,Derived from Master CSV (state-year aggregate).
state:North Dakota,North Dakota,2023,reporting_proxy,15.640361068906962,Derived from Master CSV (state-year aggregate).
state:North Dakota,North Dakota,2024,dv_rate,0.0,Derived from Master CSV (state-year aggregate).
state:North Dakota,North Dakota,2024,sexual_assault_rate,0.0,Derived from Master CSV (state-year aggregate).
state:North Dakota,North Dakota,2024,firearm_share,0.0,Derived from Master CSV (state-year aggregate).
state:North Dakota,North Dakota,2024,dating_partner_share,0.0,Derived from Master CSV (state-year aggregate).
state:North Dakota,North Dakota,2024,reporting_proxy,6.1909464777936645,Derived from Master CSV (state-year aggregate).
state:Ohio,Ohio,2021,dv_rate,0.0,Derived from Master CSV (state-year aggregate).
state:Ohio,Ohio,2021,sexual_assault_rate,0.0,Derived from Master CSV (state-year aggregate).
state:Ohio,Ohio,2021,firearm_share,0.056179775280898875,Derived from Master CSV (state-year aggregate).
state:Ohio,Ohio,2021,dating_partner_share,0.0,Derived from Master CSV (state-year aggregate).
state:Ohio,Ohio,2021,reporting_proxy,0.9716146598093234,Derived from Master CSV (state-year aggregate).
state:Ohio,Ohio,2022,dv_rate,0.0,Derived from Master CSV (state-year aggregate).
state:Ohio,Ohio,2022,sexual_assault_rate,0.0,Derived from Master CSV (state-year aggregate).
state:Ohio,Ohio,2022,firearm_share,0.04201680672268908,Derived from Master CSV (state-year aggregate).
state:Ohio,Ohio,2022,dating_partner_share,0.0,Derived from Master CSV (state-year aggregate).
state:Ohio,Ohio,2022,reporting_proxy,2.623468357444257,Derived from Master CSV (state-year aggregate).
state:Ohio,Ohio,2023,dv_rate,0.044012437914954766,Derived from Master CSV (state-year aggregate).
state:Ohio,Ohio,2023,sexual_assault_rate,0.0,Derived from Master CSV (state-year aggregate).
state:Ohio,Ohio,2023,firearm_share,0.014388489208633094,Derived from Master CSV (state-year aggregate).
state:Ohio,Ohio,2023,dating_partner_share,0.014388489208633094,Derived from Master CSV (state-year aggregate).
state:Ohio,Ohio,2023,reporting_proxy,3.0588644350893563,Derived from Master CSV (state-year aggregate).
state:Ohio,Ohio,2024,dv_rate,0.02184725057813287,Derived from Master CSV (state-year aggregate).
state:Ohio,Ohio,2024,sexual_assault_rate,0.0,Derived from Master CSV (state-year aggregate).
state:Ohio,Ohio,2024,firearm_share,0.041176470588235294,Derived from Master CSV (state-year aggregate).
state:Ohio,Ohio,2024,dating_partner_share,0.011764705882352941,Derived from Master CSV (state-year aggregate).
state:Ohio,Ohio,2024,reporting_proxy,1.8570162991412937,Derived from Master CSV (state-year aggregate).
state:Oklahoma,Oklahoma,2021,dv_rate,0.0,Derived from Master CSV (state-year aggregate).
state:Oklahoma,Oklahoma,2021,sexual_assault_rate,0.0,Derived from Master CSV (state-year aggregate).
state:Oklahoma,Oklahoma,2021,firearm_share,0.009345794392523364,Derived from Master CSV (state-year aggregate).
state:Oklahoma,Oklahoma,2021,dating_partner_share,0.0,Derived from Master CSV (state-year aggregate).
state:Oklahoma,Oklahoma,2021,reporting_proxy,1.5949391240057715,Derived from Master CSV (state-year aggregate).
state:Oklahoma,Oklahoma,2022,dv_rate,0.0,Derived from Master CSV (state-year aggregate).
state:Oklahoma,Oklahoma,2022,sexual_assault_rate,0.0,Derived from Master CSV (state-year aggregate).
state:Oklahoma,Oklahoma,2022,firearm_share,0.059602649006622516,Derived from Master CSV (state-year aggregate).
state:Oklahoma,Oklahoma,2022,dating_partner_share,0.0,Derived from Master CSV (state-year aggregate).
state:Oklahoma,Oklahoma,2022,reporting_proxy,4.359588062235285,Derived from Master CSV (state-year aggregate).
state:Oklahoma,Oklahoma,2023,dv_rate,0.0,Derived from Master CSV (state-year aggregate).
state:Oklahoma,Oklahoma,2023,sexual_assault_rate,0.0,Derived from Master CSV (state-year aggregate).
state:Oklahoma,Oklahoma,2023,firearm_share,0.018518518518518517,Derived from Master CSV (state-year aggregate).
state:Oklahoma,Oklahoma,2023,dating_partner_share,0.0,Derived from Master CSV (state-year aggregate).
state:Oklahoma,Oklahoma,2023,reporting_proxy,4.62352518108807,Derived from Master CSV (state-year aggregate).
state:Oklahoma,Oklahoma,2024,dv_rate,0.0,Derived from Master CSV (state-year aggregate).
state:Oklahoma,Oklahoma,2024,sexual_assault_rate,0.0,Derived from Master CSV (state-year aggregate).
state:Oklahoma,Oklahoma,2024,firearm_share,0.02158273381294964,Derived from Master CSV (state-year aggregate).
state:Oklahoma,Oklahoma,2024,dating_partner_share,0.0,Derived from Master CSV (state-year aggregate).
state:Oklahoma,Oklahoma,2024,reporting_proxy,1.9592476489028212,Derived from Master CSV (state-year aggregate).
state:Oregon,Oregon,2021,dv_rate,0.0,Derived from Master CSV (state-year aggregate).
state:Oregon,Oregon,2021,sexual_assault_rate,0.0,Derived from Master CSV (state-year aggregate).
state:Oregon,Oregon,2021,firearm_share,0.008333333333333333,Derived from Master CSV (state-year aggregate).
state:Oregon,Oregon,2021,dating_partner_share,0.0,Derived from Master CSV (state-year aggregate).
state:Oregon,Oregon,2021,reporting_proxy,1.806276811921427,Derived from Master CSV (state-year aggregate).
state:Oregon,Oregon,2022,dv_rate,0.0,Derived from Master CSV (state-year aggregate).
state:Oregon,Oregon,2022,sexual_assault_rate,0.0,Derived from Master CSV (state-year aggregate).
state:Oregon,Oregon,2022,firearm_share,0.01020408163265306,Derived from Master CSV (state-year aggregate).
state:Oregon,Oregon,2022,dating_partner_share,0.0,Derived from Master CSV (state-year aggregate).
state:Oregon,Oregon,2022,reporting_proxy,3.1104742044882876,Derived from Master CSV (state-year aggregate).
state:Oregon,Oregon,2023,dv_rate,0.0,Derived from Master CSV (state-year aggregate).
state:Oregon,Oregon,2023,sexual_assault_rate,0.0,Derived from Master CSV (state-year aggregate).
state:Oregon,Oregon,2023,firearm_share,0.023809523809523808,Derived from Master CSV (state-year aggregate).
state:Oregon,Oregon,2023,dating_partner_share,0.0,Derived from Master CSV (state-year aggregate).
state:Oregon,Oregon,2023,reporting_proxy,4.024620455932003,Derived from Master CSV (state-year aggregate).
state:Oregon,Oregon,2024,dv_rate,0.016049664080530796,Derived from Master CSV (state-year aggregate).
state:Oregon,Oregon,2024,sexual_assault_rate,0.0,Derived from Master CSV (state-year aggregate).
state:Oregon,Oregon,2024,firearm_share,0.0364963503649635,Derived from Master CSV (state-year aggregate).
state:Oregon,Oregon,2024,dating_partner_share,0.0072992700729927005,Derived from Master CSV (state-year aggregate).
state:Oregon,Oregon,2024,reporting_proxy,2.198803979032719,Derived from Master CSV (state-year aggregate).
state:Pennsylvania,Pennsylvania,2021,dv_rate,0.0,Derived from Master CSV (state-year aggregate).
state:Pennsylvania,Pennsylvania,2021,sexual_assault_rate,0.0,Derived from Master CSV (state-year aggregate).
state:Pennsylvania,Pennsylvania,2021,firearm_share,0.021505376344086023,Derived from Master CSV (state-year aggregate).
state:Pennsylvania,Pennsylvania,2021,dating_partner_share,0.0,Derived from Master CSV (state-year aggregate).
state:Pennsylvania,Pennsylvania,2021,reporting_proxy,0.5794573039658556,Derived from Master CSV (state-year aggregate).
state:Pennsylvania,Pennsylvania,2022,dv_rate,0.03856507084403514,Derived from Master CSV (state-year aggregate).
state:Pennsylvania,Pennsylvania,2022,sexual_assault_rate,0.0,Derived from Master CSV (state-year aggregate).
state:Pennsylvania,Pennsylvania,2022,firearm_share,0.05063291139240506,Derived from Master CSV (state-year aggregate).
state:Pennsylvania,Pennsylvania,2022,dating_partner_share,0.0379746835443038,Derived from Master CSV (state-year aggregate).
state:Pennsylvania,Pennsylvania,2022,reporting_proxy,1.015546865559592,Derived from Master CSV (state-year aggregate).
state:Pennsylvania,Pennsylvania,2023,dv_rate,0.03868863579356518,Derived from Master CSV (state-year aggregate).
state:Pennsylvania,Pennsylvania,2023,sexual_assault_rate,0.0,Derived from Master CSV (state-year aggregate).
state:Pennsylvania,Pennsylvania,2023,firearm_share,0.02702702702702703,Derived from Master CSV (state-year aggregate).
state:Pennsylvania,Pennsylvania,2023,dating_partner_share,0.02027027027027027,Derived from Master CSV (state-year aggregate).
state:Pennsylvania,Pennsylvania,2023,reporting_proxy,1.908639365815882,Derived from Master CSV (state-year aggregate).
state:Pennsylvania,Pennsylvania,2024,dv_rate,0.02581879466248058,Derived from Master CSV (state-year aggregate).
state:Pennsylvania,Pennsylvania,2024,sexual_assault_rate,0.0,Derived from Master CSV (state-year aggregate).
state:Pennsylvania,Pennsylvania,2024,firearm_share,0.03211009174311927,Derived from Master CSV (state-year aggregate).
state:Pennsylvania,Pennsylvania,2024,dating_partner_share,0.01834862385321101,Derived from Master CSV (state-year aggregate).
state:Pennsylvania,Pennsylvania,2024,reporting_proxy,1.4071243091051915,Derived from Master CSV (state-year aggregate).
state:Rhode Island,Rhode Island,2021,dv_rate,0.0,Derived from Master CSV (state-year aggregate).
state:Rhode Island,Rhode Island,2021,sexual_assault_rate,0.0,Derived from Master CSV (state-year aggregate).
state:Rhode Island,Rhode Island,2021,firearm_share,0.08333333333333333,Derived from Master CSV (state-year aggregate).
state:Rhode Island,Rhode Island,2021,dating_partner_share,0.0,Derived from Master CSV (state-year aggregate).
state:Rhode Island,Rhode Island,2021,reporting_proxy,0.645619471883272,Derived from Master CSV (state-year aggregate).
state:Rhode Island,Rhode Island,2022,dv_rate,0.0,Derived from Master CSV (state-year aggregate).
state:Rhode Island,Rhode Island,2022,sexual_assault_rate,0.0,Derived from Master CSV (state-year aggregate).
state:Rhode Island,Rhode Island,2022,firearm_share,0.0,Derived from Master CSV (state-year aggregate).
state:Rhode Island,Rhode Island,2022,dating_partner_share,0.0,Derived from Master CSV (state-year aggregate).
state:Rhode Island,Rhode Island,2022,reporting_proxy,4.339126871248463,Derived from Master CSV (state-year aggregate).
state:Rhode Island,Rhode Island,2023,dv_rate,0.0,Derived from Master CSV (state-year aggregate).
state:Rhode Island,Rhode Island,2023,sexual_assault_rate,0.0,Derived from Master CSV (state-year aggregate).
state:Rhode Island,Rhode Island,2023,firearm_share,0.0,Derived from Master CSV (state-year aggregate).
state:Rhode Island,Rhode Island,2023,dating_partner_share,0.0,Derived from Master CSV (state-year aggregate).
state:Rhode Island,Rhode Island,2023,reporting_proxy,1.2658895511366635,Derived from Master CSV (state-year aggregate).
state:Rhode Island,Rhode Island,2024,dv_rate,0.0,Derived from Master CSV (state-year aggregate).
state:Rhode Island,Rhode Island,2024,sexual_assault_rate,0.0,Derived from Master CSV (state-year aggregate).
state:Rhode Island,Rhode Island,2024,firearm_share,0.0,Derived from Master CSV (state-year aggregate).
state:Rhode Island,Rhode Island,2024,dating_partner_share,0.0,Derived from Master CSV (state-year aggregate).
state:Rhode Island,Rhode Island,2024,reporting_proxy,1.4235382042065554,Derived from Master CSV (state-year aggregate).
state:South Carolina,South Carolina,2021,dv_rate,0.027621943977173224,Derived from Master CSV (state-year aggregate).
state:South Carolina,South Carolina,2021,sexual_assault_rate,0.0,Derived from Master CSV (state-year aggregate).
state:South Carolina,South Carolina,2021,firearm_share,0.04242424242424243,Derived from Master CSV (state-year aggregate).
state:South Carolina,South Carolina,2021,dating_partner_share,0.006060606060606061,Derived from Master CSV (state-year aggregate).
state:South Carolina,South Carolina,2021,reporting_proxy,4.557620756233582,Derived from Master CSV (state-year aggregate).
state:South Carolina,South Carolina,2022,dv_rate,0.21544411110452807,Derived from Master CSV (state-year aggregate).
state:South Carolina,South Carolina,2022,sexual_assault_rate,0.0,Derived from Master CSV (state-year aggregate).
state:South Carolina,South Carolina,2022,firearm_share,0.039735099337748346,Derived from Master CSV (state-year aggregate).
state:South Carolina,South Carolina,2022,dating_partner_share,0.026490066225165563,Derived from Master CSV (state-year aggregate).
state:South Carolina,South Carolina,2022,reporting_proxy,8.133015194195936,Derived from Master CSV (state-year aggregate).
state:South Carolina,South Carolina,2023,dv_rate,0.0,Derived from Master CSV (state-year aggregate).
state:South Carolina,South Carolina,2023,sexual_assault_rate,0.0,Derived from Master CSV (state-year aggregate).
state:South Carolina,South Carolina,2023,firearm_share,0.05025125628140704,Derived from Master CSV (state-year aggregate).
state:South Carolina,South Carolina,2023,dating_partner_share,0.0,Derived from Master CSV (state-year aggregate).
state:South Carolina,South Carolina,2023,reporting_proxy,10.489473628725344,Derived from Master CSV (state-year aggregate).
state:South Carolina,South Carolina,2024,dv_rate,0.0,Derived from Master CSV (state-year aggregate).
state:South Carolina,South Carolina,2024,sexual_assault_rate,0.0,Derived from Master CSV (state-year aggregate).
state:South Carolina,South Carolina,2024,firearm_share,0.047619047619047616,Derived from Master CSV (state-year aggregate).
state:South Carolina,South Carolina,2024,dating_partner_share,0.0,Derived from Master CSV (state-year aggregate).
state:South Carolina,South Carolina,2024,reporting_proxy,4.902049783038907,Derived from Master CSV (state-year aggregate).
state:South Dakota,South Dakota,2021,dv_rate,0.0,Derived from Master CSV (state-year aggregate).
state:South Dakota,South Dakota,2021,sexual_assault_rate,0.0,Derived from Master CSV (state-year aggregate).
state:South Dakota,South Dakota,2021,firearm_share,0.0,Derived from Master CSV (state-year aggregate).
state:South Dakota,South Dakota,2021,dating_partner_share,0.0,Derived from Master CSV (state-year aggregate).
state:South Dakota,South Dakota,2021,reporting_proxy,2.871942686467406,Derived from Master CSV (state-year aggregate).
state:South Dakota,South Dakota,2022,dv_rate,0.0,Derived from Master CSV (state-year aggregate).
state:South Dakota,South Dakota,2022,sexual_assault_rate,0.0,Derived from Master CSV (state-year aggregate).
state:South Dakota,South Dakota,2022,firearm_share,0.016129032258064516,Derived from Master CSV (state-year aggregate).
state:South Dakota,South Dakota,2022,dating_partner_share,0.0,Derived from Master CSV (state-year aggregate).
state:South Dakota,South Dakota,2022,reporting_proxy,6.203753270728791,Derived from Master CSV (state-year aggregate).
state:South Dakota,South Dakota,2023,dv_rate,0.0,Derived from Master CSV (state-year aggregate).
state:South Dakota,South Dakota,2023,sexual_assault_rate,0.0,Derived from Master CSV (state-year aggregate).
state:South Dakota,South Dakota,2023,firearm_share,0.020833333333333332,Derived from Master CSV (state-year aggregate).
state:South Dakota,South Dakota,2023,dating_partner_share,0.0,Derived from Master CSV (state-year aggregate).
state:South Dakota,South Dakota,2023,reporting_proxy,4.647582530899162,Derived from Master CSV (state-year aggregate).
state:South Dakota,South Dakota,2024,dv_rate,0.0,Derived from Master CSV (state-year aggregate).
state:South Dakota,South Dakota,2024,sexual_assault_rate,0.0,Derived from Master CSV (state-year aggregate).
state:South Dakota,South Dakota,2024,firearm_share,0.0,Derived from Master CSV (state-year aggregate).
state:South Dakota,South Dakota,2024,dating_partner_share,0.0,Derived from Master CSV (state-year aggregate).
state:South Dakota,South Dakota,2024,reporting_proxy,2.5601395750168305,Derived from Master CSV (state-year aggregate).
state:Tennessee,Tennessee,2021,dv_rate,0.0,Derived from Master CSV (state-year aggregate).
state:Tennessee,Tennessee,2021,sexual_assault_rate,0.0,Derived from Master CSV (state-year aggregate).
state:Tennessee,Tennessee,2021,firearm_share,0.10410094637223975,Derived from Master CSV (state-year aggregate).
state:Tennessee,Tennessee,2021,dating_partner_share,0.0,Derived from Master CSV (state-year aggregate).
state:Tennessee,Tennessee,2021,reporting_proxy,4.590523826556398,Derived from Master CSV (state-year aggregate).
state:Tennessee,Tennessee,2022,dv_rate,0.0,Derived from Master CSV (state-year aggregate).
state:Tennessee,Tennessee,2022,sexual_assault_rate,0.0,Derived from Master CSV (state-year aggregate).
state:Tennessee,Tennessee,2022,firearm_share,0.16793893129770993,Derived from Master CSV (state-year aggregate).
state:Tennessee,Tennessee,2022,dating_partner_share,0.0,Derived from Master CSV (state-year aggregate).
state:Tennessee,Tennessee,2022,reporting_proxy,7.710849046886082,Derived from Master CSV (state-year aggregate).
state:Tennessee,Tennessee,2023,dv_rate,0.0,Derived from Master CSV (state-year aggregate).
state:Tennessee,Tennessee,2023,sexual_assault_rate,0.08689418460669521,Derived from Master CSV (state-year aggregate).
state:Tennessee,Tennessee,2023,firearm_share,0.128,Derived from Master CSV (state-year aggregate).
state:Tennessee,Tennessee,2023,dating_partner_share,0.0,Derived from Master CSV (state-year aggregate).
state:Tennessee,Tennessee,2023,reporting_proxy,10.861773075836899,Derived from Master CSV (state-year aggregate).
state:Tennessee,Tennessee,2024,dv_rate,0.0,Derived from Master CSV (state-year aggregate).
state:Tennessee,Tennessee,2024,sexual_assault_rate,0.0,Derived from Master CSV (state-year aggregate).
state:Tennessee,Tennessee,2024,firearm_share,0.05898876404494382,Derived from Master CSV (state-year aggregate).
state:Tennessee,Tennessee,2024,dating_partner_share,0.0,Derived from Master CSV (state-year aggregate).
state:Tennessee,Tennessee,2024,reporting_proxy,5.093084706868654,Derived from Master CSV (state-year aggregate).
state:Texas,Texas,2021,dv_rate,0.03419896616525282,Derived from Master CSV (state-year aggregate).
state:Texas,Texas,2021,sexual_assault_rate,0.0,Derived from Master CSV (state-year aggregate).
state:Texas,Texas,2021,firearm_share,0.03723986856516977,Derived from Master CSV (state-year aggregate).
state:Texas,Texas,2021,dating_partner_share,0.008762322015334063,Derived from Master CSV (state-year aggregate).
state:Texas,Texas,2021,reporting_proxy,3.9029570136094787,Derived from Master CSV (state-year aggregate).
state:Texas,Texas,2022,dv_rate,0.008785288858101332,Derived from Master CSV (state-year aggregate).
state:Texas,Texas,2022,sexual_assault_rate,0.0,Derived from Master CSV (state-year aggregate).
state:Texas,Texas,2022,firearm_share,0.041988950276243095,Derived from Master CSV (state-year aggregate).
state:Texas,Texas,2022,dating_partner_share,0.0011049723756906078,Derived from Master CSV (state-year aggregate).
state:Texas,Texas,2022,reporting_proxy,7.950686416581705,Derived from Master CSV (state-year aggregate).
state:Texas,Texas,2023,dv_rate,0.04339513089273331,Derived from Master CSV (state-year aggregate).
state:Texas,Texas,2023,sexual_assault_rate,0.0,Derived from Master CSV (state-year aggregate).
state:Texas,Texas,2023,firearm_share,0.03070175438596491,Derived from Master CSV (state-year aggregate).
state:Texas,Texas,2023,dating_partner_share,0.005482456140350877,Derived from Master CSV (state-year aggregate).
state:Texas,Texas,2023,reporting_proxy,7.9152718748345565,Derived from Master CSV (state-year aggregate).
state:Texas,Texas,2024,dv_rate,0.021559530174718435,Derived from Master CSV (state-year aggregate).
state:Texas,Texas,2024,sexual_assault_rate,0.0,Derived from Master CSV (state-year aggregate).
state:Texas,Texas,2024,firearm_share,0.04019138755980861,Derived from Master CSV (state-year aggregate).
state:Texas,Texas,2024,dating_partner_share,0.004784688995215311,Derived from Master CSV (state-year aggregate).
state:Texas,Texas,2024,reporting_proxy,4.5059418065161525,Derived from Master CSV (state-year aggregate).
state:Utah,Utah,2021,dv_rate,0.0,Derived from Master CSV (state-year aggregate).
state:Utah,Utah,2021,sexual_assault_rate,0.0,Derived from Master CSV (state-year aggregate).
state:Utah,Utah,2021,firearm_share,0.0,Derived from Master CSV (state-year aggregate).
state:Utah,Utah,2021,dating_partner_share,0.0,Derived from Master CSV (state-year aggregate).
state:Utah,Utah,2021,reporting_proxy,1.4828102509204273,Derived from Master CSV (state-year aggregate).
state:Utah,Utah,2022,dv_rate,0.0,Derived from Master CSV (state-year aggregate).
state:Utah,Utah,2022,sexual_assault_rate,0.0,Derived from Master CSV (state-year aggregate).
state:Utah,Utah,2022,firearm_share,0.0,Derived from Master CSV (state-year aggregate).
state:Utah,Utah,2022,dating_partner_share,0.0,Derived from Master CSV (state-year aggregate).
state:Utah,Utah,2022,reporting_proxy,6.468366832497836,Derived from Master CSV (state-year aggregate).
state:Utah,Utah,2023,dv_rate,0.09532706716745153,Derived from Master CSV (state-year aggregate).
state:Utah,Utah,2023,sexual_assault_rate,0.0,Derived from Master CSV (state-year aggregate).
state:Utah,Utah,2023,firearm_share,0.015384615384615385,Derived from Master CSV (state-year aggregate).
state:Utah,Utah,2023,dating_partner_share,0.015384615384615385,Derived from Master CSV (state-year aggregate).
state:Utah,Utah,2023,reporting_proxy,6.196259365884349,Derived from Master CSV (state-year aggregate).
state:Utah,Utah,2024,dv_rate,0.0,Derived from Master CSV (state-year aggregate).
state:Utah,Utah,2024,sexual_assault_rate,0.047020101093217345,Derived from Master CSV (state-year aggregate).
state:Utah,Utah,2024,firearm_share,0.020618556701030927,Derived from Master CSV (state-year aggregate).
state:Utah,Utah,2024,dating_partner_share,0.0,Derived from Master CSV (state-year aggregate).
state:Utah,Utah,2024,reporting_proxy,4.560949806042083,Derived from Master CSV (state-year aggregate).
state:Vermont,Vermont,2021,dv_rate,0.0,Derived from Master CSV (state-year aggregate).
state:Vermont,Vermont,2021,sexual_assault_rate,0.0,Derived from Master CSV (state-year aggregate).
state:Vermont,Vermont,2021,firearm_share,0.0,Derived from Master CSV (state-year aggregate).
state:Vermont,Vermont,2021,dating_partner_share,0.0,Derived from Master CSV (state-year aggregate).
state:Vermont,Vermont,2021,reporting_proxy,4.889861686769431,Derived from Master CSV (state-year aggregate).
state:Vermont,Vermont,2022,dv_rate,0.0,Derived from Master CSV (state-year aggregate).
state:Vermont,Vermont,2022,sexual_assault_rate,0.0,Derived from Master CSV (state-year aggregate).
state:Vermont,Vermont,2022,firearm_share,0.0,Derived from Master CSV (state-year aggregate).
state:Vermont,Vermont,2022,dating_partner_share,0.0,Derived from Master CSV (state-year aggregate).
state:Vermont,Vermont,2022,reporting_proxy,9.845823356978228,Derived from Master CSV (state-year aggregate).
state:Vermont,Vermont,2023,dv_rate,0.0,Derived from Master CSV (state-year aggregate).
state:Vermont,Vermont,2023,sexual_assault_rate,0.0,Derived from Master CSV (state-year aggregate).
state:Vermont,Vermont,2023,firearm_share,0.0,Derived from Master CSV (state-year aggregate).
state:Vermont,Vermont,2023,dating_partner_share,0.0,Derived from Master CSV (state-year aggregate).
state:Vermont,Vermont,2023,reporting_proxy,8.085890121737567,Derived from Master CSV (state-year aggregate).
state:Vermont,Vermont,2024,dv_rate,0.0,Derived from Master CSV (state-year aggregate).
state:Vermont,Vermont,2024,sexual_assault_rate,0.0,Derived from Master CSV (state-year aggregate).
state:Vermont,Vermont,2024,firearm_share,0.0,Derived from Master CSV (state-year aggregate).
state:Vermont,Vermont,2024,dating_partner_share,0.0,Derived from Master CSV (state-year aggregate).
state:Vermont,Vermont,2024,reporting_proxy,5.623537880151161,Derived from Master CSV (state-year aggregate).
state:Virginia,Virginia,2021,dv_rate,0.02114656685487111,Derived from Master CSV (state-year aggregate).
state:Virginia,Virginia,2021,sexual_assault_rate,0.04229313370974222,Derived from Master CSV (state-year aggregate).
state:Virginia,Virginia,2021,firearm_share,0.007772020725388601,Derived from Master CSV (state-year aggregate).
state:Virginia,Virginia,2021,dating_partner_share,0.0025906735751295338,Derived from Master CSV (state-year aggregate).
state:Virginia,Virginia,2021,reporting_proxy,8.162574805980249,Derived from Master CSV (state-year aggregate).
state:Virginia,Virginia,2022,dv_rate,0.0,Derived from Master CSV (state-year aggregate).
state:Virginia,Virginia,2022,sexual_assault_rate,0.0,Derived from Master CSV (state-year aggregate).
state:Virginia,Virginia,2022,firearm_share,0.03056768558951965,Derived from Master CSV (state-year aggregate).
state:Virginia,Virginia,2022,dating_partner_share,0.0,Derived from Master CSV (state-year aggregate).
state:Virginia,Virginia,2022,reporting_proxy,19.120858017192074,Derived from Master CSV (state-year aggregate).
state:Virginia,Virginia,2023,dv_rate,0.0,Derived from Master CSV (state-year aggregate).
state:Virginia,Virginia,2023,sexual_assault_rate,0.0,Derived from Master CSV (state-year aggregate).
state:Virginia,Virginia,2023,firearm_share,0.017897091722595078,Derived from Master CSV (state-year aggregate).
state:Virginia,Virginia,2023,dating_partner_share,0.0,Derived from Master CSV (state-year aggregate).
state:Virginia,Virginia,2023,reporting_proxy,18.606897039755072,Derived from Master CSV (state-year aggregate).
state:Virginia,Virginia,2024,dv_rate,0.0411062514387188,Derived from Master CSV (state-year aggregate).
state:Virginia,Virginia,2024,sexual_assault_rate,0.0205531257193594,Derived from Master CSV (state-year aggregate).
state:Virginia,Virginia,2024,firearm_share,0.01603206412825651,Derived from Master CSV (state-year aggregate).
state:Virginia,Virginia,2024,dating_partner_share,0.004008016032064128,Derived from Master CSV (state-year aggregate).
state:Virginia,Virginia,2024,reporting_proxy,10.256009733960342,Derived from Master CSV (state-year aggregate).
state:Washington,Washington,2021,dv_rate,0.0,Derived from Master CSV (state-year aggregate).
state:Washington,Washington,2021,sexual_assault_rate,0.0,Derived from Master CSV (state-year aggregate).
state:Washington,Washington,2021,firearm_share,0.01904761904761905,Derived from Master CSV (state-year aggregate).
state:Washington,Washington,2021,dating_partner_share,0.0,Derived from Master CSV (state-year aggregate).
state:Washington,Washington,2021,reporting_proxy,2.6658237585830005,Derived from Master CSV (state-year aggregate).
state:Washington,Washington,2022,dv_rate,0.0,Derived from Master CSV (state-year aggregate).
state:Washington,Washington,2022,sexual_assault_rate,0.0,Derived from Master CSV (state-year aggregate).
state:Washington,Washington,2022,firearm_share,0.016736401673640166,Derived from Master CSV (state-year aggregate).
state:Washington,Washington,2022,dating_partner_share,0.0,Derived from Master CSV (state-year aggregate).
state:Washington,Washington,2022,reporting_proxy,6.550718043665058,Derived from Master CSV (state-year aggregate).
state:Washington,Washington,2023,dv_rate,0.0,Derived from Master CSV (state-year aggregate).
state:Washington,Washington,2023,sexual_assault_rate,0.05306545889682217,Derived from Master CSV (state-year aggregate).
state:Washington,Washington,2023,firearm_share,0.034334763948497854,Derived from Master CSV (state-year aggregate).
state:Washington,Washington,2023,dating_partner_share,0.0,Derived from Master CSV (state-year aggregate).
state:Washington,Washington,2023,reporting_proxy,6.182125961479784,Derived from Master CSV (state-year aggregate).
state:Washington,Washington,2024,dv_rate,0.0,Derived from Master CSV (state-year aggregate).
state:Washington,Washington,2024,sexual_assault_rate,0.0,Derived from Master CSV (state-year aggregate).
state:Washington,Washington,2024,firearm_share,0.011538461538461539,Derived from Master CSV (state-year aggregate).
state:Washington,Washington,2024,dating_partner_share,0.0,Derived from Master CSV (state-year aggregate).
state:Washington,Washington,2024,reporting_proxy,3.420791571169569,Derived from Master CSV (state-year aggregate).
state:Wisconsin,Wisconsin,2021,dv_rate,0.016853828431397336,Derived from Master CSV (state-year aggregate).
state:Wisconsin,Wisconsin,2021,sexual_assault_rate,0.0,Derived from Master CSV (state-year aggregate).
state:Wisconsin,Wisconsin,2021,firearm_share,0.06103286384976526,Derived from Master CSV (state-year aggregate).
state:Wisconsin,Wisconsin,2021,dating_partner_share,0.004694835680751174,Derived from Master CSV (state-year aggregate).
state:Wisconsin,Wisconsin,2021,reporting_proxy,3.589865455887632,Derived from Master CSV (state-year aggregate).
state:Wisconsin,Wisconsin,2022,dv_rate,0.0,Derived from Master CSV (state-year aggregate).
state:Wisconsin,Wisconsin,2022,sexual_assault_rate,0.0,Derived from Master CSV (state-year aggregate).
state:Wisconsin,Wisconsin,2022,firearm_share,0.023346303501945526,Derived from Master CSV (state-year aggregate).
state:Wisconsin,Wisconsin,2022,dating_partner_share,0.0,Derived from Master CSV (state-year aggregate).
state:Wisconsin,Wisconsin,2022,reporting_proxy,9.150091767943705,Derived from Master CSV (state-year aggregate).
state:Wisconsin,Wisconsin,2023,dv_rate,0.0,Derived from Master CSV (state-year aggregate).
state:Wisconsin,Wisconsin,2023,sexual_assault_rate,0.0,Derived from Master CSV (state-year aggregate).
state:Wisconsin,Wisconsin,2023,firearm_share,0.011450381679389313,Derived from Master CSV (state-year aggregate).
state:Wisconsin,Wisconsin,2023,dating_partner_share,0.0,Derived from Master CSV (state-year aggregate).
state:Wisconsin,Wisconsin,2023,reporting_proxy,9.378948913366434,Derived from Master CSV (state-year aggregate).
state:Wisconsin,Wisconsin,2024,dv_rate,0.017843887397932964,Derived from Master CSV (state-year aggregate).
state:Wisconsin,Wisconsin,2024,sexual_assault_rate,0.0,Derived from Master CSV (state-year aggregate).
state:Wisconsin,Wisconsin,2024,firearm_share,0.016597510373443983,Derived from Master CSV (state-year aggregate).
state:Wisconsin,Wisconsin,2024,dating_partner_share,0.004149377593360996,Derived from Master CSV (state-year aggregate).
state:Wisconsin,Wisconsin,2024,reporting_proxy,4.300376862901844,Derived from Master CSV (state-year aggregate).
state:Wyoming,Wyoming,2021,dv_rate,0.0,Derived from Master CSV (state-year aggregate).
state:Wyoming,Wyoming,2021,sexual_assault_rate,0.0,Derived from Master CSV (state-year aggregate).
state:Wyoming,Wyoming,2021,firearm_share,0.1,Derived from Master CSV (state-year aggregate).
state:Wyoming,Wyoming,2021,dating_partner_share,0.0,Derived from Master CSV (state-year aggregate).
state:Wyoming,Wyoming,2021,reporting_proxy,1.5322617716010605,Derived from Master CSV (state-year aggregate).
state:Wyoming,Wyoming,2022,dv_rate,0.0,Derived from Master CSV (state-year aggregate).
state:Wyoming,Wyoming,2022,sexual_assault_rate,0.0,Derived from Master CSV (state-year aggregate).
state:Wyoming,Wyoming,2022,firearm_share,0.07692307692307693,Derived from Master CSV (state-year aggregate).
state:Wyoming,Wyoming,2022,dating_partner_share,0.0,Derived from Master CSV (state-year aggregate).
state:Wyoming,Wyoming,2022,reporting_proxy,8.044554455445544,Derived from Master CSV (state-year aggregate).
state:Wyoming,Wyoming,2023,dv_rate,0.0,Derived from Master CSV (state-year aggregate).
state:Wyoming,Wyoming,2023,sexual_assault_rate,0.0,Derived from Master CSV (state-year aggregate).
state:Wyoming,Wyoming,2023,firearm_share,0.0,Derived from Master CSV (state-year aggregate).
state:Wyoming,Wyoming,2023,dating_partner_share,0.0,Derived from Master CSV (state-year aggregate).
state:Wyoming,Wyoming,2023,reporting_proxy,5.287138258665464,Derived from Master CSV (state-year aggregate).
state:Wyoming,Wyoming,2024,dv_rate,0.0,Derived from Master CSV (state-year aggregate).
state:Wyoming,Wyoming,2024,sexual_assault_rate,0.0,Derived from Master CSV (state-year aggregate).
state:Wyoming,Wyoming,2024,firearm_share,0.0,Derived from Master CSV (state-year aggregate).
state:Wyoming,Wyoming,2024,dating_partner_share,0.0,Derived from Master CSV (state-year aggregate).
state:Wyoming,Wyoming,2024,reporting_proxy,2.6096433999048245,Derived from Master CSV (state-year aggregate).
