geo_id,geo_name,year,component,value,note
state:AL,Alabama,2021,dv_rate,0.8546192429,z-score within 2021; raw=913.168 (per 100k female population)
state:AL,Alabama,2021,sexual_assault_rate,-0.8159127984,z-score within 2021; raw=46.1687 (per 100k female population)
state:AL,Alabama,2021,firearm_share,1.732366892,z-score within 2021; raw=0.121333 (proportion)
state:AL,Alabama,2021,fem_poverty_rate,1.430665976,z-score within 2021; raw=0.179 (proportion)
state:AL,Alabama,2021,unemployment_rate,-0.2361017418,z-score within 2021; raw=0.053 (proportion)
state:AL,Alabama,2021,gun_deaths_per_100k,1.387090472,z-score within 2021; raw=23.6 (per 100k population)
state:AL,Alabama,2022,dv_rate,0.9414424283,z-score within 2022; raw=924.751 (per 100k female population)
state:AL,Alabama,2022,sexual_assault_rate,-1.041459663,z-score within 2022; raw=41.156 (per 100k female population)
state:AL,Alabama,2022,firearm_share,0.879052167,z-score within 2022; raw=0.0892702 (proportion)
state:AL,Alabama,2022,fem_poverty_rate,1.502549768,z-score within 2022; raw=0.178 (proportion)
state:AL,Alabama,2022,unemployment_rate,0.3989767291,z-score within 2022; raw=0.043 (proportion)
state:AL,Alabama,2022,gun_deaths_per_100k,1.485376133,z-score within 2022; raw=26.4 (per 100k population)
state:AL,Alabama,2023,dv_rate,1.032172266,z-score within 2023; raw=945.178 (per 100k female population)
state:AL,Alabama,2023,sexual_assault_rate,-0.8403383203,z-score within 2023; raw=37.1537 (per 100k female population)
state:AL,Alabama,2023,firearm_share,0.8009924982,z-score within 2023; raw=0.0830781 (proportion)
state:AL,Alabama,2023,fem_poverty_rate,1.380358744,z-score within 2023; raw=0.172 (proportion)
state:AL,Alabama,2023,unemployment_rate,0.06700007384,z-score within 2023; raw=0.04 (proportion)
state:AL,Alabama,2023,gun_deaths_per_100k,1.604691263,z-score within 2023; raw=25.9 (per 100k population)
state:AL,Alabama,2024,dv_rate,1.278852387,z-score within 2024; raw=986.947 (per 100k female population)
state:AL,Alabama,2024,sexual_assault_rate,-0.9671852754,z-score within 2024; raw=35.112 (per 100k female population)
state:AL,Alabama,2024,firearm_share,0.8017399111,z-score within 2024; raw=0.0789858 (proportion)
state:AL,Alabama,2024,fem_poverty_rate,1.540553426,z-score within 2024; raw=0.173 (proportion)
state:AL,Alabama,2024,unemployment_rate,-0.05650662841,z-score within 2024; raw=0.042 (proportion)
state:AL,Alabama,2024,gun_deaths_per_100k,1.707761541,z-score within 2024; raw=25.6 (per 100k population)
state:AK,Alaska,2021,dv_rate,0.3366558421,z-score within 2021; raw=743.542 (per 100k female population)
state:AK,Alaska,2021,sexual_assault_rate,1.282214841,z-score within 2021; raw=128.42 (per 100k female population)
state:AK,Alaska,2021,firearm_share,-0.2947487553,z-score within 2021; raw=0.0490851 (proportion)
state:AK,Alaska,2021,fem_poverty_rate,-1.059099646,z-score within 2021; raw=0.107 (proportion)
state:AK,Alaska,2021,unemployment_rate,0.8082870856,z-score within 2021; raw=0.07 (proportion)
state:AK,Alaska,2021,gun_deaths_per_100k,1.370710094,z-score within 2021; raw=23.5 (per 100k population)
state:AK,Alaska,2022,dv_rate,0.1930381316,z-score within 2022; raw=711.44 (per 100k female population)
state:AK,Alaska,2022,sexual_assault_rate,0.7130779942,z-score within 2022; raw=109.189 (per 100k female population)
state:AK,Alaska,2022,firearm_share,-0.4341864599,z-score within 2022; raw=0.0469281 (proportion)
state:AK,Alaska,2022,fem_poverty_rate,-0.6123546893,z-score within 2022; raw=0.118 (proportion)
state:AK,Alaska,2022,unemployment_rate,0.762330536,z-score within 2022; raw=0.046 (proportion)
state:AK,Alaska,2022,gun_deaths_per_100k,1.307841137,z-score within 2022; raw=25.2 (per 100k population)
state:AK,Alaska,2023,dv_rate,0.3495524619,z-score within 2023; raw=763.408 (per 100k female population)
state:AK,Alaska,2023,sexual_assault_rate,1.92072898,z-score within 2023; raw=96.553 (per 100k female population)
state:AK,Alaska,2023,firearm_share,-0.1201768073,z-score within 2023; raw=0.0534565 (proportion)
state:AK,Alaska,2023,fem_poverty_rate,-0.9230619824,z-score within 2023; raw=0.108 (proportion)
state:AK,Alaska,2023,unemployment_rate,1.118385848,z-score within 2023; raw=0.048 (proportion)
state:AK,Alaska,2023,gun_deaths_per_100k,1.092828021,z-score within 2023; raw=22.7 (per 100k population)
state:AK,Alaska,2024,dv_rate,0.9356778448,z-score within 2024; raw=901.549 (per 100k female population)
state:AK,Alaska,2024,sexual_assault_rate,1.650594326,z-score within 2024; raw=91.9565 (per 100k female population)
state:AK,Alaska,2024,firearm_share,-0.2401650582,z-score within 2024; raw=0.047746 (proportion)
state:AK,Alaska,2024,fem_poverty_rate,-0.9101314232,z-score within 2024; raw=0.106 (proportion)
state:AK,Alaska,2024,unemployment_rate,1.864718737,z-score within 2024; raw=0.06 (proportion)
state:AK,Alaska,2024,gun_deaths_per_100k,1.362526728,z-score within 2024; raw=23.5 (per 100k population)
state:AZ,Arizona,2021,dv_rate,-0.8875202574,z-score within 2021; raw=342.639 (per 100k female population)
state:AZ,Arizona,2021,sexual_assault_rate,-0.9096820898,z-score within 2021; raw=42.4927 (per 100k female population)
state:AZ,Arizona,2021,firearm_share,-0.2413996372,z-score within 2021; raw=0.0509865 (proportion)
state:AZ,Arizona,2021,fem_poverty_rate,-0.0216973039,z-score within 2021; raw=0.137 (proportion)
state:AZ,Arizona,2021,unemployment_rate,0.0710714427,z-score within 2021; raw=0.058 (proportion)
state:AZ,Arizona,2021,gun_deaths_per_100k,0.2568443387,z-score within 2021; raw=16.7 (per 100k population)
state:AZ,Arizona,2022,dv_rate,-0.7977589123,z-score within 2022; raw=429.042 (per 100k female population)
state:AZ,Arizona,2022,sexual_assault_rate,-0.7133165646,z-score within 2022; raw=53.8799 (per 100k female population)
state:AZ,Arizona,2022,firearm_share,-0.2874402395,z-score within 2022; raw=0.0516595 (proportion)
state:AZ,Arizona,2022,fem_poverty_rate,-0.04838016732,z-score within 2022; raw=0.134 (proportion)
state:AZ,Arizona,2022,unemployment_rate,0.3989767291,z-score within 2022; raw=0.043 (proportion)
state:AZ,Arizona,2022,gun_deaths_per_100k,0.2870149102,z-score within 2022; raw=18.3 (per 100k population)
state:AZ,Arizona,2023,dv_rate,-0.8154421258,z-score within 2023; raw=453.188 (per 100k female population)
state:AZ,Arizona,2023,sexual_assault_rate,-0.709602048,z-score within 2023; raw=39.9662 (per 100k female population)
state:AZ,Arizona,2023,firearm_share,-0.1472130524,z-score within 2023; raw=0.0525871 (proportion)
state:AZ,Arizona,2023,fem_poverty_rate,0.01270268783,z-score within 2023; raw=0.134 (proportion)
state:AZ,Arizona,2023,unemployment_rate,0.4612697391,z-score within 2023; raw=0.043 (proportion)
state:AZ,Arizona,2023,gun_deaths_per_100k,0.7409220426,z-score within 2023; raw=20.5 (per 100k population)
state:AZ,Arizona,2024,dv_rate,-0.5125495467,z-score within 2024; raw=541.161 (per 100k female population)
state:AZ,Arizona,2024,sexual_assault_rate,-0.5830674052,z-score within 2024; raw=43.453 (per 100k female population)
state:AZ,Arizona,2024,firearm_share,-0.1383598836,z-score within 2024; raw=0.0507985 (proportion)
state:AZ,Arizona,2024,fem_poverty_rate,-0.2517384788,z-score within 2024; raw=0.124 (proportion)
state:AZ,Arizona,2024,unemployment_rate,0.3704323418,z-score within 2024; raw=0.046 (proportion)
state:AZ,Arizona,2024,gun_deaths_per_100k,0.5405390785,z-score within 2024; raw=18.5 (per 100k population)
state:AR,Arkansas,2021,dv_rate,1.1807121,z-score within 2021; raw=1019.96 (per 100k female population)
state:AR,Arkansas,2021,sexual_assault_rate,0.644177762,z-score within 2021; raw=103.407 (per 100k female population)
state:AR,Arkansas,2021,firearm_share,1.516515685,z-score within 2021; raw=0.11364 (proportion)
state:AR,Arkansas,2021,fem_poverty_rate,1.396085898,z-score within 2021; raw=0.178 (proportion)
state:AR,Arkansas,2021,unemployment_rate,-0.113232468,z-score within 2021; raw=0.055 (proportion)
state:AR,Arkansas,2021,gun_deaths_per_100k,1.223286685,z-score within 2021; raw=22.6 (per 100k population)
state:AR,Arkansas,2022,dv_rate,1.012520348,z-score within 2022; raw=945.009 (per 100k female population)
state:AR,Arkansas,2022,sexual_assault_rate,0.458371706,z-score within 2022; raw=99.3126 (per 100k female population)
state:AR,Arkansas,2022,firearm_share,1.237128055,z-score within 2022; raw=0.100815 (proportion)
state:AR,Arkansas,2022,fem_poverty_rate,1.749288621,z-score within 2022; raw=0.185 (proportion)
state:AR,Arkansas,2022,unemployment_rate,0.6412126004,z-score within 2022; raw=0.045 (proportion)
state:AR,Arkansas,2022,gun_deaths_per_100k,1.02674406,z-score within 2022; raw=23.3 (per 100k population)
state:AR,Arkansas,2023,dv_rate,0.7902067863,z-score within 2023; raw=880.747 (per 100k female population)
state:AR,Arkansas,2023,sexual_assault_rate,1.287021974,z-score within 2023; raw=82.92 (per 100k female population)
state:AR,Arkansas,2023,firearm_share,1.294561081,z-score within 2023; raw=0.0989495 (proportion)
state:AR,Arkansas,2023,fem_poverty_rate,1.380358744,z-score within 2023; raw=0.172 (proportion)
state:AR,Arkansas,2023,unemployment_rate,0.3298465174,z-score within 2023; raw=0.042 (proportion)
state:AR,Arkansas,2023,gun_deaths_per_100k,0.9968536635,z-score within 2023; raw=22.1 (per 100k population)
state:AR,Arkansas,2024,dv_rate,0.8111831217,z-score within 2024; raw=870.569 (per 100k female population)
state:AR,Arkansas,2024,sexual_assault_rate,1.307606426,z-score within 2024; raw=84.5086 (per 100k female population)
state:AR,Arkansas,2024,firearm_share,1.165645285,z-score within 2024; raw=0.0898969 (proportion)
state:AR,Arkansas,2024,fem_poverty_rate,1.394243882,z-score within 2024; raw=0.169 (proportion)
state:AR,Arkansas,2024,unemployment_rate,-0.4834455986,z-score within 2024; raw=0.038 (proportion)
state:AR,Arkansas,2024,gun_deaths_per_100k,1.09949068,z-score within 2024; raw=21.9 (per 100k population)
state:CA,California,2021,dv_rate,-1.927655494,z-score within 2021; raw=2.00781 (per 100k female population)
state:CA,California,2021,sexual_assault_rate,-1.782270578,z-score within 2021; raw=8.28547 (per 100k female population)
state:CA,California,2021,firearm_share,-0.7384979953,z-score within 2021; raw=0.0332695 (proportion)
state:CA,California,2021,fem_poverty_rate,-0.1600176162,z-score within 2021; raw=0.133 (proportion)
state:CA,California,2021,unemployment_rate,1.606937365,z-score within 2021; raw=0.083 (proportion)
state:CA,California,2021,gun_deaths_per_100k,-1.086346718,z-score within 2021; raw=8.5 (per 100k population)
state:CA,California,2022,dv_rate,-1.527566855,z-score within 2022; raw=221.032 (per 100k female population)
state:CA,California,2022,sexual_assault_rate,-1.130733331,z-score within 2022; raw=37.6944 (per 100k female population)
state:CA,California,2022,firearm_share,-0.5327738305,z-score within 2022; raw=0.0437494 (proportion)
state:CA,California,2022,fem_poverty_rate,-0.1188769826,z-score within 2022; raw=0.132 (proportion)
state:CA,California,2022,unemployment_rate,1.610156085,z-score within 2022; raw=0.053 (proportion)
state:CA,California,2022,gun_deaths_per_100k,-1.088881309,z-score within 2022; raw=9 (per 100k population)
state:CA,California,2023,dv_rate,-1.148009684,z-score within 2023; raw=364.631 (per 100k female population)
state:CA,California,2023,sexual_assault_rate,-0.8360706613,z-score within 2023; raw=37.2455 (per 100k female population)
state:CA,California,2023,firearm_share,-0.5513700586,z-score within 2023; raw=0.0395908 (proportion)
state:CA,California,2023,fem_poverty_rate,-0.1312611076,z-score within 2023; raw=0.13 (proportion)
state:CA,California,2023,unemployment_rate,2.0383484,z-score within 2023; raw=0.055 (proportion)
state:CA,California,2023,gun_deaths_per_100k,-1.146573662,z-score within 2023; raw=8.7 (per 100k population)
state:CA,California,2024,dv_rate,-0.879535475,z-score within 2024; raw=449.837 (per 100k female population)
state:CA,California,2024,sexual_assault_rate,-0.293984482,z-score within 2024; raw=49.7304 (per 100k female population)
state:CA,California,2024,firearm_share,-0.6556225161,z-score within 2024; raw=0.0352892 (proportion)
state:CA,California,2024,fem_poverty_rate,-0.1054289356,z-score within 2024; raw=0.128 (proportion)
state:CA,California,2024,unemployment_rate,1.757983995,z-score within 2024; raw=0.059 (proportion)
state:CA,California,2024,gun_deaths_per_100k,-1.185634986,z-score within 2024; raw=8 (per 100k population)
state:CO,Colorado,2021,dv_rate,0.1845670892,z-score within 2021; raw=693.734 (per 100k female population)
state:CO,Colorado,2021,sexual_assault_rate,1.39943221,z-score within 2021; raw=133.015 (per 100k female population)
state:CO,Colorado,2021,firearm_share,0.9360482512,z-score within 2021; raw=0.0929518 (proportion)
state:CO,Colorado,2021,fem_poverty_rate,-1.093679725,z-score within 2021; raw=0.106 (proportion)
state:CO,Colorado,2021,unemployment_rate,-0.2361017418,z-score within 2021; raw=0.053 (proportion)
state:CO,Colorado,2021,gun_deaths_per_100k,0.04389941504,z-score within 2021; raw=15.4 (per 100k population)
state:CO,Colorado,2022,dv_rate,0.03643415137,z-score within 2022; raw=666.805 (per 100k female population)
state:CO,Colorado,2022,sexual_assault_rate,1.129187949,z-score within 2022; raw=125.324 (per 100k female population)
state:CO,Colorado,2022,firearm_share,1.743445173,z-score within 2022; raw=0.11714 (proportion)
state:CO,Colorado,2022,fem_poverty_rate,-1.176329211,z-score within 2022; raw=0.102 (proportion)
state:CO,Colorado,2022,unemployment_rate,-0.5699667559,z-score within 2022; raw=0.035 (proportion)
state:CO,Colorado,2022,gun_deaths_per_100k,0.2130419952,z-score within 2022; raw=17.8 (per 100k population)
state:CO,Colorado,2023,dv_rate,-0.05377486845,z-score within 2023; raw=656.008 (per 100k female population)
state:CO,Colorado,2023,sexual_assault_rate,1.504722744,z-score within 2023; raw=87.6034 (per 100k female population)
state:CO,Colorado,2023,firearm_share,1.392138911,z-score within 2023; raw=0.102087 (proportion)
state:CO,Colorado,2023,fem_poverty_rate,-1.174998624,z-score within 2023; raw=0.101 (proportion)
state:CO,Colorado,2023,unemployment_rate,-0.1958463697,z-score within 2023; raw=0.038 (proportion)
state:CO,Colorado,2023,gun_deaths_per_100k,0.2290588007,z-score within 2023; raw=17.3 (per 100k population)
state:CO,Colorado,2024,dv_rate,-0.1040746409,z-score within 2024; raw=642.809 (per 100k female population)
state:CO,Colorado,2024,sexual_assault_rate,1.589742151,z-score within 2024; raw=90.6351 (per 100k female population)
state:CO,Colorado,2024,firearm_share,1.567583583,z-score within 2024; raw=0.101948 (proportion)
state:CO,Colorado,2024,fem_poverty_rate,-0.946708809,z-score within 2024; raw=0.105 (proportion)
state:CO,Colorado,2024,unemployment_rate,0.05022811414,z-score within 2024; raw=0.043 (proportion)
state:CO,Colorado,2024,gun_deaths_per_100k,0.2281837716,z-score within 2024; raw=16.6 (per 100k population)
state:CT,Connecticut,2021,dv_rate,-0.6805491406,z-score within 2021; raw=410.42 (per 100k female population)
state:CT,Connecticut,2021,sexual_assault_rate,-0.6314349869,z-score within 2021; raw=53.4006 (per 100k female population)
state:CT,Connecticut,2021,firearm_share,-1.085759551,z-score within 2021; raw=0.0208928 (proportion)
state:CT,Connecticut,2021,fem_poverty_rate,-1.024519568,z-score within 2021; raw=0.108 (proportion)
state:CT,Connecticut,2021,unemployment_rate,0.6239831749,z-score within 2021; raw=0.067 (proportion)
state:CT,Connecticut,2021,gun_deaths_per_100k,-1.495856187,z-score within 2021; raw=6 (per 100k population)
state:CT,Connecticut,2022,dv_rate,-0.8851996317,z-score within 2022; raw=404.12 (per 100k female population)
state:CT,Connecticut,2022,sexual_assault_rate,-0.8832506839,z-score within 2022; raw=47.2906 (per 100k female population)
state:CT,Connecticut,2022,firearm_share,-1.238539847,z-score within 2022; raw=0.0209937 (proportion)
state:CT,Connecticut,2022,fem_poverty_rate,-0.8943419503,z-score within 2022; raw=0.11 (proportion)
state:CT,Connecticut,2022,unemployment_rate,0.8834484716,z-score within 2022; raw=0.047 (proportion)
state:CT,Connecticut,2022,gun_deaths_per_100k,-1.429156718,z-score within 2022; raw=6.7 (per 100k population)
state:CT,Connecticut,2023,dv_rate,-1.095281036,z-score within 2023; raw=378.671 (per 100k female population)
state:CT,Connecticut,2023,sexual_assault_rate,-1.221795951,z-score within 2023; raw=28.9473 (per 100k female population)
state:CT,Connecticut,2023,firearm_share,-1.304398155,z-score within 2023; raw=0.015376 (proportion)
state:CT,Connecticut,2023,fem_poverty_rate,-0.7431072381,z-score within 2023; raw=0.113 (proportion)
state:CT,Connecticut,2023,unemployment_rate,0.8555394044,z-score within 2023; raw=0.046 (proportion)
state:CT,Connecticut,2023,gun_deaths_per_100k,-1.418501009,z-score within 2023; raw=7 (per 100k population)
state:CT,Connecticut,2024,dv_rate,-1.221270986,z-score within 2024; raw=364.797 (per 100k female population)
state:CT,Connecticut,2024,sexual_assault_rate,-1.345491676,z-score within 2024; raw=26.8972 (per 100k female population)
state:CT,Connecticut,2024,firearm_share,-1.35462393,z-score within 2024; raw=0.0143308 (proportion)
state:CT,Connecticut,2024,fem_poverty_rate,-0.5443575652,z-score within 2024; raw=0.116 (proportion)
state:CT,Connecticut,2024,unemployment_rate,0.6906365694,z-score within 2024; raw=0.049 (proportion)
state:CT,Connecticut,2024,gun_deaths_per_100k,-1.48155054,z-score within 2024; raw=6.2 (per 100k population)
state:DE,Delaware,2021,dv_rate,0.4537054352,z-score within 2021; raw=781.874 (per 100k female population)
state:DE,Delaware,2021,sexual_assault_rate,-0.5491589247,z-score within 2021; raw=56.626 (per 100k female population)
state:DE,Delaware,2021,firearm_share,0.3586408593,z-score within 2021; raw=0.0723725 (proportion)
state:DE,Delaware,2021,fem_poverty_rate,-0.2637578505,z-score within 2021; raw=0.13 (proportion)
state:DE,Delaware,2021,unemployment_rate,-0.05179783112,z-score within 2021; raw=0.056 (proportion)
state:DE,Delaware,2021,gun_deaths_per_100k,-0.1362847512,z-score within 2021; raw=14.3 (per 100k population)
state:DE,Delaware,2022,dv_rate,0.3208251798,z-score within 2022; raw=747.862 (per 100k female population)
state:DE,Delaware,2022,sexual_assault_rate,-0.9874304229,z-score within 2022; raw=43.251 (per 100k female population)
state:DE,Delaware,2022,firearm_share,0.1510143366,z-score within 2022; raw=0.0657964 (proportion)
state:DE,Delaware,2022,fem_poverty_rate,-1.246826026,z-score within 2022; raw=0.1 (proportion)
state:DE,Delaware,2022,unemployment_rate,0.3989767291,z-score within 2022; raw=0.043 (proportion)
state:DE,Delaware,2022,gun_deaths_per_100k,0.03550699921,z-score within 2022; raw=16.6 (per 100k population)
state:DE,Delaware,2023,dv_rate,0.3322756942,z-score within 2023; raw=758.807 (per 100k female population)
state:DE,Delaware,2023,sexual_assault_rate,-1.392721703,z-score within 2023; raw=25.2702 (per 100k female population)
state:DE,Delaware,2023,firearm_share,0.2928041375,z-score within 2023; raw=0.0667365 (proportion)
state:DE,Delaware,2023,fem_poverty_rate,-0.6711253404,z-score within 2023; raw=0.115 (proportion)
state:DE,Delaware,2023,unemployment_rate,-0.590116035,z-score within 2023; raw=0.035 (proportion)
state:DE,Delaware,2023,gun_deaths_per_100k,-0.6027189673,z-score within 2023; raw=12.1 (per 100k population)
state:DE,Delaware,2024,dv_rate,0.5009528484,z-score within 2024; raw=793.368 (per 100k female population)
state:DE,Delaware,2024,sexual_assault_rate,-1.498089056,z-score within 2024; raw=23.5835 (per 100k female population)
state:DE,Delaware,2024,firearm_share,0.3674698199,z-score within 2024; raw=0.0659649 (proportion)
state:DE,Delaware,2024,fem_poverty_rate,-1.019863581,z-score within 2024; raw=0.103 (proportion)
state:DE,Delaware,2024,unemployment_rate,0.9041060545,z-score within 2024; raw=0.051 (proportion)
state:DE,Delaware,2024,gun_deaths_per_100k,-0.5280448662,z-score within 2024; raw=12 (per 100k population)
state:DC,District of Columbia,2021,dv_rate,-0.7730316381,z-score within 2021; raw=380.133 (per 100k female population)
state:DC,District of Columbia,2021,sexual_assault_rate,0.2853382868,z-score within 2021; raw=89.34 (per 100k female population)
state:DC,District of Columbia,2021,firearm_share,-0.3062975506,z-score within 2021; raw=0.0486735 (proportion)
state:DC,District of Columbia,2021,fem_poverty_rate,1.568986288,z-score within 2021; raw=0.183 (proportion)
state:DC,District of Columbia,2021,unemployment_rate,1.545502729,z-score within 2021; raw=0.082 (proportion)
state:DC,District of Columbia,2022,dv_rate,0.6358616863,z-score within 2022; raw=837.654 (per 100k female population)
state:DC,District of Columbia,2022,sexual_assault_rate,2.835420938,z-score within 2022; raw=191.484 (per 100k female population)
state:DC,District of Columbia,2022,firearm_share,-0.5947557316,z-score within 2022; raw=0.0417509 (proportion)
state:DC,District of Columbia,2022,fem_poverty_rate,0.198358686,z-score within 2022; raw=0.141 (proportion)
state:DC,District of Columbia,2022,unemployment_rate,1.367920214,z-score within 2022; raw=0.051 (proportion)
state:DC,District of Columbia,2023,dv_rate,0.7211314529,z-score within 2023; raw=862.353 (per 100k female population)
state:DC,District of Columbia,2023,sexual_assault_rate,1.127393988,z-score within 2023; raw=79.4859 (per 100k female population)
state:DC,District of Columbia,2023,firearm_share,-0.288446,z-score within 2023; raw=0.0480455 (proportion)
state:DC,District of Columbia,2023,fem_poverty_rate,0.4445940741,z-score within 2023; raw=0.146 (proportion)
state:DC,District of Columbia,2023,unemployment_rate,1.775501957,z-score within 2023; raw=0.053 (proportion)
state:DC,District of Columbia,2024,dv_rate,0.585112095,z-score within 2024; raw=814.311 (per 100k female population)
state:DC,District of Columbia,2024,sexual_assault_rate,0.09553448296,z-score within 2024; raw=58.1887 (per 100k female population)
state:DC,District of Columbia,2024,firearm_share,-0.2879802236,z-score within 2024; raw=0.0463123 (proportion)
state:DC,District of Columbia,2024,fem_poverty_rate,1.796595126,z-score within 2024; raw=0.18 (proportion)
state:DC,District of Columbia,2024,unemployment_rate,1.437779767,z-score within 2024; raw=0.056 (proportion)
state:FL,Florida,2021,dv_rate,-1.931474195,z-score within 2021; raw=0.757232 (per 100k female population)
state:FL,Florida,2021,sexual_assault_rate,-1.99277148,z-score within 2021; raw=0.0334073 (per 100k female population)
state:FL,Florida,2021,firearm_share,-1.426916344,z-score within 2021; raw=0.00873362 (proportion)
state:FL,Florida,2021,fem_poverty_rate,0.1512030865,z-score within 2021; raw=0.142 (proportion)
state:FL,Florida,2021,unemployment_rate,-0.05179783112,z-score within 2021; raw=0.056 (proportion)
state:FL,Florida,2021,gun_deaths_per_100k,-0.2345670237,z-score within 2021; raw=13.7 (per 100k population)
state:FL,Florida,2022,dv_rate,-1.82127763,z-score within 2022; raw=137.318 (per 100k female population)
state:FL,Florida,2022,sexual_assault_rate,-1.791946578,z-score within 2022; raw=12.0555 (per 100k female population)
state:FL,Florida,2022,firearm_share,0.3339923495,z-score within 2022; raw=0.0716961 (proportion)
state:FL,Florida,2022,fem_poverty_rate,0.09261346316,z-score within 2022; raw=0.138 (proportion)
state:FL,Florida,2022,unemployment_rate,0.03562292224,z-score within 2022; raw=0.04 (proportion)
state:FL,Florida,2022,gun_deaths_per_100k,-0.3343575759,z-score within 2022; raw=14.1 (per 100k population)
state:FL,Florida,2023,dv_rate,-1.714614527,z-score within 2023; raw=213.753 (per 100k female population)
state:FL,Florida,2023,sexual_assault_rate,-1.767701496,z-score within 2023; raw=17.2032 (per 100k female population)
state:FL,Florida,2023,firearm_share,0.2592823962,z-score within 2023; raw=0.0656586 (proportion)
state:FL,Florida,2023,fem_poverty_rate,-0.05927920988,z-score within 2023; raw=0.132 (proportion)
state:FL,Florida,2023,unemployment_rate,0.1984232956,z-score within 2023; raw=0.041 (proportion)
state:FL,Florida,2023,gun_deaths_per_100k,-0.2348172622,z-score within 2023; raw=14.4 (per 100k population)
state:FL,Florida,2024,dv_rate,-1.576271719,z-score within 2024; raw=276.456 (per 100k female population)
state:FL,Florida,2024,sexual_assault_rate,-1.60164272,z-score within 2024; raw=21.3349 (per 100k female population)
state:FL,Florida,2024,firearm_share,0.1948830962,z-score within 2024; raw=0.0607902 (proportion)
state:FL,Florida,2024,fem_poverty_rate,0.004303221859,z-score within 2024; raw=0.131 (proportion)
state:FL,Florida,2024,unemployment_rate,0.3704323418,z-score within 2024; raw=0.046 (proportion)
state:FL,Florida,2024,gun_deaths_per_100k,-0.2485690653,z-score within 2024; raw=13.7 (per 100k population)
state:GA,Georgia,2021,dv_rate,-0.1152594209,z-score within 2021; raw=595.545 (per 100k female population)
state:GA,Georgia,2021,sexual_assault_rate,-0.3871249617,z-score within 2021; raw=62.978 (per 100k female population)
state:GA,Georgia,2021,firearm_share,1.424377359,z-score within 2021; raw=0.110356 (proportion)
state:GA,Georgia,2021,fem_poverty_rate,0.4970038674,z-score within 2021; raw=0.152 (proportion)
state:GA,Georgia,2021,unemployment_rate,-0.113232468,z-score within 2021; raw=0.055 (proportion)
state:GA,Georgia,2021,gun_deaths_per_100k,0.4206481262,z-score within 2021; raw=17.7 (per 100k population)
state:GA,Georgia,2022,dv_rate,-0.1544134268,z-score within 2022; raw=612.409 (per 100k female population)
state:GA,Georgia,2022,sexual_assault_rate,-0.3479929354,z-score within 2022; raw=68.0454 (per 100k female population)
state:GA,Georgia,2022,firearm_share,1.616644047,z-score within 2022; raw=0.113052 (proportion)
state:GA,Georgia,2022,fem_poverty_rate,0.09261346316,z-score within 2022; raw=0.138 (proportion)
state:GA,Georgia,2022,unemployment_rate,0.2778587935,z-score within 2022; raw=0.042 (proportion)
state:GA,Georgia,2022,gun_deaths_per_100k,0.5829065703,z-score within 2022; raw=20.3 (per 100k population)
state:GA,Georgia,2023,dv_rate,-0.2493959053,z-score within 2023; raw=603.917 (per 100k female population)
state:GA,Georgia,2023,sexual_assault_rate,-0.7549406685,z-score within 2023; raw=38.9909 (per 100k female population)
state:GA,Georgia,2023,firearm_share,1.426496376,z-score within 2023; raw=0.103192 (proportion)
state:GA,Georgia,2023,fem_poverty_rate,0.4805850229,z-score within 2023; raw=0.147 (proportion)
state:GA,Georgia,2023,unemployment_rate,0.5926929609,z-score within 2023; raw=0.044 (proportion)
state:GA,Georgia,2023,gun_deaths_per_100k,0.6609434111,z-score within 2023; raw=20 (per 100k population)
state:GA,Georgia,2024,dv_rate,-0.2724117043,z-score within 2024; raw=600.918 (per 100k female population)
state:GA,Georgia,2024,sexual_assault_rate,-0.6552148913,z-score within 2024; raw=41.8864 (per 100k female population)
state:GA,Georgia,2024,firearm_share,1.249979725,z-score within 2024; raw=0.0924255 (proportion)
state:GA,Georgia,2024,fem_poverty_rate,0.1871901509,z-score within 2024; raw=0.136 (proportion)
state:GA,Georgia,2024,unemployment_rate,0.4771670843,z-score within 2024; raw=0.047 (proportion)
state:GA,Georgia,2024,gun_deaths_per_100k,0.5569788315,z-score within 2024; raw=18.6 (per 100k population)
state:HI,Hawaii,2021,dv_rate,-0.7815906433,z-score within 2021; raw=377.33 (per 100k female population)
state:HI,Hawaii,2021,sexual_assault_rate,-0.2545499079,z-score within 2021; raw=68.1752 (per 100k female population)
state:HI,Hawaii,2021,firearm_share,-1.067660083,z-score within 2021; raw=0.0215378 (proportion)
state:HI,Hawaii,2021,fem_poverty_rate,-0.7478789437,z-score within 2021; raw=0.116 (proportion)
state:HI,Hawaii,2021,unemployment_rate,1.238329544,z-score within 2021; raw=0.077 (proportion)
state:HI,Hawaii,2021,gun_deaths_per_100k,-1.921746035,z-score within 2021; raw=3.4 (per 100k population)
state:HI,Hawaii,2022,dv_rate,-0.7481526869,z-score within 2022; raw=443.181 (per 100k female population)
state:HI,Hawaii,2022,sexual_assault_rate,0.3121329957,z-score within 2022; raw=93.6421 (per 100k female population)
state:HI,Hawaii,2022,firearm_share,-1.354278256,z-score within 2022; raw=0.017262 (proportion)
state:HI,Hawaii,2022,fem_poverty_rate,-0.9648387655,z-score within 2022; raw=0.108 (proportion)
state:HI,Hawaii,2022,unemployment_rate,-0.4488488203,z-score within 2022; raw=0.036 (proportion)
state:HI,Hawaii,2022,gun_deaths_per_100k,-1.710253795,z-score within 2022; raw=4.8 (per 100k population)
state:HI,Hawaii,2023,dv_rate,-1.311881684,z-score within 2023; raw=320.994 (per 100k female population)
state:HI,Hawaii,2023,sexual_assault_rate,-0.3304521978,z-score within 2023; raw=48.123 (per 100k female population)
state:HI,Hawaii,2023,firearm_share,-1.368722859,z-score within 2023; raw=0.0133076 (proportion)
state:HI,Hawaii,2023,fem_poverty_rate,-0.9590529312,z-score within 2023; raw=0.107 (proportion)
state:HI,Hawaii,2023,unemployment_rate,-0.590116035,z-score within 2023; raw=0.035 (proportion)
state:HI,Hawaii,2023,gun_deaths_per_100k,-1.818394167,z-score within 2023; raw=4.5 (per 100k population)
state:HI,Hawaii,2024,dv_rate,-1.182040481,z-score within 2024; raw=374.559 (per 100k female population)
state:HI,Hawaii,2024,sexual_assault_rate,-0.4755790728,z-score within 2024; raw=45.7871 (per 100k female population)
state:HI,Hawaii,2024,firearm_share,-1.108090811,z-score within 2024; raw=0.0217227 (proportion)
state:HI,Hawaii,2024,fem_poverty_rate,-0.9101314232,z-score within 2024; raw=0.106 (proportion)
state:HI,Hawaii,2024,unemployment_rate,-0.9103845688,z-score within 2024; raw=0.034 (proportion)
state:HI,Hawaii,2024,gun_deaths_per_100k,-1.695267329,z-score within 2024; raw=4.9 (per 100k population)
state:ID,Idaho,2021,dv_rate,-0.06097842815,z-score within 2021; raw=613.321 (per 100k female population)
state:ID,Idaho,2021,sexual_assault_rate,0.5623532289,z-score within 2021; raw=100.2 (per 100k female population)
state:ID,Idaho,2021,firearm_share,-0.6907207891,z-score within 2021; raw=0.0349723 (proportion)
state:ID,Idaho,2021,fem_poverty_rate,-0.5749785533,z-score within 2021; raw=0.121 (proportion)
state:ID,Idaho,2021,unemployment_rate,-1.46479448,z-score within 2021; raw=0.033 (proportion)
state:ID,Idaho,2021,gun_deaths_per_100k,0.4042677475,z-score within 2021; raw=17.6 (per 100k population)
state:ID,Idaho,2022,dv_rate,-0.1276033882,z-score within 2022; raw=620.05 (per 100k female population)
state:ID,Idaho,2022,sexual_assault_rate,0.3718318181,z-score within 2022; raw=95.957 (per 100k female population)
state:ID,Idaho,2022,firearm_share,-0.6971630688,z-score within 2022; raw=0.038449 (proportion)
state:ID,Idaho,2022,fem_poverty_rate,-0.7180999121,z-score within 2022; raw=0.115 (proportion)
state:ID,Idaho,2022,unemployment_rate,-1.175556434,z-score within 2022; raw=0.03 (proportion)
state:ID,Idaho,2022,gun_deaths_per_100k,-0.008876749801,z-score within 2022; raw=16.3 (per 100k population)
state:ID,Idaho,2023,dv_rate,-0.326202184,z-score within 2023; raw=583.465 (per 100k female population)
state:ID,Idaho,2023,sexual_assault_rate,0.5536670381,z-score within 2023; raw=67.1432 (per 100k female population)
state:ID,Idaho,2023,firearm_share,-0.7481551802,z-score within 2023; raw=0.0332629 (proportion)
state:ID,Idaho,2023,fem_poverty_rate,-0.779098187,z-score within 2023; raw=0.112 (proportion)
state:ID,Idaho,2023,unemployment_rate,-0.4586928132,z-score within 2023; raw=0.036 (proportion)
state:ID,Idaho,2023,gun_deaths_per_100k,0.2610502533,z-score within 2023; raw=17.5 (per 100k population)
state:ID,Idaho,2024,dv_rate,-0.3103536771,z-score within 2024; raw=591.477 (per 100k female population)
state:ID,Idaho,2024,sexual_assault_rate,0.7816589003,z-score within 2024; raw=73.0877 (per 100k female population)
state:ID,Idaho,2024,firearm_share,-0.7294146777,z-score within 2024; raw=0.0330767 (proportion)
state:ID,Idaho,2024,fem_poverty_rate,-0.5077801794,z-score within 2024; raw=0.117 (proportion)
state:ID,Idaho,2024,unemployment_rate,-0.5901803411,z-score within 2024; raw=0.037 (proportion)
state:ID,Idaho,2024,gun_deaths_per_100k,0.4419005605,z-score within 2024; raw=17.9 (per 100k population)
state:IL,Illinois,2021,dv_rate,-0.7894054738,z-score within 2021; raw=374.771 (per 100k female population)
state:IL,Illinois,2021,sexual_assault_rate,-0.9028338757,z-score within 2021; raw=42.7612 (per 100k female population)
state:IL,Illinois,2021,firearm_share,-0.4637537908,z-score within 2021; raw=0.0430616 (proportion)
state:IL,Illinois,2021,fem_poverty_rate,-0.2291777724,z-score within 2021; raw=0.131 (proportion)
state:IL,Illinois,2021,unemployment_rate,1.054025633,z-score within 2021; raw=0.074 (proportion)
state:IL,Illinois,2021,gun_deaths_per_100k,-0.1690455087,z-score within 2021; raw=14.1 (per 100k population)
state:IL,Illinois,2022,dv_rate,-0.09619740829,z-score within 2022; raw=629.002 (per 100k female population)
state:IL,Illinois,2022,sexual_assault_rate,-0.3048301549,z-score within 2022; raw=69.7191 (per 100k female population)
state:IL,Illinois,2022,firearm_share,-0.7786430394,z-score within 2022; raw=0.0358219 (proportion)
state:IL,Illinois,2022,fem_poverty_rate,-0.1188769826,z-score within 2022; raw=0.132 (proportion)
state:IL,Illinois,2022,unemployment_rate,1.004566407,z-score within 2022; raw=0.048 (proportion)
state:IL,Illinois,2022,gun_deaths_per_100k,-0.03846591581,z-score within 2022; raw=16.1 (per 100k population)
state:IL,Illinois,2023,dv_rate,0.3245437799,z-score within 2023; raw=756.748 (per 100k female population)
state:IL,Illinois,2023,sexual_assault_rate,0.303909173,z-score within 2023; raw=61.7701 (per 100k female population)
state:IL,Illinois,2023,firearm_share,-0.8832228766,z-score within 2023; raw=0.0289196 (proportion)
state:IL,Illinois,2023,fem_poverty_rate,-0.2392339541,z-score within 2023; raw=0.127 (proportion)
state:IL,Illinois,2023,unemployment_rate,0.9869626262,z-score within 2023; raw=0.047 (proportion)
state:IL,Illinois,2023,gun_deaths_per_100k,-0.2348172622,z-score within 2023; raw=14.4 (per 100k population)
state:IL,Illinois,2024,dv_rate,0.451627526,z-score within 2024; raw=781.094 (per 100k female population)
state:IL,Illinois,2024,sexual_assault_rate,0.5729052147,z-score within 2024; raw=68.5547 (per 100k female population)
state:IL,Illinois,2024,firearm_share,-0.9574078827,z-score within 2024; raw=0.0262407 (proportion)
state:IL,Illinois,2024,fem_poverty_rate,-0.1054289356,z-score within 2024; raw=0.128 (proportion)
state:IL,Illinois,2024,unemployment_rate,0.9041060545,z-score within 2024; raw=0.051 (proportion)
state:IL,Illinois,2024,gun_deaths_per_100k,-0.2814485713,z-score within 2024; raw=13.5 (per 100k population)
state:IN,Indiana,2021,dv_rate,-0.07348597551,z-score within 2021; raw=609.225 (per 100k female population)
state:IN,Indiana,2021,sexual_assault_rate,-0.3096372234,z-score within 2021; raw=66.0157 (per 100k female population)
state:IN,Indiana,2021,firearm_share,0.09114040917,z-score within 2021; raw=0.0628385 (proportion)
state:IN,Indiana,2021,fem_poverty_rate,-0.09085746007,z-score within 2021; raw=0.135 (proportion)
state:IN,Indiana,2021,unemployment_rate,-0.6047095633,z-score within 2021; raw=0.047 (proportion)
state:IN,Indiana,2021,gun_deaths_per_100k,0.3551266112,z-score within 2021; raw=17.3 (per 100k population)
state:IN,Indiana,2022,dv_rate,-0.09169405287,z-score within 2022; raw=630.285 (per 100k female population)
state:IN,Indiana,2022,sexual_assault_rate,-0.3557738661,z-score within 2022; raw=67.7437 (per 100k female population)
state:IN,Indiana,2022,firearm_share,0.6680420618,z-score within 2022; raw=0.0824667 (proportion)
state:IN,Indiana,2022,fem_poverty_rate,0.05736505554,z-score within 2022; raw=0.137 (proportion)
state:IN,Indiana,2022,unemployment_rate,-0.4488488203,z-score within 2022; raw=0.036 (proportion)
state:IN,Indiana,2022,gun_deaths_per_100k,0.3018094932,z-score within 2022; raw=18.4 (per 100k population)
state:IN,Indiana,2023,dv_rate,-0.01623616968,z-score within 2023; raw=666.004 (per 100k female population)
state:IN,Indiana,2023,sexual_assault_rate,-0.4599289368,z-score within 2023; raw=45.3375 (per 100k female population)
state:IN,Indiana,2023,firearm_share,1.006507987,z-score within 2023; raw=0.0896867 (proportion)
state:IN,Indiana,2023,fem_poverty_rate,0.1566664832,z-score within 2023; raw=0.138 (proportion)
state:IN,Indiana,2023,unemployment_rate,-0.4586928132,z-score within 2023; raw=0.036 (proportion)
state:IN,Indiana,2023,gun_deaths_per_100k,0.2770459797,z-score within 2023; raw=17.6 (per 100k population)
state:IN,Indiana,2024,dv_rate,-0.08759740385,z-score within 2024; raw=646.909 (per 100k female population)
state:IN,Indiana,2024,sexual_assault_rate,-0.3048745671,z-score within 2024; raw=49.4939 (per 100k female population)
state:IN,Indiana,2024,firearm_share,0.9797322951,z-score within 2024; raw=0.0843226 (proportion)
state:IN,Indiana,2024,fem_poverty_rate,0.2237675367,z-score within 2024; raw=0.137 (proportion)
state:IN,Indiana,2024,unemployment_rate,-0.163241371,z-score within 2024; raw=0.041 (proportion)
state:IN,Indiana,2024,gun_deaths_per_100k,0.5076595725,z-score within 2024; raw=18.3 (per 100k population)
state:IA,Iowa,2021,dv_rate,0.01446581188,z-score within 2021; raw=638.028 (per 100k female population)
state:IA,Iowa,2021,sexual_assault_rate,-0.1919126491,z-score within 2021; raw=70.6307 (per 100k female population)
state:IA,Iowa,2021,firearm_share,-0.7245414721,z-score within 2021; raw=0.0337669 (proportion)
state:IA,Iowa,2021,fem_poverty_rate,-0.471238319,z-score within 2021; raw=0.124 (proportion)
state:IA,Iowa,2021,unemployment_rate,-1.280490569,z-score within 2021; raw=0.036 (proportion)
state:IA,Iowa,2021,gun_deaths_per_100k,-0.6440764923,z-score within 2021; raw=11.2 (per 100k population)
state:IA,Iowa,2022,dv_rate,-0.4027169482,z-score within 2022; raw=541.637 (per 100k female population)
state:IA,Iowa,2022,sexual_assault_rate,-0.4130227732,z-score within 2022; raw=65.5239 (per 100k female population)
state:IA,Iowa,2022,firearm_share,-0.5734215772,z-score within 2022; raw=0.0424388 (proportion)
state:IA,Iowa,2022,fem_poverty_rate,-0.5066094664,z-score within 2022; raw=0.121 (proportion)
state:IA,Iowa,2022,unemployment_rate,-1.29667437,z-score within 2022; raw=0.029 (proportion)
state:IA,Iowa,2022,gun_deaths_per_100k,-0.7634004829,z-score within 2022; raw=11.2 (per 100k population)
state:IA,Iowa,2023,dv_rate,-0.272123291,z-score within 2023; raw=597.865 (per 100k female population)
state:IA,Iowa,2023,sexual_assault_rate,-0.1015481543,z-score within 2023; raw=53.0474 (per 100k female population)
state:IA,Iowa,2023,firearm_share,-0.746162676,z-score within 2023; raw=0.0333269 (proportion)
state:IA,Iowa,2023,fem_poverty_rate,-0.3112158519,z-score within 2023; raw=0.125 (proportion)
state:IA,Iowa,2023,unemployment_rate,-1.510078587,z-score within 2023; raw=0.028 (proportion)
state:IA,Iowa,2023,gun_deaths_per_100k,-0.7306847778,z-score within 2023; raw=11.3 (per 100k population)
state:IA,Iowa,2024,dv_rate,-0.4200778175,z-score within 2024; raw=564.172 (per 100k female population)
state:IA,Iowa,2024,sexual_assault_rate,-0.6181552878,z-score within 2024; raw=42.6911 (per 100k female population)
state:IA,Iowa,2024,firearm_share,-0.7244245744,z-score within 2024; raw=0.0332263 (proportion)
state:IA,Iowa,2024,fem_poverty_rate,-0.215161093,z-score within 2024; raw=0.125 (proportion)
state:IA,Iowa,2024,unemployment_rate,-1.123854054,z-score within 2024; raw=0.032 (proportion)
state:IA,Iowa,2024,gun_deaths_per_100k,-0.7746411611,z-score within 2024; raw=10.5 (per 100k population)
state:KS,Kansas,2021,dv_rate,0.4573590583,z-score within 2021; raw=783.07 (per 100k female population)
state:KS,Kansas,2021,sexual_assault_rate,0.07811947066,z-score within 2021; raw=81.2166 (per 100k female population)
state:KS,Kansas,2021,firearm_share,-0.07855266761,z-score within 2021; raw=0.0567905 (proportion)
state:KS,Kansas,2021,fem_poverty_rate,-0.3329180067,z-score within 2021; raw=0.128 (proportion)
state:KS,Kansas,2021,unemployment_rate,-0.789013474,z-score within 2021; raw=0.044 (proportion)
state:KS,Kansas,2021,gun_deaths_per_100k,0.2896050962,z-score within 2021; raw=16.9 (per 100k population)
state:KS,Kansas,2022,dv_rate,0.8356998551,z-score within 2022; raw=894.612 (per 100k female population)
state:KS,Kansas,2022,sexual_assault_rate,0.6901722294,z-score within 2022; raw=108.301 (per 100k female population)
state:KS,Kansas,2022,firearm_share,0.1736894047,z-score within 2022; raw=0.0665275 (proportion)
state:KS,Kansas,2022,fem_poverty_rate,-0.2246222054,z-score within 2022; raw=0.129 (proportion)
state:KS,Kansas,2022,unemployment_rate,-0.4488488203,z-score within 2022; raw=0.036 (proportion)
state:KS,Kansas,2022,gun_deaths_per_100k,0.1390690802,z-score within 2022; raw=17.3 (per 100k population)
state:KS,Kansas,2023,dv_rate,0.8770725656,z-score within 2023; raw=903.878 (per 100k female population)
state:KS,Kansas,2023,sexual_assault_rate,0.4962835388,z-score within 2023; raw=65.9087 (per 100k female population)
state:KS,Kansas,2023,firearm_share,0.2760993339,z-score within 2023; raw=0.0661993 (proportion)
state:KS,Kansas,2023,fem_poverty_rate,-0.3831977496,z-score within 2023; raw=0.123 (proportion)
state:KS,Kansas,2023,unemployment_rate,-0.8529624785,z-score within 2023; raw=0.033 (proportion)
state:KS,Kansas,2023,gun_deaths_per_100k,0.1810716218,z-score within 2023; raw=17 (per 100k population)
state:KS,Kansas,2024,dv_rate,0.5121067278,z-score within 2024; raw=796.144 (per 100k female population)
state:KS,Kansas,2024,sexual_assault_rate,0.1767817122,z-score within 2024; raw=59.953 (per 100k female population)
state:KS,Kansas,2024,firearm_share,0.6050093093,z-score within 2024; raw=0.0730871 (proportion)
state:KS,Kansas,2024,fem_poverty_rate,-0.4346254078,z-score within 2024; raw=0.119 (proportion)
state:KS,Kansas,2024,unemployment_rate,-0.5901803411,z-score within 2024; raw=0.037 (proportion)
state:KS,Kansas,2024,gun_deaths_per_100k,0.1788645126,z-score within 2024; raw=16.3 (per 100k population)
state:KY,Kentucky,2021,dv_rate,-0.0568219545,z-score within 2021; raw=614.683 (per 100k female population)
state:KY,Kentucky,2021,sexual_assault_rate,0.07230391955,z-score within 2021; raw=80.9886 (per 100k female population)
state:KY,Kentucky,2021,firearm_share,0.6836426347,z-score within 2021; raw=0.0839559 (proportion)
state:KY,Kentucky,2021,fem_poverty_rate,1.465246054,z-score within 2021; raw=0.18 (proportion)
state:KY,Kentucky,2021,unemployment_rate,-0.1746671049,z-score within 2021; raw=0.054 (proportion)
state:KY,Kentucky,2021,gun_deaths_per_100k,0.8137772161,z-score within 2021; raw=20.1 (per 100k population)
state:KY,Kentucky,2022,dv_rate,-0.4814862426,z-score within 2022; raw=519.186 (per 100k female population)
state:KY,Kentucky,2022,sexual_assault_rate,-0.070725436,z-score within 2022; raw=78.7966 (per 100k female population)
state:KY,Kentucky,2022,firearm_share,-0.1748602746,z-score within 2022; raw=0.0552894 (proportion)
state:KY,Kentucky,2022,fem_poverty_rate,1.608294991,z-score within 2022; raw=0.181 (proportion)
state:KY,Kentucky,2022,unemployment_rate,0.3989767291,z-score within 2022; raw=0.043 (proportion)
state:KY,Kentucky,2022,gun_deaths_per_100k,0.7012632343,z-score within 2022; raw=21.1 (per 100k population)
state:KY,Kentucky,2023,dv_rate,-0.4274812733,z-score within 2023; raw=556.496 (per 100k female population)
state:KY,Kentucky,2023,sexual_assault_rate,0.3744451894,z-score within 2023; raw=63.2875 (per 100k female population)
state:KY,Kentucky,2023,firearm_share,0.1901797086,z-score within 2023; raw=0.0634365 (proportion)
state:KY,Kentucky,2023,fem_poverty_rate,1.776259182,z-score within 2023; raw=0.183 (proportion)
state:KY,Kentucky,2023,unemployment_rate,0.1984232956,z-score within 2023; raw=0.041 (proportion)
state:KY,Kentucky,2023,gun_deaths_per_100k,0.4849904217,z-score within 2023; raw=18.9 (per 100k population)
state:KY,Kentucky,2024,dv_rate,-0.485861674,z-score within 2024; raw=547.802 (per 100k female population)
state:KY,Kentucky,2024,sexual_assault_rate,0.02215017127,z-score within 2024; raw=56.5952 (per 100k female population)
state:KY,Kentucky,2024,firearm_share,0.2676603246,z-score within 2024; raw=0.0629723 (proportion)
state:KY,Kentucky,2024,fem_poverty_rate,1.394243882,z-score within 2024; raw=0.169 (proportion)
state:KY,Kentucky,2024,unemployment_rate,0.6906365694,z-score within 2024; raw=0.049 (proportion)
state:KY,Kentucky,2024,gun_deaths_per_100k,0.5240993255,z-score within 2024; raw=18.4 (per 100k population)
state:LA,Louisiana,2021,dv_rate,0.3751807058,z-score within 2021; raw=756.158 (per 100k female population)
state:LA,Louisiana,2021,sexual_assault_rate,-0.8698048405,z-score within 2021; raw=44.056 (per 100k female population)
state:LA,Louisiana,2021,firearm_share,1.070113341,z-score within 2021; raw=0.09773 (proportion)
state:LA,Louisiana,2021,fem_poverty_rate,2.675548787,z-score within 2021; raw=0.215 (proportion)
state:LA,Louisiana,2021,unemployment_rate,1.176894907,z-score within 2021; raw=0.076 (proportion)
state:LA,Louisiana,2021,gun_deaths_per_100k,1.829360698,z-score within 2021; raw=26.3 (per 100k population)
state:LA,Louisiana,2022,dv_rate,0.398614022,z-score within 2022; raw=770.033 (per 100k female population)
state:LA,Louisiana,2022,sexual_assault_rate,-0.7426227606,z-score within 2022; raw=52.7435 (per 100k female population)
state:LA,Louisiana,2022,firearm_share,0.802735096,z-score within 2022; raw=0.0868095 (proportion)
state:LA,Louisiana,2022,fem_poverty_rate,2.454256774,z-score within 2022; raw=0.205 (proportion)
state:LA,Louisiana,2022,unemployment_rate,1.731274021,z-score within 2022; raw=0.054 (proportion)
state:LA,Louisiana,2022,gun_deaths_per_100k,1.884829875,z-score within 2022; raw=29.1 (per 100k population)
state:LA,Louisiana,2023,dv_rate,0.3386938233,z-score within 2023; raw=760.516 (per 100k female population)
state:LA,Louisiana,2023,sexual_assault_rate,-0.9926846019,z-score within 2023; raw=33.8762 (per 100k female population)
state:LA,Louisiana,2023,firearm_share,0.7510311798,z-score within 2023; raw=0.0814715 (proportion)
state:LA,Louisiana,2023,fem_poverty_rate,2.78400575,z-score within 2023; raw=0.211 (proportion)
state:LA,Louisiana,2023,unemployment_rate,1.24980907,z-score within 2023; raw=0.049 (proportion)
state:LA,Louisiana,2023,gun_deaths_per_100k,1.972592968,z-score within 2023; raw=28.2 (per 100k population)
state:LA,Louisiana,2024,dv_rate,0.5574751951,z-score within 2024; raw=807.434 (per 100k female population)
state:LA,Louisiana,2024,sexual_assault_rate,-0.9949761175,z-score within 2024; raw=34.5085 (per 100k female population)
state:LA,Louisiana,2024,firearm_share,0.9101230129,z-score within 2024; raw=0.0822355 (proportion)
state:LA,Louisiana,2024,fem_poverty_rate,2.637875,z-score within 2024; raw=0.203 (proportion)
state:LA,Louisiana,2024,unemployment_rate,1.010840797,z-score within 2024; raw=0.052 (proportion)
state:LA,Louisiana,2024,gun_deaths_per_100k,2.151634872,z-score within 2024; raw=28.3 (per 100k population)
state:ME,Maine,2021,dv_rate,-0.6492769871,z-score within 2021; raw=420.661 (per 100k female population)
state:ME,Maine,2021,sexual_assault_rate,-0.2862838968,z-score within 2021; raw=66.9312 (per 100k female population)
state:ME,Maine,2021,firearm_share,-1.41924523,z-score within 2021; raw=0.00900703 (proportion)
state:ME,Maine,2021,fem_poverty_rate,-0.3674980848,z-score within 2021; raw=0.127 (proportion)
state:ME,Maine,2021,unemployment_rate,-0.4818402895,z-score within 2021; raw=0.049 (proportion)
state:ME,Maine,2021,gun_deaths_per_100k,-0.7751195223,z-score within 2021; raw=10.4 (per 100k population)
state:ME,Maine,2022,dv_rate,-0.8756034404,z-score within 2022; raw=406.855 (per 100k female population)
state:ME,Maine,2022,sexual_assault_rate,-0.4405281438,z-score within 2022; raw=64.4574 (per 100k female population)
state:ME,Maine,2022,firearm_share,-1.413990286,z-score within 2022; raw=0.0153367 (proportion)
state:ME,Maine,2022,fem_poverty_rate,-0.6476030969,z-score within 2022; raw=0.117 (proportion)
state:ME,Maine,2022,unemployment_rate,-0.8122026271,z-score within 2022; raw=0.033 (proportion)
state:ME,Maine,2022,gun_deaths_per_100k,-0.5562763209,z-score within 2022; raw=12.6 (per 100k population)
state:ME,Maine,2023,dv_rate,-1.045736208,z-score within 2023; raw=391.864 (per 100k female population)
state:ME,Maine,2023,sexual_assault_rate,-0.7096399817,z-score within 2023; raw=39.9654 (per 100k female population)
state:ME,Maine,2023,firearm_share,-1.314816405,z-score within 2023; raw=0.015041 (proportion)
state:ME,Maine,2023,fem_poverty_rate,-0.6711253404,z-score within 2023; raw=0.115 (proportion)
state:ME,Maine,2023,unemployment_rate,-0.9843857002,z-score within 2023; raw=0.032 (proportion)
state:ME,Maine,2023,gun_deaths_per_100k,-0.6187146936,z-score within 2023; raw=12 (per 100k population)
state:ME,Maine,2024,dv_rate,-1.211757988,z-score within 2024; raw=367.164 (per 100k female population)
state:ME,Maine,2024,sexual_assault_rate,-0.6890305161,z-score within 2024; raw=41.1521 (per 100k female population)
state:ME,Maine,2024,firearm_share,-1.483016711,z-score within 2024; raw=0.0104812 (proportion)
state:ME,Maine,2024,fem_poverty_rate,-0.4712027936,z-score within 2024; raw=0.118 (proportion)
state:ME,Maine,2024,unemployment_rate,-1.657527767,z-score within 2024; raw=0.027 (proportion)
state:ME,Maine,2024,gun_deaths_per_100k,-0.1992498063,z-score within 2024; raw=14 (per 100k population)
state:MD,Maryland,2021,dv_rate,-1.057584795,z-score within 2021; raw=286.945 (per 100k female population)
state:MD,Maryland,2021,sexual_assault_rate,-1.210287517,z-score within 2021; raw=30.7084 (per 100k female population)
state:MD,Maryland,2021,firearm_share,-0.8573983608,z-score within 2021; raw=0.0290318 (proportion)
state:MD,Maryland,2021,fem_poverty_rate,-0.886199256,z-score within 2021; raw=0.112 (proportion)
state:MD,Maryland,2021,unemployment_rate,0.1325060796,z-score within 2021; raw=0.059 (proportion)
state:MD,Maryland,2021,gun_deaths_per_100k,-0.2673277811,z-score within 2021; raw=13.5 (per 100k population)
state:MD,Maryland,2022,dv_rate,-0.3481254387,z-score within 2022; raw=557.197 (per 100k female population)
state:MD,Maryland,2022,sexual_assault_rate,-0.6542421492,z-score within 2022; raw=56.1705 (per 100k female population)
state:MD,Maryland,2022,firearm_share,-0.5875766176,z-score within 2022; raw=0.0419824 (proportion)
state:MD,Maryland,2022,fem_poverty_rate,-1.000087173,z-score within 2022; raw=0.107 (proportion)
state:MD,Maryland,2022,unemployment_rate,0.03562292224,z-score within 2022; raw=0.04 (proportion)
state:MD,Maryland,2022,gun_deaths_per_100k,-0.1716171628,z-score within 2022; raw=15.2 (per 100k population)
state:MD,Maryland,2023,dv_rate,0.1992845363,z-score within 2023; raw=723.394 (per 100k female population)
state:MD,Maryland,2023,sexual_assault_rate,-0.3080255041,z-score within 2023; raw=48.6054 (per 100k female population)
state:MD,Maryland,2023,firearm_share,-0.4972586914,z-score within 2023; raw=0.0413308 (proportion)
state:MD,Maryland,2023,fem_poverty_rate,-1.031034829,z-score within 2023; raw=0.105 (proportion)
state:MD,Maryland,2023,unemployment_rate,0.06700007384,z-score within 2023; raw=0.04 (proportion)
state:MD,Maryland,2023,gun_deaths_per_100k,-0.3627830727,z-score within 2023; raw=13.6 (per 100k population)
state:MD,Maryland,2024,dv_rate,0.3627231881,z-score within 2024; raw=758.97 (per 100k female population)
state:MD,Maryland,2024,sexual_assault_rate,-0.2255600231,z-score within 2024; raw=51.2162 (per 100k female population)
state:MD,Maryland,2024,firearm_share,-0.5559291257,z-score within 2024; raw=0.0382783 (proportion)
state:MD,Maryland,2024,fem_poverty_rate,-1.129595738,z-score within 2024; raw=0.1 (proportion)
state:MD,Maryland,2024,unemployment_rate,0.05022811414,z-score within 2024; raw=0.043 (proportion)
state:MD,Maryland,2024,gun_deaths_per_100k,-0.4787256072,z-score within 2024; raw=12.3 (per 100k population)
state:MA,Massachusetts,2021,dv_rate,-0.4010208387,z-score within 2021; raw=501.962 (per 100k female population)
state:MA,Massachusetts,2021,sexual_assault_rate,-0.1453910002,z-score within 2021; raw=72.4545 (per 100k female population)
state:MA,Massachusetts,2021,firearm_share,-0.9272743441,z-score within 2021; raw=0.0265413 (proportion)
state:MA,Massachusetts,2021,fem_poverty_rate,-0.7824590218,z-score within 2021; raw=0.115 (proportion)
state:MA,Massachusetts,2021,unemployment_rate,0.562548538,z-score within 2021; raw=0.066 (proportion)
state:MA,Massachusetts,2021,gun_deaths_per_100k,-1.872604898,z-score within 2021; raw=3.7 (per 100k population)
state:MA,Massachusetts,2022,dv_rate,-0.516961513,z-score within 2022; raw=509.075 (per 100k female population)
state:MA,Massachusetts,2022,sexual_assault_rate,-0.2669917899,z-score within 2022; raw=71.1863 (per 100k female population)
state:MA,Massachusetts,2022,firearm_share,-0.9554042387,z-score within 2022; raw=0.0301227 (proportion)
state:MA,Massachusetts,2022,fem_poverty_rate,-0.8590935426,z-score within 2022; raw=0.111 (proportion)
state:MA,Massachusetts,2022,unemployment_rate,0.1567408579,z-score within 2022; raw=0.041 (proportion)
state:MA,Massachusetts,2022,gun_deaths_per_100k,-1.917377957,z-score within 2022; raw=3.4 (per 100k population)
state:MA,Massachusetts,2023,dv_rate,-0.6717877513,z-score within 2023; raw=491.441 (per 100k female population)
state:MA,Massachusetts,2023,sexual_assault_rate,-0.3046880591,z-score within 2023; raw=48.6772 (per 100k female population)
state:MA,Massachusetts,2023,firearm_share,-0.9954413473,z-score within 2023; raw=0.025311 (proportion)
state:MA,Massachusetts,2023,fem_poverty_rate,-0.6711253404,z-score within 2023; raw=0.115 (proportion)
state:MA,Massachusetts,2023,unemployment_rate,-0.06442314792,z-score within 2023; raw=0.039 (proportion)
state:MA,Massachusetts,2023,gun_deaths_per_100k,-1.946359977,z-score within 2023; raw=3.7 (per 100k population)
state:MA,Massachusetts,2024,dv_rate,-0.7882171893,z-score within 2024; raw=472.561 (per 100k female population)
state:MA,Massachusetts,2024,sexual_assault_rate,-0.3766359069,z-score within 2024; raw=47.9356 (per 100k female population)
state:MA,Massachusetts,2024,firearm_share,-0.9275489836,z-score within 2024; raw=0.0271359 (proportion)
state:MA,Massachusetts,2024,fem_poverty_rate,-0.76382188,z-score within 2024; raw=0.11 (proportion)
state:MA,Massachusetts,2024,unemployment_rate,-0.163241371,z-score within 2024; raw=0.041 (proportion)
state:MA,Massachusetts,2024,gun_deaths_per_100k,-1.892544365,z-score within 2024; raw=3.7 (per 100k population)
state:MI,Michigan,2021,dv_rate,0.6090232747,z-score within 2021; raw=832.739 (per 100k female population)
state:MI,Michigan,2021,sexual_assault_rate,0.616695442,z-score within 2021; raw=102.33 (per 100k female population)
state:MI,Michigan,2021,firearm_share,0.7926177163,z-score within 2021; raw=0.0878398 (proportion)
state:MI,Michigan,2021,fem_poverty_rate,0.1166230084,z-score within 2021; raw=0.141 (proportion)
state:MI,Michigan,2021,unemployment_rate,0.7468524487,z-score within 2021; raw=0.069 (proportion)
state:MI,Michigan,2021,gun_deaths_per_100k,-0.08714361493,z-score within 2021; raw=14.6 (per 100k population)
state:MI,Michigan,2022,dv_rate,0.6062449563,z-score within 2022; raw=829.213 (per 100k female population)
state:MI,Michigan,2022,sexual_assault_rate,0.4746177469,z-score within 2022; raw=99.9425 (per 100k female population)
state:MI,Michigan,2022,firearm_share,0.5210618505,z-score within 2022; raw=0.0777277 (proportion)
state:MI,Michigan,2022,fem_poverty_rate,0.3746007241,z-score within 2022; raw=0.146 (proportion)
state:MI,Michigan,2022,unemployment_rate,0.762330536,z-score within 2022; raw=0.046 (proportion)
state:MI,Michigan,2022,gun_deaths_per_100k,-0.1420279968,z-score within 2022; raw=15.4 (per 100k population)
state:MI,Michigan,2023,dv_rate,0.6044246562,z-score within 2023; raw=831.276 (per 100k female population)
state:MI,Michigan,2023,sexual_assault_rate,0.3586828999,z-score within 2023; raw=62.9484 (per 100k female population)
state:MI,Michigan,2023,firearm_share,0.5581656414,z-score within 2023; raw=0.0752696 (proportion)
state:MI,Michigan,2023,fem_poverty_rate,0.4445940741,z-score within 2023; raw=0.146 (proportion)
state:MI,Michigan,2023,unemployment_rate,0.7241161826,z-score within 2023; raw=0.045 (proportion)
state:MI,Michigan,2023,gun_deaths_per_100k,-0.122847178,z-score within 2023; raw=15.1 (per 100k population)
state:MI,Michigan,2024,dv_rate,0.5935029416,z-score within 2024; raw=816.399 (per 100k female population)
state:MI,Michigan,2024,sexual_assault_rate,0.295865303,z-score within 2024; raw=62.5388 (per 100k female population)
state:MI,Michigan,2024,firearm_share,0.4513623348,z-score within 2024; raw=0.0684803 (proportion)
state:MI,Michigan,2024,fem_poverty_rate,0.5529640089,z-score within 2024; raw=0.146 (proportion)
state:MI,Michigan,2024,unemployment_rate,0.2636975992,z-score within 2024; raw=0.045 (proportion)
state:MI,Michigan,2024,gun_deaths_per_100k,-0.2156895593,z-score within 2024; raw=13.9 (per 100k population)
state:MN,Minnesota,2021,dv_rate,-0.7061614529,z-score within 2021; raw=402.032 (per 100k female population)
state:MN,Minnesota,2021,sexual_assault_rate,0.6777817841,z-score within 2021; raw=104.725 (per 100k female population)
state:MN,Minnesota,2021,firearm_share,0.6151528929,z-score within 2021; raw=0.0815148 (proportion)
state:MN,Minnesota,2021,fem_poverty_rate,-1.232000037,z-score within 2021; raw=0.102 (proportion)
state:MN,Minnesota,2021,unemployment_rate,-0.4818402895,z-score within 2021; raw=0.049 (proportion)
state:MN,Minnesota,2021,gun_deaths_per_100k,-1.020825203,z-score within 2021; raw=8.9 (per 100k population)
state:MN,Minnesota,2022,dv_rate,-0.9920284843,z-score within 2022; raw=373.671 (per 100k female population)
state:MN,Minnesota,2022,sexual_assault_rate,0.4885475053,z-score within 2022; raw=100.483 (per 100k female population)
state:MN,Minnesota,2022,firearm_share,0.5340255258,z-score within 2022; raw=0.0781456 (proportion)
state:MN,Minnesota,2022,fem_poverty_rate,-1.070583988,z-score within 2022; raw=0.105 (proportion)
state:MN,Minnesota,2022,unemployment_rate,-0.9333205627,z-score within 2022; raw=0.032 (proportion)
state:MN,Minnesota,2022,gun_deaths_per_100k,-0.940935479,z-score within 2022; raw=10 (per 100k population)
state:MN,Minnesota,2023,dv_rate,-1.10660772,z-score within 2023; raw=375.655 (per 100k female population)
state:MN,Minnesota,2023,sexual_assault_rate,0.04970094816,z-score within 2023; raw=56.3013 (per 100k female population)
state:MN,Minnesota,2023,firearm_share,0.7055450922,z-score within 2023; raw=0.0800088 (proportion)
state:MN,Minnesota,2023,fem_poverty_rate,-1.139007675,z-score within 2023; raw=0.102 (proportion)
state:MN,Minnesota,2023,unemployment_rate,-1.247232144,z-score within 2023; raw=0.03 (proportion)
state:MN,Minnesota,2023,gun_deaths_per_100k,-0.9866163987,z-score within 2023; raw=9.7 (per 100k population)
state:MN,Minnesota,2024,dv_rate,-1.081106487,z-score within 2024; raw=399.676 (per 100k female population)
state:MN,Minnesota,2024,sexual_assault_rate,0.1779314802,z-score within 2024; raw=59.9779 (per 100k female population)
state:MN,Minnesota,2024,firearm_share,0.4954682892,z-score within 2024; raw=0.0698027 (proportion)
state:MN,Minnesota,2024,fem_poverty_rate,-1.093018352,z-score within 2024; raw=0.101 (proportion)
state:MN,Minnesota,2024,unemployment_rate,-0.5901803411,z-score within 2024; raw=0.037 (proportion)
state:MN,Minnesota,2024,gun_deaths_per_100k,-1.037677209,z-score within 2024; raw=8.9 (per 100k population)
state:MS,Mississippi,2021,dv_rate,-0.4979145704,z-score within 2021; raw=470.23 (per 100k female population)
state:MS,Mississippi,2021,sexual_assault_rate,-1.17632176,z-score within 2021; raw=32.0399 (per 100k female population)
state:MS,Mississippi,2021,firearm_share,-0.1166449985,z-score within 2021; raw=0.0554329 (proportion)
state:MS,Mississippi,2021,fem_poverty_rate,2.537228474,z-score within 2021; raw=0.211 (proportion)
state:MS,Mississippi,2021,unemployment_rate,0.4396792642,z-score within 2021; raw=0.064 (proportion)
state:MS,Mississippi,2021,gun_deaths_per_100k,2.20610941,z-score within 2021; raw=28.6 (per 100k population)
state:MS,Mississippi,2022,dv_rate,-0.8202512791,z-score within 2022; raw=422.631 (per 100k female population)
state:MS,Mississippi,2022,sexual_assault_rate,-1.423139377,z-score within 2022; raw=26.3562 (per 100k female population)
state:MS,Mississippi,2022,firearm_share,0.08100124158,z-score within 2022; raw=0.063539 (proportion)
state:MS,Mississippi,2022,fem_poverty_rate,2.524753589,z-score within 2022; raw=0.207 (proportion)
state:MS,Mississippi,2022,unemployment_rate,1.125684343,z-score within 2022; raw=0.049 (proportion)
state:MS,Mississippi,2022,gun_deaths_per_100k,2.594969859,z-score within 2022; raw=33.9 (per 100k population)
state:MS,Mississippi,2023,dv_rate,-1.226867781,z-score within 2023; raw=343.632 (per 100k female population)
state:MS,Mississippi,2023,sexual_assault_rate,-1.481047066,z-score within 2023; raw=23.37 (per 100k female population)
state:MS,Mississippi,2023,firearm_share,-0.3286641281,z-score within 2023; raw=0.0467523 (proportion)
state:MS,Mississippi,2023,fem_poverty_rate,2.244141517,z-score within 2023; raw=0.196 (proportion)
state:MS,Mississippi,2023,unemployment_rate,1.118385848,z-score within 2023; raw=0.048 (proportion)
state:MS,Mississippi,2023,gun_deaths_per_100k,2.212528863,z-score within 2023; raw=29.7 (per 100k population)
state:MS,Mississippi,2024,dv_rate,-1.248193514,z-score within 2024; raw=358.097 (per 100k female population)
state:MS,Mississippi,2024,sexual_assault_rate,-1.629775616,z-score within 2024; raw=20.724 (per 100k female population)
state:MS,Mississippi,2024,firearm_share,0.02585491541,z-score within 2024; raw=0.0557222 (proportion)
state:MS,Mississippi,2024,fem_poverty_rate,2.491565457,z-score within 2024; raw=0.199 (proportion)
state:MS,Mississippi,2024,unemployment_rate,0.3704323418,z-score within 2024; raw=0.046 (proportion)
state:MS,Mississippi,2024,gun_deaths_per_100k,2.332472155,z-score within 2024; raw=29.4 (per 100k population)
state:MO,Missouri,2021,dv_rate,0.7639281387,z-score within 2021; raw=883.468 (per 100k female population)
state:MO,Missouri,2021,sexual_assault_rate,0.3473747722,z-score within 2021; raw=91.7719 (per 100k female population)
state:MO,Missouri,2021,firearm_share,1.160579225,z-score within 2021; raw=0.100954 (proportion)
state:MO,Missouri,2021,fem_poverty_rate,0.04746285227,z-score within 2021; raw=0.139 (proportion)
state:MO,Missouri,2021,unemployment_rate,-0.6661442002,z-score within 2021; raw=0.046 (proportion)
state:MO,Missouri,2021,gun_deaths_per_100k,1.436231608,z-score within 2021; raw=23.9 (per 100k population)
state:MO,Missouri,2022,dv_rate,0.7181538114,z-score within 2022; raw=861.109 (per 100k female population)
state:MO,Missouri,2022,sexual_assault_rate,0.07001546214,z-score within 2022; raw=84.2539 (per 100k female population)
state:MO,Missouri,2022,firearm_share,1.301037491,z-score within 2022; raw=0.102876 (proportion)
state:MO,Missouri,2022,fem_poverty_rate,0.2688555013,z-score within 2022; raw=0.143 (proportion)
state:MO,Missouri,2022,unemployment_rate,-0.3277308846,z-score within 2022; raw=0.037 (proportion)
state:MO,Missouri,2022,gun_deaths_per_100k,1.011949477,z-score within 2022; raw=23.2 (per 100k population)
state:MO,Missouri,2023,dv_rate,0.7559742002,z-score within 2023; raw=871.631 (per 100k female population)
state:MO,Missouri,2023,sexual_assault_rate,0.8388584602,z-score within 2023; raw=73.2785 (per 100k female population)
state:MO,Missouri,2023,firearm_share,1.320848204,z-score within 2023; raw=0.0997948 (proportion)
state:MO,Missouri,2023,fem_poverty_rate,-0.1312611076,z-score within 2023; raw=0.13 (proportion)
state:MO,Missouri,2023,unemployment_rate,-0.7215392567,z-score within 2023; raw=0.034 (proportion)
state:MO,Missouri,2023,gun_deaths_per_100k,1.364755369,z-score within 2023; raw=24.4 (per 100k population)
state:MO,Missouri,2024,dv_rate,0.8312308928,z-score within 2024; raw=875.557 (per 100k female population)
state:MO,Missouri,2024,sexual_assault_rate,0.7900170592,z-score within 2024; raw=73.2692 (per 100k female population)
state:MO,Missouri,2024,firearm_share,1.421195818,z-score within 2024; raw=0.0975591 (proportion)
state:MO,Missouri,2024,fem_poverty_rate,0.1140353793,z-score within 2024; raw=0.134 (proportion)
state:MO,Missouri,2024,unemployment_rate,-1.017119311,z-score within 2024; raw=0.033 (proportion)
state:MO,Missouri,2024,gun_deaths_per_100k,1.017291915,z-score within 2024; raw=21.4 (per 100k population)
state:MT,Montana,2021,dv_rate,0.818214931,z-score within 2021; raw=901.246 (per 100k female population)
state:MT,Montana,2021,sexual_assault_rate,1.71440514,z-score within 2021; raw=145.362 (per 100k female population)
state:MT,Montana,2021,firearm_share,-0.1936427672,z-score within 2021; raw=0.0526886 (proportion)
state:MT,Montana,2021,fem_poverty_rate,-0.4020781628,z-score within 2021; raw=0.126 (proportion)
state:MT,Montana,2021,unemployment_rate,-1.034752022,z-score within 2021; raw=0.04 (proportion)
state:MT,Montana,2021,gun_deaths_per_100k,0.9448202461,z-score within 2021; raw=20.9 (per 100k population)
state:MT,Montana,2022,dv_rate,0.4397905968,z-score within 2022; raw=781.77 (per 100k female population)
state:MT,Montana,2022,sexual_assault_rate,1.0953351,z-score within 2022; raw=124.011 (per 100k female population)
state:MT,Montana,2022,firearm_share,-0.1296141579,z-score within 2022; raw=0.0567482 (proportion)
state:MT,Montana,2022,fem_poverty_rate,-0.2246222054,z-score within 2022; raw=0.129 (proportion)
state:MT,Montana,2022,unemployment_rate,-1.175556434,z-score within 2022; raw=0.03 (proportion)
state:MT,Montana,2022,gun_deaths_per_100k,1.293046554,z-score within 2022; raw=25.1 (per 100k population)
state:MT,Montana,2023,dv_rate,0.386865924,z-score within 2023; raw=773.344 (per 100k female population)
state:MT,Montana,2023,sexual_assault_rate,0.956490935,z-score within 2023; raw=75.8092 (per 100k female population)
state:MT,Montana,2023,firearm_share,0.1013287005,z-score within 2023; raw=0.0605793 (proportion)
state:MT,Montana,2023,fem_poverty_rate,-0.09527015873,z-score within 2023; raw=0.131 (proportion)
state:MT,Montana,2023,unemployment_rate,-1.641501809,z-score within 2023; raw=0.027 (proportion)
state:MT,Montana,2023,gun_deaths_per_100k,1.380751095,z-score within 2023; raw=24.5 (per 100k population)
state:MT,Montana,2024,dv_rate,0.2256384953,z-score within 2024; raw=724.857 (per 100k female population)
state:MT,Montana,2024,sexual_assault_rate,1.018763568,z-score within 2024; raw=78.2364 (per 100k female population)
state:MT,Montana,2024,firearm_share,-0.1401745769,z-score within 2024; raw=0.050744 (proportion)
state:MT,Montana,2024,fem_poverty_rate,-0.8003992658,z-score within 2024; raw=0.109 (proportion)
state:MT,Montana,2024,unemployment_rate,-1.337323539,z-score within 2024; raw=0.03 (proportion)
state:MT,Montana,2024,gun_deaths_per_100k,1.033731668,z-score within 2024; raw=21.5 (per 100k population)
state:NE,Nebraska,2021,dv_rate,-0.5028365376,z-score within 2021; raw=468.618 (per 100k female population)
state:NE,Nebraska,2021,sexual_assault_rate,0.1237527841,z-score within 2021; raw=83.0055 (per 100k female population)
state:NE,Nebraska,2021,firearm_share,-1.249676499,z-score within 2021; raw=0.0150506 (proportion)
state:NE,Nebraska,2021,fem_poverty_rate,-0.6095586313,z-score within 2021; raw=0.12 (proportion)
state:NE,Nebraska,2021,unemployment_rate,-1.833402301,z-score within 2021; raw=0.027 (proportion)
state:NE,Nebraska,2021,gun_deaths_per_100k,-0.8242606585,z-score within 2021; raw=10.1 (per 100k population)
state:NE,Nebraska,2022,dv_rate,-0.5921334465,z-score within 2022; raw=487.65 (per 100k female population)
state:NE,Nebraska,2022,sexual_assault_rate,0.09316550912,z-score within 2022; raw=85.1515 (per 100k female population)
state:NE,Nebraska,2022,firearm_share,-1.334131589,z-score within 2022; raw=0.0179116 (proportion)
state:NE,Nebraska,2022,fem_poverty_rate,-0.3303674283,z-score within 2022; raw=0.126 (proportion)
state:NE,Nebraska,2022,unemployment_rate,-2.023381983,z-score within 2022; raw=0.023 (proportion)
state:NE,Nebraska,2022,gun_deaths_per_100k,-0.8965517299,z-score within 2022; raw=10.3 (per 100k population)
state:NE,Nebraska,2023,dv_rate,-0.6595647613,z-score within 2023; raw=494.696 (per 100k female population)
state:NE,Nebraska,2023,sexual_assault_rate,0.5478957525,z-score within 2023; raw=67.019 (per 100k female population)
state:NE,Nebraska,2023,firearm_share,-0.7990665168,z-score within 2023; raw=0.0316257 (proportion)
state:NE,Nebraska,2023,fem_poverty_rate,-0.8150891358,z-score within 2023; raw=0.111 (proportion)
state:NE,Nebraska,2023,unemployment_rate,-1.641501809,z-score within 2023; raw=0.027 (proportion)
state:NE,Nebraska,2023,gun_deaths_per_100k,-0.5707275147,z-score within 2023; raw=12.3 (per 100k population)
state:NE,Nebraska,2024,dv_rate,-0.4301324028,z-score within 2024; raw=561.67 (per 100k female population)
state:NE,Nebraska,2024,sexual_assault_rate,0.6054447953,z-score within 2024; raw=69.2613 (per 100k female population)
state:NE,Nebraska,2024,firearm_share,-0.6834115693,z-score within 2024; raw=0.034456 (proportion)
state:NE,Nebraska,2024,fem_poverty_rate,-0.2517384788,z-score within 2024; raw=0.124 (proportion)
state:NE,Nebraska,2024,unemployment_rate,-0.9103845688,z-score within 2024; raw=0.034 (proportion)
state:NE,Nebraska,2024,gun_deaths_per_100k,-0.7582014081,z-score within 2024; raw=10.6 (per 100k population)
state:NV,Nevada,2021,dv_rate,3.252745356,z-score within 2021; raw=1698.52 (per 100k female population)
state:NV,Nevada,2021,sexual_assault_rate,1.309740308,z-score within 2021; raw=129.499 (per 100k female population)
state:NV,Nevada,2021,firearm_share,-0.4304594464,z-score within 2021; raw=0.0442482 (proportion)
state:NV,Nevada,2021,fem_poverty_rate,0.4278437112,z-score within 2021; raw=0.15 (proportion)
state:NV,Nevada,2021,unemployment_rate,2.467022282,z-score within 2021; raw=0.097 (proportion)
state:NV,Nevada,2021,gun_deaths_per_100k,0.305985475,z-score within 2021; raw=17 (per 100k population)
state:NV,Nevada,2022,dv_rate,3.20764721,z-score within 2022; raw=1570.67 (per 100k female population)
state:NV,Nevada,2022,sexual_assault_rate,1.453827404,z-score within 2022; raw=137.912 (per 100k female population)
state:NV,Nevada,2022,firearm_share,-0.246892093,z-score within 2022; raw=0.0529669 (proportion)
state:NV,Nevada,2022,fem_poverty_rate,0.1278618708,z-score within 2022; raw=0.139 (proportion)
state:NV,Nevada,2022,unemployment_rate,1.852391957,z-score within 2022; raw=0.055 (proportion)
state:NV,Nevada,2022,gun_deaths_per_100k,0.5089336553,z-score within 2022; raw=19.8 (per 100k population)
state:NV,Nevada,2023,dv_rate,3.04144692,z-score within 2023; raw=1480.22 (per 100k female population)
state:NV,Nevada,2023,sexual_assault_rate,0.6720944492,z-score within 2023; raw=69.6909 (per 100k female population)
state:NV,Nevada,2023,firearm_share,-0.2223251345,z-score within 2023; raw=0.0501717 (proportion)
state:NV,Nevada,2023,fem_poverty_rate,-0.2032430053,z-score within 2023; raw=0.128 (proportion)
state:NV,Nevada,2023,unemployment_rate,0.8555394044,z-score within 2023; raw=0.046 (proportion)
state:NV,Nevada,2023,gun_deaths_per_100k,0.5489733269,z-score within 2023; raw=19.3 (per 100k population)
state:NV,Nevada,2024,dv_rate,3.005925897,z-score within 2024; raw=1416.73 (per 100k female population)
state:NV,Nevada,2024,sexual_assault_rate,0.8677022125,z-score within 2024; raw=74.9562 (per 100k female population)
state:NV,Nevada,2024,firearm_share,-0.2243794771,z-score within 2024; raw=0.0482193 (proportion)
state:NV,Nevada,2024,fem_poverty_rate,-0.06885154975,z-score within 2024; raw=0.129 (proportion)
state:NV,Nevada,2024,unemployment_rate,2.184922965,z-score within 2024; raw=0.063 (proportion)
state:NV,Nevada,2024,gun_deaths_per_100k,0.5240993255,z-score within 2024; raw=18.4 (per 100k population)
state:NH,New Hampshire,2021,dv_rate,-0.4724778268,z-score within 2021; raw=478.56 (per 100k female population)
state:NH,New Hampshire,2021,sexual_assault_rate,0.6734191091,z-score within 2021; raw=104.554 (per 100k female population)
state:NH,New Hampshire,2021,firearm_share,-1.284255612,z-score within 2021; raw=0.0138182 (proportion)
state:NH,New Hampshire,2021,fem_poverty_rate,-1.819861364,z-score within 2021; raw=0.085 (proportion)
state:NH,New Hampshire,2021,unemployment_rate,-1.280490569,z-score within 2021; raw=0.036 (proportion)
state:NH,New Hampshire,2021,gun_deaths_per_100k,-1.020825203,z-score within 2021; raw=8.9 (per 100k population)
state:NH,New Hampshire,2022,dv_rate,-0.5666294835,z-score within 2022; raw=494.919 (per 100k female population)
state:NH,New Hampshire,2022,sexual_assault_rate,0.2170068639,z-score within 2022; raw=89.9535 (per 100k female population)
state:NH,New Hampshire,2022,firearm_share,-1.248007994,z-score within 2022; raw=0.0206884 (proportion)
state:NH,New Hampshire,2022,fem_poverty_rate,-1.881297364,z-score within 2022; raw=0.082 (proportion)
state:NH,New Hampshire,2022,unemployment_rate,-1.781146112,z-score within 2022; raw=0.025 (proportion)
state:NH,New Hampshire,2022,gun_deaths_per_100k,-1.19244339,z-score within 2022; raw=8.3 (per 100k population)
state:NH,New Hampshire,2023,dv_rate,-0.8526125653,z-score within 2023; raw=443.29 (per 100k female population)
state:NH,New Hampshire,2023,sexual_assault_rate,-0.4786900352,z-score within 2023; raw=44.9339 (per 100k female population)
state:NH,New Hampshire,2023,firearm_share,-1.311105528,z-score within 2023; raw=0.0151603 (proportion)
state:NH,New Hampshire,2023,fem_poverty_rate,-1.858826653,z-score within 2023; raw=0.082 (proportion)
state:NH,New Hampshire,2023,unemployment_rate,-1.772925031,z-score within 2023; raw=0.026 (proportion)
state:NH,New Hampshire,2023,gun_deaths_per_100k,-0.8906420408,z-score within 2023; raw=10.3 (per 100k population)
state:NH,New Hampshire,2024,dv_rate,-0.7689025602,z-score within 2024; raw=477.368 (per 100k female population)
state:NH,New Hampshire,2024,sexual_assault_rate,-0.6022206399,z-score within 2024; raw=43.0371 (per 100k female population)
state:NH,New Hampshire,2024,firearm_share,-1.339195027,z-score within 2024; raw=0.0147934 (proportion)
state:NH,New Hampshire,2024,fem_poverty_rate,-1.824566068,z-score within 2024; raw=0.081 (proportion)
state:NH,New Hampshire,2024,unemployment_rate,-1.550793024,z-score within 2024; raw=0.028 (proportion)
state:NH,New Hampshire,2024,gun_deaths_per_100k,-0.9225989381,z-score within 2024; raw=9.6 (per 100k population)
state:NJ,New Jersey,2021,dv_rate,-1.516838258,z-score within 2021; raw=136.545 (per 100k female population)
state:NJ,New Jersey,2021,sexual_assault_rate,-1.645106417,z-score within 2021; raw=13.6626 (per 100k female population)
state:NJ,New Jersey,2021,firearm_share,-1.055997415,z-score within 2021; raw=0.0219535 (proportion)
state:NJ,New Jersey,2021,fem_poverty_rate,-0.8516191779,z-score within 2021; raw=0.113 (proportion)
state:NJ,New Jersey,2021,unemployment_rate,1.484068092,z-score within 2021; raw=0.081 (proportion)
state:NJ,New Jersey,2021,gun_deaths_per_100k,-1.659659975,z-score within 2021; raw=5 (per 100k population)
state:NJ,New Jersey,2022,dv_rate,-1.306978064,z-score within 2022; raw=283.904 (per 100k female population)
state:NJ,New Jersey,2022,sexual_assault_rate,-1.334943613,z-score within 2022; raw=29.776 (per 100k female population)
state:NJ,New Jersey,2022,firearm_share,-1.211367148,z-score within 2022; raw=0.0218698 (proportion)
state:NJ,New Jersey,2022,fem_poverty_rate,-1.035335581,z-score within 2022; raw=0.106 (proportion)
state:NJ,New Jersey,2022,unemployment_rate,1.246802278,z-score within 2022; raw=0.05 (proportion)
state:NJ,New Jersey,2022,gun_deaths_per_100k,-1.651075463,z-score within 2022; raw=5.2 (per 100k population)
state:NJ,New Jersey,2023,dv_rate,-1.23731009,z-score within 2023; raw=340.851 (per 100k female population)
state:NJ,New Jersey,2023,sexual_assault_rate,-1.725894955,z-score within 2023; raw=18.1026 (per 100k female population)
state:NJ,New Jersey,2023,firearm_share,-1.250103032,z-score within 2023; raw=0.017122 (proportion)
state:NJ,New Jersey,2023,fem_poverty_rate,-0.9230619824,z-score within 2023; raw=0.108 (proportion)
state:NJ,New Jersey,2023,unemployment_rate,0.9869626262,z-score within 2023; raw=0.047 (proportion)
state:NJ,New Jersey,2023,gun_deaths_per_100k,-1.738415535,z-score within 2023; raw=5 (per 100k population)
state:NJ,New Jersey,2024,dv_rate,-1.233625499,z-score within 2024; raw=361.722 (per 100k female population)
state:NJ,New Jersey,2024,sexual_assault_rate,-1.6013749,z-score within 2024; raw=21.3407 (per 100k female population)
state:NJ,New Jersey,2024,firearm_share,-1.287456529,z-score within 2024; raw=0.0163447 (proportion)
state:NJ,New Jersey,2024,fem_poverty_rate,-1.093018352,z-score within 2024; raw=0.101 (proportion)
state:NJ,New Jersey,2024,unemployment_rate,1.224310282,z-score within 2024; raw=0.054 (proportion)
state:NJ,New Jersey,2024,gun_deaths_per_100k,-1.744586588,z-score within 2024; raw=4.6 (per 100k population)
state:NM,New Mexico,2021,dv_rate,0.7409490639,z-score within 2021; raw=875.943 (per 100k female population)
state:NM,New Mexico,2021,sexual_assault_rate,0.07899012534,z-score within 2021; raw=81.2507 (per 100k female population)
state:NM,New Mexico,2021,firearm_share,1.572065767,z-score within 2021; raw=0.11562 (proportion)
state:NM,New Mexico,2021,fem_poverty_rate,2.087687459,z-score within 2021; raw=0.198 (proportion)
state:NM,New Mexico,2021,unemployment_rate,1.299764181,z-score within 2021; raw=0.078 (proportion)
state:NM,New Mexico,2021,gun_deaths_per_100k,1.239667064,z-score within 2021; raw=22.7 (per 100k population)
state:NM,New Mexico,2022,dv_rate,1.701521142,z-score within 2022; raw=1141.39 (per 100k female population)
state:NM,New Mexico,2022,sexual_assault_rate,0.5377284927,z-score within 2022; raw=102.39 (per 100k female population)
state:NM,New Mexico,2022,firearm_share,1.3083707,z-score within 2022; raw=0.103112 (proportion)
state:NM,New Mexico,2022,fem_poverty_rate,1.996027475,z-score within 2022; raw=0.192 (proportion)
state:NM,New Mexico,2022,unemployment_rate,1.004566407,z-score within 2022; raw=0.048 (proportion)
state:NM,New Mexico,2022,gun_deaths_per_100k,1.692500295,z-score within 2022; raw=27.8 (per 100k population)
state:NM,New Mexico,2023,dv_rate,2.024748309,z-score within 2023; raw=1209.49 (per 100k female population)
state:NM,New Mexico,2023,sexual_assault_rate,1.213709456,z-score within 2023; raw=81.3428 (per 100k female population)
state:NM,New Mexico,2023,firearm_share,1.639879865,z-score within 2023; raw=0.110054 (proportion)
state:NM,New Mexico,2023,fem_poverty_rate,2.100177721,z-score within 2023; raw=0.192 (proportion)
state:NM,New Mexico,2023,unemployment_rate,1.118385848,z-score within 2023; raw=0.048 (proportion)
state:NM,New Mexico,2023,gun_deaths_per_100k,1.860622884,z-score within 2023; raw=27.5 (per 100k population)
state:NM,New Mexico,2024,dv_rate,2.348201815,z-score within 2024; raw=1253.05 (per 100k female population)
state:NM,New Mexico,2024,sexual_assault_rate,1.391041242,z-score within 2024; raw=86.3203 (per 100k female population)
state:NM,New Mexico,2024,firearm_share,1.213724658,z-score within 2024; raw=0.0913384 (proportion)
state:NM,New Mexico,2024,fem_poverty_rate,1.394243882,z-score within 2024; raw=0.169 (proportion)
state:NM,New Mexico,2024,unemployment_rate,1.11757554,z-score within 2024; raw=0.053 (proportion)
state:NM,New Mexico,2024,gun_deaths_per_100k,1.658442282,z-score within 2024; raw=25.3 (per 100k population)
state:NY,New York,2021,dv_rate,-1.636022814,z-score within 2021; raw=97.5139 (per 100k female population)
state:NY,New York,2021,sexual_assault_rate,-1.756363121,z-score within 2021; raw=9.3011 (per 100k female population)
state:NY,New York,2021,firearm_share,-0.7435602864,z-score within 2021; raw=0.0330891 (proportion)
state:NY,New York,2021,fem_poverty_rate,0.3932636331,z-score within 2021; raw=0.149 (proportion)
state:NY,New York,2021,unemployment_rate,1.852675913,z-score within 2021; raw=0.087 (proportion)
state:NY,New York,2021,gun_deaths_per_100k,-1.610518838,z-score within 2021; raw=5.3 (per 100k population)
state:NY,New York,2022,dv_rate,-1.728376451,z-score within 2022; raw=163.797 (per 100k female population)
state:NY,New York,2022,sexual_assault_rate,-1.786831731,z-score within 2022; raw=12.2539 (per 100k female population)
state:NY,New York,2022,firearm_share,-0.6994450029,z-score within 2022; raw=0.0383755 (proportion)
state:NY,New York,2022,fem_poverty_rate,0.5860911699,z-score within 2022; raw=0.152 (proportion)
state:NY,New York,2022,unemployment_rate,1.367920214,z-score within 2022; raw=0.051 (proportion)
state:NY,New York,2022,gun_deaths_per_100k,-1.621486297,z-score within 2022; raw=5.4 (per 100k population)
state:NY,New York,2023,dv_rate,-0.4476307923,z-score within 2023; raw=551.13 (per 100k female population)
state:NY,New York,2023,sexual_assault_rate,-1.391041717,z-score within 2023; raw=25.3063 (per 100k female population)
state:NY,New York,2023,firearm_share,-0.9883863266,z-score within 2023; raw=0.0255379 (proportion)
state:NY,New York,2023,fem_poverty_rate,0.7325216649,z-score within 2023; raw=0.154 (proportion)
state:NY,New York,2023,unemployment_rate,1.381232291,z-score within 2023; raw=0.05 (proportion)
state:NY,New York,2023,gun_deaths_per_100k,-1.690428356,z-score within 2023; raw=5.3 (per 100k population)
state:NY,New York,2024,dv_rate,-0.5055324355,z-score within 2024; raw=542.907 (per 100k female population)
state:NY,New York,2024,sexual_assault_rate,-1.49162776,z-score within 2024; raw=23.7238 (per 100k female population)
state:NY,New York,2024,firearm_share,-1.081654291,z-score within 2024; raw=0.0225154 (proportion)
state:NY,New York,2024,fem_poverty_rate,0.6626961663,z-score within 2024; raw=0.149 (proportion)
state:NY,New York,2024,unemployment_rate,1.11757554,z-score within 2024; raw=0.053 (proportion)
state:NY,New York,2024,gun_deaths_per_100k,-1.728146835,z-score within 2024; raw=4.7 (per 100k population)
state:NC,North Carolina,2021,dv_rate,0.5898496146,z-score within 2021; raw=826.459 (per 100k female population)
state:NC,North Carolina,2021,sexual_assault_rate,-0.3668705253,z-score within 2021; raw=63.772 (per 100k female population)
state:NC,North Carolina,2021,firearm_share,1.755816233,z-score within 2021; raw=0.122169 (proportion)
state:NC,North Carolina,2021,fem_poverty_rate,0.2895233989,z-score within 2021; raw=0.146 (proportion)
state:NC,North Carolina,2021,unemployment_rate,0.0710714427,z-score within 2021; raw=0.058 (proportion)
state:NC,North Carolina,2021,gun_deaths_per_100k,0.1421816875,z-score within 2021; raw=16 (per 100k population)
state:NC,North Carolina,2022,dv_rate,0.473835637,z-score within 2022; raw=791.473 (per 100k female population)
state:NC,North Carolina,2022,sexual_assault_rate,-0.4473512716,z-score within 2022; raw=64.1928 (per 100k female population)
state:NC,North Carolina,2022,firearm_share,1.957971224,z-score within 2022; raw=0.124057 (proportion)
state:NC,North Carolina,2022,fem_poverty_rate,0.1631102784,z-score within 2022; raw=0.14 (proportion)
state:NC,North Carolina,2022,unemployment_rate,-0.206612949,z-score within 2022; raw=0.038 (proportion)
state:NC,North Carolina,2022,gun_deaths_per_100k,0.1390690802,z-score within 2022; raw=17.3 (per 100k population)
state:NC,North Carolina,2023,dv_rate,0.3131901435,z-score within 2023; raw=753.725 (per 100k female population)
state:NC,North Carolina,2023,sexual_assault_rate,-0.7158247599,z-score within 2023; raw=39.8324 (per 100k female population)
state:NC,North Carolina,2023,firearm_share,1.973493004,z-score within 2023; raw=0.120782 (proportion)
state:NC,North Carolina,2023,fem_poverty_rate,0.228648381,z-score within 2023; raw=0.14 (proportion)
state:NC,North Carolina,2023,unemployment_rate,0.06700007384,z-score within 2023; raw=0.04 (proportion)
state:NC,North Carolina,2023,gun_deaths_per_100k,0.1970673481,z-score within 2023; raw=17.1 (per 100k population)
state:NC,North Carolina,2024,dv_rate,0.2303904577,z-score within 2024; raw=726.04 (per 100k female population)
state:NC,North Carolina,2024,sexual_assault_rate,-0.5608705469,z-score within 2024; raw=43.935 (per 100k female population)
state:NC,North Carolina,2024,firearm_share,2.003389929,z-score within 2024; raw=0.115015 (proportion)
state:NC,North Carolina,2024,fem_poverty_rate,0.1871901509,z-score within 2024; raw=0.136 (proportion)
state:NC,North Carolina,2024,unemployment_rate,-0.2699761135,z-score within 2024; raw=0.04 (proportion)
state:NC,North Carolina,2024,gun_deaths_per_100k,0.1953042656,z-score within 2024; raw=16.4 (per 100k population)
state:ND,North Dakota,2021,dv_rate,1.399395448,z-score within 2021; raw=1091.58 (per 100k female population)
state:ND,North Dakota,2021,sexual_assault_rate,2.464784569,z-score within 2021; raw=174.779 (per 100k female population)
state:ND,North Dakota,2021,firearm_share,-1.483544987,z-score within 2021; raw=0.00671533 (proportion)
state:ND,North Dakota,2021,fem_poverty_rate,-0.3674980848,z-score within 2021; raw=0.127 (proportion)
state:ND,North Dakota,2021,unemployment_rate,-1.710533028,z-score within 2021; raw=0.029 (proportion)
state:ND,North Dakota,2021,gun_deaths_per_100k,-0.2181866449,z-score within 2021; raw=13.8 (per 100k population)
state:ND,North Dakota,2022,dv_rate,1.389543285,z-score within 2022; raw=1052.47 (per 100k female population)
state:ND,North Dakota,2022,sexual_assault_rate,2.282142867,z-score within 2022; raw=170.03 (per 100k female population)
state:ND,North Dakota,2022,firearm_share,-1.643692446,z-score within 2022; raw=0.00793057 (proportion)
state:ND,North Dakota,2022,fem_poverty_rate,-0.1893737978,z-score within 2022; raw=0.13 (proportion)
state:ND,North Dakota,2022,unemployment_rate,-2.144499919,z-score within 2022; raw=0.022 (proportion)
state:ND,North Dakota,2022,gun_deaths_per_100k,0.06509616521,z-score within 2022; raw=16.8 (per 100k population)
state:ND,North Dakota,2023,dv_rate,1.55414389,z-score within 2023; raw=1084.17 (per 100k female population)
state:ND,North Dakota,2023,sexual_assault_rate,1.355657999,z-score within 2023; raw=84.3965 (per 100k female population)
state:ND,North Dakota,2023,firearm_share,-1.548707203,z-score within 2023; raw=0.00751991 (proportion)
state:ND,North Dakota,2023,fem_poverty_rate,-0.6711253404,z-score within 2023; raw=0.115 (proportion)
state:ND,North Dakota,2023,unemployment_rate,-1.378655366,z-score within 2023; raw=0.029 (proportion)
state:ND,North Dakota,2023,gun_deaths_per_100k,0.1010929903,z-score within 2023; raw=16.5 (per 100k population)
state:ND,North Dakota,2024,dv_rate,1.035945331,z-score within 2024; raw=926.5 (per 100k female population)
state:ND,North Dakota,2024,sexual_assault_rate,1.711894324,z-score within 2024; raw=93.2876 (per 100k female population)
state:ND,North Dakota,2024,firearm_share,-1.639224422,z-score within 2024; raw=0.00579756 (proportion)
state:ND,North Dakota,2024,fem_poverty_rate,-0.1785837072,z-score within 2024; raw=0.126 (proportion)
state:ND,North Dakota,2024,unemployment_rate,-2.511405707,z-score within 2024; raw=0.019 (proportion)
state:ND,North Dakota,2024,gun_deaths_per_100k,-0.3965268422,z-score within 2024; raw=12.8 (per 100k population)
state:OH,Ohio,2021,dv_rate,0.0002461805088,z-score within 2021; raw=633.372 (per 100k female population)
state:OH,Ohio,2021,sexual_assault_rate,-0.06514165715,z-score within 2021; raw=75.6004 (per 100k female population)
state:OH,Ohio,2021,firearm_share,0.4749440466,z-score within 2021; raw=0.0765176 (proportion)
state:OH,Ohio,2021,fem_poverty_rate,0.2895233989,z-score within 2021; raw=0.146 (proportion)
state:OH,Ohio,2021,unemployment_rate,-0.1746671049,z-score within 2021; raw=0.054 (proportion)
state:OH,Ohio,2021,gun_deaths_per_100k,0.01113865755,z-score within 2021; raw=15.2 (per 100k population)
state:OH,Ohio,2022,dv_rate,-0.04304542337,z-score within 2022; raw=644.151 (per 100k female population)
state:OH,Ohio,2022,sexual_assault_rate,0.0349582716,z-score within 2022; raw=82.8945 (per 100k female population)
state:OH,Ohio,2022,firearm_share,0.2245753878,z-score within 2022; raw=0.0681682 (proportion)
state:OH,Ohio,2022,fem_poverty_rate,0.480345947,z-score within 2022; raw=0.149 (proportion)
state:OH,Ohio,2022,unemployment_rate,-0.3277308846,z-score within 2022; raw=0.037 (proportion)
state:OH,Ohio,2022,gun_deaths_per_100k,0.0207124162,z-score within 2022; raw=16.5 (per 100k population)
state:OH,Ohio,2023,dv_rate,-0.2257761634,z-score within 2023; raw=610.207 (per 100k female population)
state:OH,Ohio,2023,sexual_assault_rate,0.1859620933,z-score within 2023; raw=59.2327 (per 100k female population)
state:OH,Ohio,2023,firearm_share,0.2184959048,z-score within 2023; raw=0.064347 (proportion)
state:OH,Ohio,2023,fem_poverty_rate,0.4805850229,z-score within 2023; raw=0.147 (proportion)
state:OH,Ohio,2023,unemployment_rate,0.06700007384,z-score within 2023; raw=0.04 (proportion)
state:OH,Ohio,2023,gun_deaths_per_100k,-0.0268728202,z-score within 2023; raw=15.7 (per 100k population)
state:OH,Ohio,2024,dv_rate,-0.3567591089,z-score within 2024; raw=579.929 (per 100k female population)
state:OH,Ohio,2024,sexual_assault_rate,0.2337374801,z-score within 2024; raw=61.1898 (per 100k female population)
state:OH,Ohio,2024,firearm_share,0.4976373936,z-score within 2024; raw=0.0698678 (proportion)
state:OH,Ohio,2024,fem_poverty_rate,0.2237675367,z-score within 2024; raw=0.137 (proportion)
state:OH,Ohio,2024,unemployment_rate,-0.2699761135,z-score within 2024; raw=0.04 (proportion)
state:OH,Ohio,2024,gun_deaths_per_100k,-0.03485227635,z-score within 2024; raw=15 (per 100k population)
state:OK,Oklahoma,2021,dv_rate,0.9679067593,z-score within 2021; raw=950.268 (per 100k female population)
state:OK,Oklahoma,2021,sexual_assault_rate,1.366267463,z-score within 2021; raw=131.715 (per 100k female population)
state:OK,Oklahoma,2021,firearm_share,0.285072127,z-score within 2021; raw=0.0697504 (proportion)
state:OK,Oklahoma,2021,fem_poverty_rate,1.084865195,z-score within 2021; raw=0.169 (proportion)
state:OK,Oklahoma,2021,unemployment_rate,0.1325060796,z-score within 2021; raw=0.059 (proportion)
state:OK,Oklahoma,2021,gun_deaths_per_100k,0.9120594886,z-score within 2021; raw=20.7 (per 100k population)
state:OK,Oklahoma,2022,dv_rate,0.9859755739,z-score within 2022; raw=937.444 (per 100k female population)
state:OK,Oklahoma,2022,sexual_assault_rate,1.357784188,z-score within 2022; raw=134.188 (per 100k female population)
state:OK,Oklahoma,2022,firearm_share,0.09233060292,z-score within 2022; raw=0.0639043 (proportion)
state:OK,Oklahoma,2022,fem_poverty_rate,1.255810915,z-score within 2022; raw=0.171 (proportion)
state:OK,Oklahoma,2022,unemployment_rate,0.2778587935,z-score within 2022; raw=0.042 (proportion)
state:OK,Oklahoma,2022,gun_deaths_per_100k,0.7160578173,z-score within 2022; raw=21.2 (per 100k population)
state:OK,Oklahoma,2023,dv_rate,0.989621671,z-score within 2023; raw=933.848 (per 100k female population)
state:OK,Oklahoma,2023,sexual_assault_rate,2.120439301,z-score within 2023; raw=100.849 (per 100k female population)
state:OK,Oklahoma,2023,firearm_share,0.1832710808,z-score within 2023; raw=0.0632143 (proportion)
state:OK,Oklahoma,2023,fem_poverty_rate,1.452340642,z-score within 2023; raw=0.174 (proportion)
state:OK,Oklahoma,2023,unemployment_rate,0.8555394044,z-score within 2023; raw=0.046 (proportion)
state:OK,Oklahoma,2023,gun_deaths_per_100k,0.6769391374,z-score within 2023; raw=20.1 (per 100k population)
state:OK,Oklahoma,2024,dv_rate,1.232217845,z-score within 2024; raw=975.342 (per 100k female population)
state:OK,Oklahoma,2024,sexual_assault_rate,2.1618751,z-score within 2024; raw=103.059 (per 100k female population)
state:OK,Oklahoma,2024,firearm_share,0.2409402308,z-score within 2024; raw=0.0621711 (proportion)
state:OK,Oklahoma,2024,fem_poverty_rate,1.028470024,z-score within 2024; raw=0.159 (proportion)
state:OK,Oklahoma,2024,unemployment_rate,0.4771670843,z-score within 2024; raw=0.047 (proportion)
state:OK,Oklahoma,2024,gun_deaths_per_100k,0.7706956204,z-score within 2024; raw=19.9 (per 100k population)
state:OR,Oregon,2021,dv_rate,-0.4019713938,z-score within 2021; raw=501.65 (per 100k female population)
state:OR,Oregon,2021,sexual_assault_rate,0.638499956,z-score within 2021; raw=103.185 (per 100k female population)
state:OR,Oregon,2021,firearm_share,-0.5434268758,z-score within 2021; raw=0.040222 (proportion)
state:OR,Oregon,2021,fem_poverty_rate,-0.2983379286,z-score within 2021; raw=0.129 (proportion)
state:OR,Oregon,2021,unemployment_rate,0.4396792642,z-score within 2021; raw=0.064 (proportion)
state:OR,Oregon,2021,gun_deaths_per_100k,-0.3492296749,z-score within 2021; raw=13 (per 100k population)
state:OR,Oregon,2022,dv_rate,-0.6294899276,z-score within 2022; raw=477.002 (per 100k female population)
state:OR,Oregon,2022,sexual_assault_rate,0.4657589715,z-score within 2022; raw=99.599 (per 100k female population)
state:OR,Oregon,2022,firearm_share,-0.5943894663,z-score within 2022; raw=0.0417627 (proportion)
state:OR,Oregon,2022,fem_poverty_rate,-0.08362857495,z-score within 2022; raw=0.133 (proportion)
state:OR,Oregon,2022,unemployment_rate,0.3989767291,z-score within 2022; raw=0.043 (proportion)
state:OR,Oregon,2022,gun_deaths_per_100k,-0.2160009118,z-score within 2022; raw=14.9 (per 100k population)
state:OR,Oregon,2023,dv_rate,-0.6935973839,z-score within 2023; raw=485.633 (per 100k female population)
state:OR,Oregon,2023,sexual_assault_rate,0.8412230651,z-score within 2023; raw=73.3294 (per 100k female population)
state:OR,Oregon,2023,firearm_share,-0.5095286914,z-score within 2023; raw=0.0409363 (proportion)
state:OR,Oregon,2023,fem_poverty_rate,-0.1312611076,z-score within 2023; raw=0.13 (proportion)
state:OR,Oregon,2023,unemployment_rate,0.1984232956,z-score within 2023; raw=0.041 (proportion)
state:OR,Oregon,2023,gun_deaths_per_100k,-0.2028258096,z-score within 2023; raw=14.6 (per 100k population)
state:OR,Oregon,2024,dv_rate,-0.6974333106,z-score within 2024; raw=495.153 (per 100k female population)
state:OR,Oregon,2024,sexual_assault_rate,0.7377660196,z-score within 2024; raw=72.1346 (per 100k female population)
state:OR,Oregon,2024,firearm_share,-0.5368846365,z-score within 2024; raw=0.0388494 (proportion)
state:OR,Oregon,2024,fem_poverty_rate,-0.1420063214,z-score within 2024; raw=0.127 (proportion)
state:OR,Oregon,2024,unemployment_rate,0.6906365694,z-score within 2024; raw=0.049 (proportion)
state:OR,Oregon,2024,gun_deaths_per_100k,-0.1663703003,z-score within 2024; raw=14.2 (per 100k population)
state:PA,Pennsylvania,2021,dv_rate,-1.608690201,z-score within 2021; raw=106.465 (per 100k female population)
state:PA,Pennsylvania,2021,sexual_assault_rate,-1.596769762,z-score within 2021; raw=15.5575 (per 100k female population)
state:PA,Pennsylvania,2021,firearm_share,1.19250002,z-score within 2021; raw=0.102092 (proportion)
state:PA,Pennsylvania,2021,fem_poverty_rate,-0.1254375382,z-score within 2021; raw=0.134 (proportion)
state:PA,Pennsylvania,2021,unemployment_rate,0.4396792642,z-score within 2021; raw=0.064 (proportion)
state:PA,Pennsylvania,2021,gun_deaths_per_100k,-0.2509474024,z-score within 2021; raw=13.6 (per 100k population)
state:PA,Pennsylvania,2022,dv_rate,-1.47619709,z-score within 2022; raw=235.673 (per 100k female population)
state:PA,Pennsylvania,2022,sexual_assault_rate,-1.278963556,z-score within 2022; raw=31.9467 (per 100k female population)
state:PA,Pennsylvania,2022,firearm_share,0.3636872799,z-score within 2022; raw=0.0726535 (proportion)
state:PA,Pennsylvania,2022,fem_poverty_rate,-0.1893737978,z-score within 2022; raw=0.13 (proportion)
state:PA,Pennsylvania,2022,unemployment_rate,0.3989767291,z-score within 2022; raw=0.043 (proportion)
state:PA,Pennsylvania,2022,gun_deaths_per_100k,-0.2307954948,z-score within 2022; raw=14.8 (per 100k population)
state:PA,Pennsylvania,2023,dv_rate,-1.547496129,z-score within 2023; raw=258.254 (per 100k female population)
state:PA,Pennsylvania,2023,sexual_assault_rate,-1.515372715,z-score within 2023; raw=22.6316 (per 100k female population)
state:PA,Pennsylvania,2023,firearm_share,0.3009621101,z-score within 2023; raw=0.0669988 (proportion)
state:PA,Pennsylvania,2023,fem_poverty_rate,-0.05927920988,z-score within 2023; raw=0.132 (proportion)
state:PA,Pennsylvania,2023,unemployment_rate,0.3298465174,z-score within 2023; raw=0.042 (proportion)
state:PA,Pennsylvania,2023,gun_deaths_per_100k,-0.170834357,z-score within 2023; raw=14.8 (per 100k population)
state:PA,Pennsylvania,2024,dv_rate,-1.604325413,z-score within 2024; raw=269.474 (per 100k female population)
state:PA,Pennsylvania,2024,sexual_assault_rate,-1.255768343,z-score within 2024; raw=28.8455 (per 100k female population)
state:PA,Pennsylvania,2024,firearm_share,0.05838267748,z-score within 2024; raw=0.0566975 (proportion)
state:PA,Pennsylvania,2024,fem_poverty_rate,-0.1054289356,z-score within 2024; raw=0.128 (proportion)
state:PA,Pennsylvania,2024,unemployment_rate,0.05022811414,z-score within 2024; raw=0.043 (proportion)
state:PA,Pennsylvania,2024,gun_deaths_per_100k,-0.2650088183,z-score within 2024; raw=13.6 (per 100k population)
state:RI,Rhode Island,2021,dv_rate,-0.3674890969,z-score within 2021; raw=512.943 (per 100k female population)
state:RI,Rhode Island,2021,sexual_assault_rate,-0.1179775566,z-score within 2021; raw=73.5292 (per 100k female population)
state:RI,Rhode Island,2021,firearm_share,-0.7398329551,z-score within 2021; raw=0.0332219 (proportion)
state:RI,Rhode Island,2021,fem_poverty_rate,-0.3329180067,z-score within 2021; raw=0.128 (proportion)
state:RI,Rhode Island,2021,unemployment_rate,1.238329544,z-score within 2021; raw=0.077 (proportion)
state:RI,Rhode Island,2021,gun_deaths_per_100k,-1.643279596,z-score within 2021; raw=5.1 (per 100k population)
state:RI,Rhode Island,2022,dv_rate,-0.6150457169,z-score within 2022; raw=481.119 (per 100k female population)
state:RI,Rhode Island,2022,sexual_assault_rate,-0.3879023775,z-score within 2022; raw=66.4979 (per 100k female population)
state:RI,Rhode Island,2022,firearm_share,-1.176747655,z-score within 2022; raw=0.022986 (proportion)
state:RI,Rhode Island,2022,fem_poverty_rate,-0.6476030969,z-score within 2022; raw=0.117 (proportion)
state:RI,Rhode Island,2022,unemployment_rate,0.6412126004,z-score within 2022; raw=0.045 (proportion)
state:RI,Rhode Island,2022,gun_deaths_per_100k,-1.591897131,z-score within 2022; raw=5.6 (per 100k population)
state:RI,Rhode Island,2023,dv_rate,-0.7766743158,z-score within 2023; raw=463.511 (per 100k female population)
state:RI,Rhode Island,2023,sexual_assault_rate,-0.4616407297,z-score within 2023; raw=45.3007 (per 100k female population)
state:RI,Rhode Island,2023,firearm_share,-1.172797883,z-score within 2023; raw=0.0196078 (proportion)
state:RI,Rhode Island,2023,fem_poverty_rate,-0.2392339541,z-score within 2023; raw=0.127 (proportion)
state:RI,Rhode Island,2023,unemployment_rate,1.118385848,z-score within 2023; raw=0.048 (proportion)
state:RI,Rhode Island,2023,gun_deaths_per_100k,-2.042334335,z-score within 2023; raw=3.1 (per 100k population)
state:RI,Rhode Island,2024,dv_rate,-0.8822573506,z-score within 2024; raw=449.16 (per 100k female population)
state:RI,Rhode Island,2024,sexual_assault_rate,-0.851309904,z-score within 2024; raw=37.6282 (per 100k female population)
state:RI,Rhode Island,2024,firearm_share,-1.26729774,z-score within 2024; raw=0.0169492 (proportion)
state:RI,Rhode Island,2024,fem_poverty_rate,0.2603449225,z-score within 2024; raw=0.138 (proportion)
state:RI,Rhode Island,2024,unemployment_rate,0.797371312,z-score within 2024; raw=0.05 (proportion)
state:RI,Rhode Island,2024,gun_deaths_per_100k,-1.711707082,z-score within 2024; raw=4.8 (per 100k population)
state:SC,South Carolina,2021,dv_rate,1.729122448,z-score within 2021; raw=1199.56 (per 100k female population)
state:SC,South Carolina,2021,sexual_assault_rate,-0.1737400668,z-score within 2021; raw=71.3431 (per 100k female population)
state:SC,South Carolina,2021,firearm_share,1.441776836,z-score within 2021; raw=0.110976 (proportion)
state:SC,South Carolina,2021,fem_poverty_rate,0.6699042578,z-score within 2021; raw=0.157 (proportion)
state:SC,South Carolina,2021,unemployment_rate,-0.05179783112,z-score within 2021; raw=0.056 (proportion)
state:SC,South Carolina,2021,gun_deaths_per_100k,1.125004412,z-score within 2021; raw=22 (per 100k population)
state:SC,South Carolina,2022,dv_rate,1.765219746,z-score within 2022; raw=1159.54 (per 100k female population)
state:SC,South Carolina,2022,sexual_assault_rate,-0.379933525,z-score within 2022; raw=66.8069 (per 100k female population)
state:SC,South Carolina,2022,firearm_share,1.704330138,z-score within 2022; raw=0.115879 (proportion)
state:SC,South Carolina,2022,fem_poverty_rate,0.5860911699,z-score within 2022; raw=0.152 (proportion)
state:SC,South Carolina,2022,unemployment_rate,0.5200946647,z-score within 2022; raw=0.044 (proportion)
state:SC,South Carolina,2022,gun_deaths_per_100k,0.8935928133,z-score within 2022; raw=22.4 (per 100k population)
state:SC,South Carolina,2023,dv_rate,1.72956409,z-score within 2023; raw=1130.88 (per 100k female population)
state:SC,South Carolina,2023,sexual_assault_rate,-0.1713353673,z-score within 2023; raw=51.5461 (per 100k female population)
state:SC,South Carolina,2023,firearm_share,1.528815325,z-score within 2023; raw=0.106482 (proportion)
state:SC,South Carolina,2023,fem_poverty_rate,0.6965307161,z-score within 2023; raw=0.153 (proportion)
state:SC,South Carolina,2023,unemployment_rate,0.4612697391,z-score within 2023; raw=0.043 (proportion)
state:SC,South Carolina,2023,gun_deaths_per_100k,0.8688878531,z-score within 2023; raw=21.3 (per 100k population)
state:SC,South Carolina,2024,dv_rate,1.573731529,z-score within 2024; raw=1060.33 (per 100k female population)
state:SC,South Carolina,2024,sexual_assault_rate,-0.1507514718,z-score within 2024; raw=52.8407 (per 100k female population)
state:SC,South Carolina,2024,firearm_share,1.549835844,z-score within 2024; raw=0.101416 (proportion)
state:SC,South Carolina,2024,fem_poverty_rate,0.4798092373,z-score within 2024; raw=0.144 (proportion)
state:SC,South Carolina,2024,unemployment_rate,0.2636975992,z-score within 2024; raw=0.045 (proportion)
state:SC,South Carolina,2024,gun_deaths_per_100k,0.6391775964,z-score within 2024; raw=19.1 (per 100k population)
state:SD,South Dakota,2021,dv_rate,1.513599536,z-score within 2021; raw=1128.98 (per 100k female population)
state:SD,South Dakota,2021,sexual_assault_rate,1.477503257,z-score within 2021; raw=136.075 (per 100k female population)
state:SD,South Dakota,2021,firearm_share,-0.7681812471,z-score within 2021; raw=0.0322115 (proportion)
state:SD,South Dakota,2021,fem_poverty_rate,-0.1600176162,z-score within 2021; raw=0.133 (proportion)
state:SD,South Dakota,2021,unemployment_rate,-1.771967665,z-score within 2021; raw=0.028 (proportion)
state:SD,South Dakota,2021,gun_deaths_per_100k,-0.2509474024,z-score within 2021; raw=13.6 (per 100k population)
state:SD,South Dakota,2022,dv_rate,1.706196536,z-score within 2022; raw=1142.72 (per 100k female population)
state:SD,South Dakota,2022,sexual_assault_rate,1.469299472,z-score within 2022; raw=138.512 (per 100k female population)
state:SD,South Dakota,2022,firearm_share,-0.9996560107,z-score within 2022; raw=0.0286959 (proportion)
state:SD,South Dakota,2022,fem_poverty_rate,0.1278618708,z-score within 2022; raw=0.139 (proportion)
state:SD,South Dakota,2022,unemployment_rate,-1.417792305,z-score within 2022; raw=0.028 (proportion)
state:SD,South Dakota,2022,gun_deaths_per_100k,-0.3047684098,z-score within 2022; raw=14.3 (per 100k population)
state:SD,South Dakota,2023,dv_rate,1.602016509,z-score within 2023; raw=1096.92 (per 100k female population)
state:SD,South Dakota,2023,sexual_assault_rate,1.164797162,z-score within 2023; raw=80.2905 (per 100k female population)
state:SD,South Dakota,2023,firearm_share,-1.002064383,z-score within 2023; raw=0.025098 (proportion)
state:SD,South Dakota,2023,fem_poverty_rate,-0.2032430053,z-score within 2023; raw=0.128 (proportion)
state:SD,South Dakota,2023,unemployment_rate,-1.772925031,z-score within 2023; raw=0.026 (proportion)
state:SD,South Dakota,2023,gun_deaths_per_100k,0.03711008503,z-score within 2023; raw=16.1 (per 100k population)
state:SD,South Dakota,2024,dv_rate,1.490927533,z-score within 2024; raw=1039.72 (per 100k female population)
state:SD,South Dakota,2024,sexual_assault_rate,0.6928165258,z-score within 2024; raw=71.1585 (per 100k female population)
state:SD,South Dakota,2024,firearm_share,-0.8815257373,z-score within 2024; raw=0.0285159 (proportion)
state:SD,South Dakota,2024,fem_poverty_rate,-0.2883158646,z-score within 2024; raw=0.123 (proportion)
state:SD,South Dakota,2024,unemployment_rate,-1.550793024,z-score within 2024; raw=0.028 (proportion)
state:SD,South Dakota,2024,gun_deaths_per_100k,-0.4787256072,z-score within 2024; raw=12.3 (per 100k population)
state:TN,Tennessee,2021,dv_rate,1.767222924,z-score within 2021; raw=1212.03 (per 100k female population)
state:TN,Tennessee,2021,sexual_assault_rate,0.3087537332,z-score within 2021; raw=90.2579 (per 100k female population)
state:TN,Tennessee,2021,firearm_share,2.423786212,z-score within 2021; raw=0.145976 (proportion)
state:TN,Tennessee,2021,fem_poverty_rate,0.3932636331,z-score within 2021; raw=0.149 (proportion)
state:TN,Tennessee,2021,unemployment_rate,-0.2361017418,z-score within 2021; raw=0.053 (proportion)
state:TN,Tennessee,2021,gun_deaths_per_100k,1.010341761,z-score within 2021; raw=21.3 (per 100k population)
state:TN,Tennessee,2022,dv_rate,1.477087461,z-score within 2022; raw=1077.42 (per 100k female population)
state:TN,Tennessee,2022,sexual_assault_rate,0.330217881,z-score within 2022; raw=94.3434 (per 100k female population)
state:TN,Tennessee,2022,firearm_share,2.555821159,z-score within 2022; raw=0.143333 (proportion)
state:TN,Tennessee,2022,fem_poverty_rate,0.4098491318,z-score within 2022; raw=0.147 (proportion)
state:TN,Tennessee,2022,unemployment_rate,-0.6910846915,z-score within 2022; raw=0.034 (proportion)
state:TN,Tennessee,2022,gun_deaths_per_100k,0.9527711454,z-score within 2022; raw=22.8 (per 100k population)
state:TN,Tennessee,2023,dv_rate,1.316226995,z-score within 2023; raw=1020.82 (per 100k female population)
state:TN,Tennessee,2023,sexual_assault_rate,0.3436644245,z-score within 2023; raw=62.6254 (per 100k female population)
state:TN,Tennessee,2023,firearm_share,2.772149166,z-score within 2023; raw=0.146464 (proportion)
state:TN,Tennessee,2023,fem_poverty_rate,0.7685126138,z-score within 2023; raw=0.155 (proportion)
state:TN,Tennessee,2023,unemployment_rate,0.06700007384,z-score within 2023; raw=0.04 (proportion)
state:TN,Tennessee,2023,gun_deaths_per_100k,0.8049049478,z-score within 2023; raw=20.9 (per 100k population)
state:TN,Tennessee,2024,dv_rate,1.237752094,z-score within 2024; raw=976.719 (per 100k female population)
state:TN,Tennessee,2024,sexual_assault_rate,0.3844251117,z-score within 2024; raw=64.4619 (per 100k female population)
state:TN,Tennessee,2024,firearm_share,2.991608487,z-score within 2024; raw=0.144645 (proportion)
state:TN,Tennessee,2024,fem_poverty_rate,0.6626961663,z-score within 2024; raw=0.149 (proportion)
state:TN,Tennessee,2024,unemployment_rate,-0.05650662841,z-score within 2024; raw=0.042 (proportion)
state:TN,Tennessee,2024,gun_deaths_per_100k,1.115930433,z-score within 2024; raw=22 (per 100k population)
state:TX,Texas,2021,dv_rate,1.135098876,z-score within 2021; raw=1005.02 (per 100k female population)
state:TX,Texas,2021,sexual_assault_rate,0.2234751392,z-score within 2021; raw=86.9148 (per 100k female population)
state:TX,Texas,2021,firearm_share,0.9749172931,z-score within 2021; raw=0.0943371 (proportion)
state:TX,Texas,2021,fem_poverty_rate,0.6007441016,z-score within 2021; raw=0.155 (proportion)
state:TX,Texas,2021,unemployment_rate,0.3168099903,z-score within 2021; raw=0.062 (proportion)
state:TX,Texas,2021,gun_deaths_per_100k,-0.1526651299,z-score within 2021; raw=14.2 (per 100k population)
state:TX,Texas,2022,dv_rate,1.050480383,z-score within 2022; raw=955.829 (per 100k female population)
state:TX,Texas,2022,sexual_assault_rate,0.07369284746,z-score within 2022; raw=84.3965 (per 100k female population)
state:TX,Texas,2022,firearm_share,1.083398281,z-score within 2022; raw=0.0958588 (proportion)
state:TX,Texas,2022,fem_poverty_rate,0.6918363927,z-score within 2022; raw=0.155 (proportion)
state:TX,Texas,2022,unemployment_rate,0.5200946647,z-score within 2022; raw=0.044 (proportion)
state:TX,Texas,2022,gun_deaths_per_100k,-0.1124388308,z-score within 2022; raw=15.6 (per 100k population)
state:TX,Texas,2023,dv_rate,0.9431847187,z-score within 2023; raw=921.482 (per 100k female population)
state:TX,Texas,2023,sexual_assault_rate,0.5980940701,z-score within 2023; raw=68.0989 (per 100k female population)
state:TX,Texas,2023,firearm_share,0.8703489998,z-score within 2023; raw=0.0853083 (proportion)
state:TX,Texas,2023,fem_poverty_rate,0.5885578695,z-score within 2023; raw=0.15 (proportion)
state:TX,Texas,2023,unemployment_rate,0.5926929609,z-score within 2023; raw=0.044 (proportion)
state:TX,Texas,2023,gun_deaths_per_100k,-0.0268728202,z-score within 2023; raw=15.7 (per 100k population)
state:TX,Texas,2024,dv_rate,0.9235387984,z-score within 2024; raw=898.528 (per 100k female population)
state:TX,Texas,2024,sexual_assault_rate,0.4969290952,z-score within 2024; raw=66.9049 (per 100k female population)
state:TX,Texas,2024,firearm_share,0.8134318772,z-score within 2024; raw=0.0793363 (proportion)
state:TX,Texas,2024,fem_poverty_rate,0.6261187805,z-score within 2024; raw=0.148 (proportion)
state:TX,Texas,2024,unemployment_rate,0.5839018269,z-score within 2024; raw=0.048 (proportion)
state:TX,Texas,2024,gun_deaths_per_100k,-0.05129202934,z-score within 2024; raw=14.9 (per 100k population)
state:UT,Utah,2021,dv_rate,-0.2177129569,z-score within 2021; raw=561.993 (per 100k female population)
state:UT,Utah,2021,sexual_assault_rate,2.511914411,z-score within 2021; raw=176.626 (per 100k female population)
state:UT,Utah,2021,firearm_share,-0.8277956366,z-score within 2021; raw=0.0300868 (proportion)
state:UT,Utah,2021,fem_poverty_rate,-1.54322074,z-score within 2021; raw=0.093 (proportion)
state:UT,Utah,2021,unemployment_rate,-1.341925206,z-score within 2021; raw=0.035 (proportion)
state:UT,Utah,2021,gun_deaths_per_100k,-0.2509474024,z-score within 2021; raw=13.6 (per 100k population)
state:UT,Utah,2022,dv_rate,-0.4632309265,z-score within 2022; raw=524.39 (per 100k female population)
state:UT,Utah,2022,sexual_assault_rate,2.503420099,z-score within 2022; raw=178.61 (per 100k female population)
state:UT,Utah,2022,firearm_share,-1.014319218,z-score within 2022; raw=0.0282231 (proportion)
state:UT,Utah,2022,fem_poverty_rate,-1.564061695,z-score within 2022; raw=0.091 (proportion)
state:UT,Utah,2022,unemployment_rate,-1.538910241,z-score within 2022; raw=0.027 (proportion)
state:UT,Utah,2022,gun_deaths_per_100k,-0.3639467419,z-score within 2022; raw=13.9 (per 100k population)
state:UT,Utah,2023,dv_rate,-0.4984823336,z-score within 2023; raw=537.589 (per 100k female population)
state:UT,Utah,2023,sexual_assault_rate,2.255710171,z-score within 2023; raw=103.76 (per 100k female population)
state:UT,Utah,2023,firearm_share,-1.021998074,z-score within 2023; raw=0.024457 (proportion)
state:UT,Utah,2023,fem_poverty_rate,-1.390944317,z-score within 2023; raw=0.095 (proportion)
state:UT,Utah,2023,unemployment_rate,-0.8529624785,z-score within 2023; raw=0.033 (proportion)
state:UT,Utah,2023,gun_deaths_per_100k,-0.2988001674,z-score within 2023; raw=14 (per 100k population)
state:UT,Utah,2024,dv_rate,-0.5940109596,z-score within 2024; raw=520.889 (per 100k female population)
state:UT,Utah,2024,sexual_assault_rate,2.43150985,z-score within 2024; raw=108.914 (per 100k female population)
state:UT,Utah,2024,firearm_share,-0.8524048923,z-score within 2024; raw=0.029389 (proportion)
state:UT,Utah,2024,fem_poverty_rate,-1.568524368,z-score within 2024; raw=0.088 (proportion)
state:UT,Utah,2024,unemployment_rate,-0.4834455986,z-score within 2024; raw=0.038 (proportion)
state:UT,Utah,2024,gun_deaths_per_100k,-0.06773178234,z-score within 2024; raw=14.8 (per 100k population)
state:VT,Vermont,2021,dv_rate,-0.9450687572,z-score within 2021; raw=323.793 (per 100k female population)
state:VT,Vermont,2021,sexual_assault_rate,-0.5995196002,z-score within 2021; raw=54.6517 (per 100k female population)
state:VT,Vermont,2021,firearm_share,-0.6615750306,z-score within 2021; raw=0.0360111 (proportion)
state:VT,Vermont,2021,fem_poverty_rate,-0.9899394903,z-score within 2021; raw=0.109 (proportion)
state:VT,Vermont,2021,unemployment_rate,-0.9118827479,z-score within 2021; raw=0.042 (proportion)
state:VT,Vermont,2021,gun_deaths_per_100k,-0.5785549773,z-score within 2021; raw=11.6 (per 100k population)
state:VT,Vermont,2022,dv_rate,-1.101690447,z-score within 2022; raw=342.415 (per 100k female population)
state:VT,Vermont,2022,sexual_assault_rate,-0.868864668,z-score within 2022; raw=47.8484 (per 100k female population)
state:VT,Vermont,2022,firearm_share,-0.05575585687,z-score within 2022; raw=0.0591296 (proportion)
state:VT,Vermont,2022,fem_poverty_rate,-0.7533483198,z-score within 2022; raw=0.114 (proportion)
state:VT,Vermont,2022,unemployment_rate,-1.417792305,z-score within 2022; raw=0.028 (proportion)
state:VT,Vermont,2022,gun_deaths_per_100k,-0.6598384019,z-score within 2022; raw=11.9 (per 100k population)
state:VT,Vermont,2023,dv_rate,-1.366064265,z-score within 2023; raw=306.566 (per 100k female population)
state:VT,Vermont,2023,sexual_assault_rate,-1.069175761,z-score within 2023; raw=32.2307 (per 100k female population)
state:VT,Vermont,2023,firearm_share,-0.673721606,z-score within 2023; raw=0.0356564 (proportion)
state:VT,Vermont,2023,fem_poverty_rate,-1.139007675,z-score within 2023; raw=0.102 (proportion)
state:VT,Vermont,2023,unemployment_rate,-1.772925031,z-score within 2023; raw=0.026 (proportion)
state:VT,Vermont,2023,gun_deaths_per_100k,-0.586723241,z-score within 2023; raw=12.2 (per 100k population)
state:VT,Vermont,2024,dv_rate,-1.36143036,z-score within 2024; raw=329.918 (per 100k female population)
state:VT,Vermont,2024,sexual_assault_rate,-0.797705822,z-score within 2024; raw=38.7922 (per 100k female population)
state:VT,Vermont,2024,firearm_share,-0.7121007944,z-score within 2024; raw=0.0335958 (proportion)
state:VT,Vermont,2024,fem_poverty_rate,-1.129595738,z-score within 2024; raw=0.1 (proportion)
state:VT,Vermont,2024,unemployment_rate,-1.657527767,z-score within 2024; raw=0.027 (proportion)
state:VT,Vermont,2024,gun_deaths_per_100k,-0.5280448662,z-score within 2024; raw=12 (per 100k population)
state:VA,Virginia,2021,dv_rate,0.3035915622,z-score within 2021; raw=732.713 (per 100k female population)
state:VA,Virginia,2021,sexual_assault_rate,-0.1555100659,z-score within 2021; raw=72.0578 (per 100k female population)
state:VA,Virginia,2021,firearm_share,-0.1928277738,z-score within 2021; raw=0.0527177 (proportion)
state:VA,Virginia,2021,fem_poverty_rate,-0.9553594122,z-score within 2021; raw=0.11 (proportion)
state:VA,Virginia,2021,unemployment_rate,-0.5432749264,z-score within 2021; raw=0.048 (proportion)
state:VA,Virginia,2021,gun_deaths_per_100k,-0.2837081599,z-score within 2021; raw=13.4 (per 100k population)
state:VA,Virginia,2022,dv_rate,0.2558357735,z-score within 2022; raw=729.339 (per 100k female population)
state:VA,Virginia,2022,sexual_assault_rate,-0.316192235,z-score within 2022; raw=69.2785 (per 100k female population)
state:VA,Virginia,2022,firearm_share,-0.175442791,z-score within 2022; raw=0.0552706 (proportion)
state:VA,Virginia,2022,fem_poverty_rate,-0.6476030969,z-score within 2022; raw=0.117 (proportion)
state:VA,Virginia,2022,unemployment_rate,-0.4488488203,z-score within 2022; raw=0.036 (proportion)
state:VA,Virginia,2022,gun_deaths_per_100k,-0.3047684098,z-score within 2022; raw=14.3 (per 100k population)
state:VA,Virginia,2023,dv_rate,0.3472471845,z-score within 2023; raw=762.794 (per 100k female population)
state:VA,Virginia,2023,sexual_assault_rate,-0.4324649968,z-score within 2023; raw=45.9283 (per 100k female population)
state:VA,Virginia,2023,firearm_share,-0.3313119766,z-score within 2023; raw=0.0466671 (proportion)
state:VA,Virginia,2023,fem_poverty_rate,-0.7071162893,z-score within 2023; raw=0.114 (proportion)
state:VA,Virginia,2023,unemployment_rate,-0.3272695914,z-score within 2023; raw=0.037 (proportion)
state:VA,Virginia,2023,gun_deaths_per_100k,-0.122847178,z-score within 2023; raw=15.1 (per 100k population)
state:VA,Virginia,2024,dv_rate,0.1930899497,z-score within 2024; raw=716.757 (per 100k female population)
state:VA,Virginia,2024,sexual_assault_rate,-0.5918942214,z-score within 2024; raw=43.2613 (per 100k female population)
state:VA,Virginia,2024,firearm_share,-0.3518545296,z-score within 2024; raw=0.0443972 (proportion)
state:VA,Virginia,2024,fem_poverty_rate,-0.8735540374,z-score within 2024; raw=0.107 (proportion)
state:VA,Virginia,2024,unemployment_rate,-0.6969150837,z-score within 2024; raw=0.036 (proportion)
state:VA,Virginia,2024,gun_deaths_per_100k,-0.2321293123,z-score within 2024; raw=13.8 (per 100k population)
state:WA,Washington,2021,dv_rate,-0.2399933353,z-score within 2021; raw=554.696 (per 100k female population)
state:WA,Washington,2021,sexual_assault_rate,0.2128122436,z-score within 2021; raw=86.4968 (per 100k female population)
state:WA,Washington,2021,firearm_share,-0.1456214949,z-score within 2021; raw=0.0544001 (proportion)
state:WA,Washington,2021,fem_poverty_rate,-0.9899394903,z-score within 2021; raw=0.109 (proportion)
state:WA,Washington,2021,unemployment_rate,0.1325060796,z-score within 2021; raw=0.059 (proportion)
state:WA,Washington,2021,gun_deaths_per_100k,-0.6932176286,z-score within 2021; raw=10.9 (per 100k population)
state:WA,Washington,2022,dv_rate,-0.3251622567,z-score within 2022; raw=563.742 (per 100k female population)
state:WA,Washington,2022,sexual_assault_rate,0.1140203096,z-score within 2022; raw=85.9602 (per 100k female population)
state:WA,Washington,2022,firearm_share,0.3370125086,z-score within 2022; raw=0.0717934 (proportion)
state:WA,Washington,2022,fem_poverty_rate,-0.9295903579,z-score within 2022; raw=0.109 (proportion)
state:WA,Washington,2022,unemployment_rate,0.1567408579,z-score within 2022; raw=0.041 (proportion)
state:WA,Washington,2022,gun_deaths_per_100k,-0.7634004829,z-score within 2022; raw=11.2 (per 100k population)
state:WA,Washington,2023,dv_rate,-0.397978467,z-score within 2023; raw=564.352 (per 100k female population)
state:WA,Washington,2023,sexual_assault_rate,0.3075158024,z-score within 2023; raw=61.8477 (per 100k female population)
state:WA,Washington,2023,firearm_share,0.3603416062,z-score within 2023; raw=0.0689083 (proportion)
state:WA,Washington,2023,fem_poverty_rate,-0.6351343915,z-score within 2023; raw=0.116 (proportion)
state:WA,Washington,2023,unemployment_rate,0.7241161826,z-score within 2023; raw=0.045 (proportion)
state:WA,Washington,2023,gun_deaths_per_100k,-0.5227403357,z-score within 2023; raw=12.6 (per 100k population)
state:WA,Washington,2024,dv_rate,-0.445759343,z-score within 2024; raw=557.781 (per 100k female population)
state:WA,Washington,2024,sexual_assault_rate,0.3952706737,z-score within 2024; raw=64.6974 (per 100k female population)
state:WA,Washington,2024,firearm_share,0.176210229,z-score within 2024; raw=0.0602303 (proportion)
state:WA,Washington,2024,fem_poverty_rate,-0.8369766516,z-score within 2024; raw=0.108 (proportion)
state:WA,Washington,2024,unemployment_rate,0.6906365694,z-score within 2024; raw=0.049 (proportion)
state:WA,Washington,2024,gun_deaths_per_100k,-0.3636473362,z-score within 2024; raw=13 (per 100k population)
state:West Virginia,West Virginia,2021,dv_rate,-0.1215192001,z-score within 2021; raw=593.495 (per 100k female population)
state:West Virginia,West Virginia,2021,sexual_assault_rate,-0.4807475532,z-score within 2021; raw=59.3078 (per 100k female population)
state:West Virginia,West Virginia,2021,firearm_share,0.1033254054,z-score within 2021; raw=0.0632728 (proportion)
state:West Virginia,West Virginia,2021,fem_poverty_rate,1.7073066,z-score within 2021; raw=0.187 (proportion)
state:West Virginia,West Virginia,2021,unemployment_rate,0.3168099903,z-score within 2021; raw=0.062 (proportion)
state:West Virginia,West Virginia,2021,gun_deaths_per_100k,0.4861696412,z-score within 2021; raw=18.1 (per 100k population)
state:West Virginia,West Virginia,2022,dv_rate,-0.3206321184,z-score within 2022; raw=565.033 (per 100k female population)
state:West Virginia,West Virginia,2022,sexual_assault_rate,-0.7931366587,z-score within 2022; raw=50.7848 (per 100k female population)
state:West Virginia,West Virginia,2022,firearm_share,0.003047170251,z-score within 2022; raw=0.0610256 (proportion)
state:West Virginia,West Virginia,2022,fem_poverty_rate,2.031275882,z-score within 2022; raw=0.193 (proportion)
state:West Virginia,West Virginia,2022,unemployment_rate,0.8834484716,z-score within 2022; raw=0.047 (proportion)
state:West Virginia,West Virginia,2022,gun_deaths_per_100k,0.1390690802,z-score within 2022; raw=17.3 (per 100k population)
state:West Virginia,West Virginia,2023,dv_rate,-0.1894489614,z-score within 2023; raw=619.88 (per 100k female population)
state:West Virginia,West Virginia,2023,sexual_assault_rate,-0.4014324813,z-score within 2023; raw=46.5959 (per 100k female population)
state:West Virginia,West Virginia,2023,firearm_share,-0.2152726123,z-score within 2023; raw=0.0503985 (proportion)
state:West Virginia,West Virginia,2023,fem_poverty_rate,1.812250131,z-score within 2023; raw=0.184 (proportion)
state:West Virginia,West Virginia,2023,unemployment_rate,0.7241161826,z-score within 2023; raw=0.045 (proportion)
state:West Virginia,West Virginia,2023,gun_deaths_per_100k,0.08509726396,z-score within 2023; raw=16.4 (per 100k population)
state:West Virginia,West Virginia,2024,dv_rate,-0.3074288584,z-score within 2024; raw=592.204 (per 100k female population)
state:West Virginia,West Virginia,2024,sexual_assault_rate,-0.5030527845,z-score within 2024; raw=45.1905 (per 100k female population)
state:West Virginia,West Virginia,2024,firearm_share,0.07555505806,z-score within 2024; raw=0.0572123 (proportion)
state:West Virginia,West Virginia,2024,fem_poverty_rate,2.016059441,z-score within 2024; raw=0.186 (proportion)
state:West Virginia,West Virginia,2024,unemployment_rate,0.3704323418,z-score within 2024; raw=0.046 (proportion)
state:West Virginia,West Virginia,2024,gun_deaths_per_100k,0.2610632776,z-score within 2024; raw=16.8 (per 100k population)
state:WI,Wisconsin,2021,dv_rate,0.1238389865,z-score within 2021; raw=673.847 (per 100k female population)
state:WI,Wisconsin,2021,sexual_assault_rate,-0.01352330626,z-score within 2021; raw=77.624 (per 100k female population)
state:WI,Wisconsin,2021,firearm_share,1.212805606,z-score within 2021; raw=0.102816 (proportion)
state:WI,Wisconsin,2021,fem_poverty_rate,-0.6787187875,z-score within 2021; raw=0.118 (proportion)
state:WI,Wisconsin,2021,unemployment_rate,-1.341925206,z-score within 2021; raw=0.035 (proportion)
state:WI,Wisconsin,2021,gun_deaths_per_100k,-0.4802727048,z-score within 2021; raw=12.2 (per 100k population)
state:WI,Wisconsin,2022,dv_rate,-0.04427691664,z-score within 2022; raw=643.8 (per 100k female population)
state:WI,Wisconsin,2022,sexual_assault_rate,-0.1490029032,z-score within 2022; raw=75.7614 (per 100k female population)
state:WI,Wisconsin,2022,firearm_share,1.26355597,z-score within 2022; raw=0.101668 (proportion)
state:WI,Wisconsin,2022,fem_poverty_rate,-0.5771062817,z-score within 2022; raw=0.119 (proportion)
state:WI,Wisconsin,2022,unemployment_rate,-1.417792305,z-score within 2022; raw=0.028 (proportion)
state:WI,Wisconsin,2022,gun_deaths_per_100k,-0.4231250739,z-score within 2022; raw=13.5 (per 100k population)
state:WI,Wisconsin,2023,dv_rate,-0.09602900277,z-score within 2023; raw=644.756 (per 100k female population)
state:WI,Wisconsin,2023,sexual_assault_rate,-0.5051548518,z-score within 2023; raw=44.3646 (per 100k female population)
state:WI,Wisconsin,2023,firearm_share,1.0639199,z-score within 2023; raw=0.0915329 (proportion)
state:WI,Wisconsin,2023,fem_poverty_rate,-0.6351343915,z-score within 2023; raw=0.116 (proportion)
state:WI,Wisconsin,2023,unemployment_rate,-1.510078587,z-score within 2023; raw=0.028 (proportion)
state:WI,Wisconsin,2023,gun_deaths_per_100k,-0.2828044411,z-score within 2023; raw=14.1 (per 100k population)
state:WI,Wisconsin,2024,dv_rate,-0.09876403546,z-score within 2024; raw=644.13 (per 100k female population)
state:WI,Wisconsin,2024,sexual_assault_rate,-0.5173690449,z-score within 2024; raw=44.8796 (per 100k female population)
state:WI,Wisconsin,2024,firearm_share,0.8530138394,z-score within 2024; raw=0.0805231 (proportion)
state:WI,Wisconsin,2024,fem_poverty_rate,-0.5077801794,z-score within 2024; raw=0.117 (proportion)
state:WI,Wisconsin,2024,unemployment_rate,-1.230588796,z-score within 2024; raw=0.031 (proportion)
state:WI,Wisconsin,2024,gun_deaths_per_100k,-0.4129665952,z-score within 2024; raw=12.7 (per 100k population)
state:WY,Wyoming,2021,dv_rate,-0.1516467411,z-score within 2021; raw=583.629 (per 100k female population)
state:WY,Wyoming,2021,sexual_assault_rate,0.3165381638,z-score within 2021; raw=90.5631 (per 100k female population)
state:WY,Wyoming,2021,firearm_share,-1.058395216,z-score within 2021; raw=0.0218681 (proportion)
state:WY,Wyoming,2021,fem_poverty_rate,-0.3674980848,z-score within 2021; raw=0.127 (proportion)
state:WY,Wyoming,2021,unemployment_rate,-1.219055932,z-score within 2021; raw=0.037 (proportion)
state:WY,Wyoming,2021,gun_deaths_per_100k,1.763839183,z-score within 2021; raw=25.9 (per 100k population)
state:WY,Wyoming,2022,dv_rate,-0.2520423084,z-score within 2022; raw=584.583 (per 100k female population)
state:WY,Wyoming,2022,sexual_assault_rate,-0.2606054524,z-score within 2022; raw=71.4339 (per 100k female population)
state:WY,Wyoming,2022,firearm_share,-0.7844743255,z-score within 2022; raw=0.0356339 (proportion)
state:WY,Wyoming,2022,fem_poverty_rate,-0.1188769826,z-score within 2022; raw=0.132 (proportion)
state:WY,Wyoming,2022,unemployment_rate,-0.206612949,z-score within 2022; raw=0.038 (proportion)
state:WY,Wyoming,2022,gun_deaths_per_100k,1.440992384,z-score within 2022; raw=26.1 (per 100k population)
state:WY,Wyoming,2023,dv_rate,-0.1034811364,z-score within 2023; raw=642.772 (per 100k female population)
state:WY,Wyoming,2023,sexual_assault_rate,-0.2994558938,z-score within 2023; raw=48.7898 (per 100k female population)
state:WY,Wyoming,2023,firearm_share,-0.9472210039,z-score within 2023; raw=0.0268616 (proportion)
state:WY,Wyoming,2023,fem_poverty_rate,-0.2392339541,z-score within 2023; raw=0.127 (proportion)
state:WY,Wyoming,2023,unemployment_rate,-0.9843857002,z-score within 2023; raw=0.032 (proportion)
state:WY,Wyoming,2023,gun_deaths_per_100k,0.7569177689,z-score within 2023; raw=20.6 (per 100k population)
state:WY,Wyoming,2024,dv_rate,-0.2501225722,z-score within 2024; raw=606.465 (per 100k female population)
state:WY,Wyoming,2024,sexual_assault_rate,0.5932448252,z-score within 2024; raw=68.9964 (per 100k female population)
state:WY,Wyoming,2024,firearm_share,-0.817289344,z-score within 2024; raw=0.0304419 (proportion)
state:WY,Wyoming,2024,fem_poverty_rate,-0.8003992658,z-score within 2024; raw=0.109 (proportion)
state:WY,Wyoming,2024,unemployment_rate,-0.9103845688,z-score within 2024; raw=0.034 (proportion)
state:WY,Wyoming,2024,gun_deaths_per_100k,1.033731668,z-score within 2024; raw=21.5 (per 100k population)
