year,n_incidents,firearm_rate,ipv_proxy_rate,injury_rate,mean_age,median_age,pct_age_missing
2022,8968,0.03668599464763604,0.016057091882247992,0.43119982158786796,32.9039362176628,30.0,0.0
