year,n_incidents,firearm_rate,ipv_proxy_rate,injury_rate,mean_age,median_age,pct_age_missing
2023,10870,0.02999080036798528,0.012051517939282429,0.43477460901563936,32.98477460901564,30.0,0.0
