var1,var2,correlation,abs_correlation,strength,direction,likely_structural,scale_effect,redundant_feature_pair
total_incidents,victims_age_30_39,0.9996058277700253,0.9996058277700253,strong,positive,True,False,True
total_incidents,victims_age_40_49,0.998705151681169,0.998705151681169,strong,positive,True,False,True
victims_age_30_39,victims_age_40_49,0.998380520526885,0.998380520526885,strong,positive,False,False,True
total_incidents,victims_age_18_29,0.9977291156822072,0.9977291156822072,strong,positive,True,False,True
victims_age_18_29,victims_age_30_39,0.9967590000529177,0.9967590000529177,strong,positive,False,False,True
total_incidents,victims_age_50_59,0.9963177522617434,0.9963177522617434,strong,positive,True,False,True
victims_age_40_49,victims_age_50_59,0.9961684151699539,0.9961684151699539,strong,positive,False,False,True
victims_age_30_39,victims_age_50_59,0.9956272854689607,0.9956272854689607,strong,positive,False,False,True
victims_age_18_29,victims_age_40_49,0.9941362719741671,0.9941362719741671,strong,positive,False,False,True
victims_age_50_59,victims_age_60_69,0.9928130331655944,0.9928130331655944,strong,positive,False,False,True
total_incidents,dv_total,0.9924798293619062,0.9924798293619062,strong,positive,True,False,True
victims_age_30_39,dv_total,0.9922617833551785,0.9922617833551785,strong,positive,True,False,True
victims_age_40_49,dv_total,0.9920820584479858,0.9920820584479858,strong,positive,True,False,True
victims_age_18_29,dv_total,0.9915763295851258,0.9915763295851258,strong,positive,True,False,True
victims_age_60_69,victims_age_70_79,0.9904441224376789,0.9904441224376789,strong,positive,False,False,True
victims_age_18_29,victims_age_50_59,0.9897895549852074,0.9897895549852074,strong,positive,False,False,True
victim_offender_nonmarried_partner,dv_total,0.988884100623683,0.988884100623683,strong,positive,True,False,True
victims_age_40_49,victims_age_60_69,0.9877890684943581,0.9877890684943581,strong,positive,False,False,True
victims_age_50_59,dv_total,0.9869010969918164,0.9869010969918164,strong,positive,True,False,True
victim_offender_rel_spouse,dv_total,0.9849828841601584,0.9849828841601584,strong,positive,True,False,True
total_incidents,victims_age_60_69,0.9847368870273691,0.9847368870273691,strong,positive,True,False,True
victims_age_30_39,victims_age_60_69,0.9846438019849475,0.9846438019849475,strong,positive,False,False,True
victims_age_18_29,victim_offender_nonmarried_partner,0.9846348932478214,0.9846348932478214,strong,positive,False,False,True
total_incidents,victim_offender_nonmarried_partner,0.9845835231399332,0.9845835231399332,strong,positive,True,False,True
victims_age_30_39,victim_offender_nonmarried_partner,0.9832664098806285,0.9832664098806285,strong,positive,False,False,True
victims_age_40_49,victim_offender_rel_spouse,0.982955038085546,0.982955038085546,strong,positive,False,False,True
victims_age_40_49,victim_offender_nonmarried_partner,0.9825229979233275,0.9825229979233275,strong,positive,False,False,True
white_victims,victim_offender_rel_spouse,0.9822264547469378,0.9822264547469378,strong,positive,False,False,True
victims_age_50_59,victim_offender_nonmarried_partner,0.9803336751676548,0.9803336751676548,strong,positive,False,False,True
total_incidents,victim_offender_rel_spouse,0.9790060176927727,0.9790060176927727,strong,positive,True,False,False
victims_age_30_39,victim_offender_rel_spouse,0.9783355747694801,0.9783355747694801,strong,positive,False,False,False
white_victims,victims_age_40_49,0.9772170590889971,0.9772170590889971,strong,positive,False,False,False
victims_age_18_29,victim_offender_rel_spouse,0.9764378589111964,0.9764378589111964,strong,positive,False,False,False
fem_poverty_rate,male_poverty_rate,0.9749239083400326,0.9749239083400326,strong,positive,False,False,False
victims_age_50_59,victims_age_70_79,0.9748608455227367,0.9748608455227367,strong,positive,False,False,False
total_incidents,white_victims,0.9722701249174868,0.9722701249174868,strong,positive,True,False,False
victims_age_50_59,victim_offender_rel_spouse,0.9719916194416105,0.9719916194416105,strong,positive,False,False,False
white_victims,victims_age_30_39,0.9719892345991956,0.9719892345991956,strong,positive,False,False,False
victims_age_18_29,victims_age_60_69,0.9718331517770911,0.9718331517770911,strong,positive,False,False,False
victims_age_60_69,dv_total,0.9702420248004421,0.9702420248004421,strong,positive,True,False,False
involving_firearm,firearm_nonmarried,0.968946825271933,0.968946825271933,strong,positive,False,False,False
victims_age_70_79,victims_age_80_plus,0.9686776621786679,0.9686776621786679,strong,positive,False,False,False
white_victims,dv_total,0.9679384829239519,0.9679384829239519,strong,positive,True,False,False
victim_offender_nonmarried_partner,victim_offender_rel_spouse,0.9672109422569417,0.9672109422569417,strong,positive,False,False,False
white_victims,victims_age_18_29,0.9671124889495092,0.9671124889495092,strong,positive,False,False,False
fem_labor_force_part,all_labor_force_part,0.9670810200136833,0.9670810200136833,strong,positive,False,False,False
victims_age_40_49,victims_age_70_79,0.9668852292494537,0.9668852292494537,strong,positive,False,False,False
white_victims,victims_age_50_59,0.9667695968492258,0.9667695968492258,strong,positive,False,False,False
white_victims,victim_offender_nonmarried_partner,0.9635731465812034,0.9635731465812034,strong,positive,False,False,False
victims_age_60_69,victim_offender_nonmarried_partner,0.9614053508963224,0.9614053508963224,strong,positive,False,False,False
total_incidents,victims_age_70_79,0.9612221865491263,0.9612221865491263,strong,positive,True,False,False
victims_age_30_39,victims_age_70_79,0.9606835780011332,0.9606835780011332,strong,positive,False,False,False
victims_age_60_69,victim_offender_rel_spouse,0.9570022565901228,0.9570022565901228,strong,positive,False,False,False
white_victims,victims_age_60_69,0.956220218058285,0.956220218058285,strong,positive,False,False,False
white_victims,sex_assaults,0.9495402439770592,0.9495402439770592,strong,positive,False,False,False
white_victims,victims_age_70_79,0.944088842090716,0.944088842090716,strong,positive,False,False,False
victims_age_70_79,dv_total,0.9438084706546083,0.9438084706546083,strong,positive,True,False,False
victims_age_18_29,victims_age_70_79,0.9428779498715345,0.9428779498715345,strong,positive,False,False,False
victims_age_70_79,victim_offender_nonmarried_partner,0.9406733069613509,0.9406733069613509,strong,positive,False,False,False
victims_age_60_69,victims_age_80_plus,0.9406314546686889,0.9406314546686889,strong,positive,False,False,False
white_pop,diversity_index,-0.9390539822568574,0.9390539822568574,strong,negative,False,False,False
victims_age_70_79,victim_offender_rel_spouse,0.9384914307160004,0.9384914307160004,strong,positive,False,False,False
victims_age_40_49,near_school,0.9373735079745663,0.9373735079745663,strong,positive,False,False,False
victims_age_18_29,sex_assaults,0.9345256688619056,0.9345256688619056,strong,positive,False,False,False
total_incidents,sex_assaults,0.9335889937970947,0.9335889937970947,strong,positive,True,False,False
victims_age_30_39,sex_assaults,0.9330563239020935,0.9330563239020935,strong,positive,False,False,False
victims_age_40_49,sex_assaults,0.9306190424434542,0.9306190424434542,strong,positive,False,False,False
total_incidents,near_school,0.9306016457899032,0.9306016457899032,strong,positive,True,False,False
%_at_least_bach_degree,avg_years_schooling,0.9305279815469405,0.9305279815469405,strong,positive,False,False,False
victims_age_30_39,near_school,0.9297486464043089,0.9297486464043089,strong,positive,False,False,False
victims_age_60_69,near_school,0.9284346386443585,0.9284346386443585,strong,positive,False,False,False
victims_age_50_59,sex_assaults,0.9277650565283306,0.9277650565283306,strong,positive,False,False,False
victims_age_50_59,near_school,0.9273548983124973,0.9273548983124973,strong,positive,False,False,False
sex_assaults,victim_offender_nonmarried_partner,0.9271156707818795,0.9271156707818795,strong,positive,False,False,False
sex_assaults,victim_offender_rel_spouse,0.9265011632063794,0.9265011632063794,strong,positive,False,False,False
victim_offender_rel_spouse,near_school,0.9246868518939042,0.9246868518939042,strong,positive,False,False,False
victims_age_18_29,near_school,0.9228108503796308,0.9228108503796308,strong,positive,False,False,False
sex_assaults,dv_total,0.9219643175795654,0.9219643175795654,strong,positive,True,False,False
white_victims,hispanic_victims,0.9194714708480255,0.9194714708480255,strong,positive,False,False,False
white_victims,near_school,0.9194040860479533,0.9194040860479533,strong,positive,False,False,False
dv_total,near_school,0.9186033167489815,0.9186033167489815,strong,positive,True,False,False
victims_age_50_59,victims_age_80_plus,0.9177591220868018,0.9177591220868018,strong,positive,False,False,False
victims_age_70_79,near_school,0.9151937961759835,0.9151937961759835,strong,positive,False,False,False
hispanic_victims,victim_offender_rel_spouse,0.9150210061986463,0.9150210061986463,strong,positive,False,False,False
victims_age_18_29,involving_firearm,0.9128394122436514,0.9128394122436514,strong,positive,False,False,False
black_victims,victims_age_18_29,0.9089986550500369,0.9089986550500369,strong,positive,False,False,False
victim_offender_nonmarried_partner,near_school,0.9083919722959087,0.9083919722959087,strong,positive,False,False,False
victims_age_60_69,sex_assaults,0.9047071008992806,0.9047071008992806,strong,positive,False,False,False
involving_firearm,victim_offender_nonmarried_partner,0.9045348699797398,0.9045348699797398,strong,positive,False,False,False
involving_firearm,dv_total,0.90421020180607,0.90421020180607,strong,positive,True,False,False
victims_age_40_49,victims_age_80_plus,0.9038424317219895,0.9038424317219895,strong,positive,False,False,False
total_incidents,involving_firearm,0.900971102974738,0.900971102974738,strong,positive,True,False,False
total_incidents,black_victims,0.900811774523637,0.900811774523637,strong,positive,True,False,False
black_victims,victims_age_30_39,0.8984360780591913,0.8984360780591913,strong,positive,False,False,False
total_incidents,victims_age_80_plus,0.8983129237822883,0.8983129237822883,strong,positive,True,False,False
victims_age_30_39,victims_age_80_plus,0.8981823898878187,0.8981823898878187,strong,positive,False,False,False
white_victims,victims_age_80_plus,0.8975968505478932,0.8975968505478932,strong,positive,False,False,False
black_victims,victims_age_50_59,0.8960859514805525,0.8960859514805525,strong,positive,False,False,False
victims_age_40_49,involving_firearm,0.8960010508742416,0.8960010508742416,strong,positive,False,False,False
involving_firearm,victim_offender_rel_spouse,0.8941608383779509,0.8941608383779509,strong,positive,False,False,False
victims_age_30_39,involving_firearm,0.893574572297525,0.893574572297525,strong,positive,False,False,False
victims_age_50_59,involving_firearm,0.8914814027272644,0.8914814027272644,strong,positive,False,False,False
victims_age_70_79,sex_assaults,0.8893032224044909,0.8893032224044909,strong,positive,False,False,False
black_victims,victims_age_40_49,0.887906790440134,0.887906790440134,strong,positive,False,False,False
victims_age_80_plus,victim_offender_nonmarried_partner,0.8855113940307673,0.8855113940307673,strong,positive,False,False,False
black_victims,dv_total,0.8854218083740735,0.8854218083740735,strong,positive,True,False,False
victim_offender_nonmarried_partner,firearm_nonmarried,0.8834505070592531,0.8834505070592531,strong,positive,False,False,False
hispanic_victims,dv_total,0.8792698351236836,0.8792698351236836,strong,positive,True,False,False
black_victims,victim_offender_nonmarried_partner,0.8782738393869887,0.8782738393869887,strong,positive,False,False,False
black_victims,victims_age_60_69,0.8779520508414891,0.8779520508414891,strong,positive,False,False,False
victims_age_18_29,victims_age_80_plus,0.8749473558180076,0.8749473558180076,strong,positive,False,False,False
victims_age_80_plus,dv_total,0.8732417753179303,0.8732417753179303,strong,positive,True,False,False
victims_age_80_plus,victim_offender_rel_spouse,0.8731206952427712,0.8731206952427712,strong,positive,False,False,False
dv_total,firearm_nonmarried,0.8717019850217381,0.8717019850217381,strong,positive,True,False,False
hispanic_victims,victims_age_40_49,0.8716985221091418,0.8716985221091418,strong,positive,False,False,False
black_victims,involving_firearm,0.8707943811869754,0.8707943811869754,strong,positive,False,False,False
victims_age_18_29,firearm_nonmarried,0.8681485842584464,0.8681485842584464,strong,positive,False,False,False
white_victims,involving_firearm,0.8638792319422605,0.8638792319422605,strong,positive,False,False,False
hispanic_victims,victims_age_30_39,0.8632313886556305,0.8632313886556305,strong,positive,False,False,False
victims_age_80_plus,sex_assaults,0.862010935316428,0.862010935316428,strong,positive,False,False,False
total_incidents,hispanic_victims,0.8608689233392478,0.8608689233392478,strong,positive,True,False,False
victims_age_80_plus,near_school,0.8604311630570918,0.8604311630570918,strong,positive,False,False,False
victims_age_60_69,involving_firearm,0.8602371111460098,0.8602371111460098,strong,positive,False,False,False
hispanic_victims,victims_age_18_29,0.856229350802464,0.856229350802464,strong,positive,False,False,False
hispanic_victims,victim_offender_nonmarried_partner,0.8539876464150974,0.8539876464150974,strong,positive,False,False,False
hispanic_victims,near_school,0.853942343340325,0.853942343340325,strong,positive,False,False,False
total_incidents,firearm_nonmarried,0.8529783009202676,0.8529783009202676,strong,positive,True,False,False
victim_offender_rel_spouse,firearm_nonmarried,0.849240185567355,0.849240185567355,strong,positive,False,False,False
victims_age_40_49,firearm_nonmarried,0.8480973902041905,0.8480973902041905,strong,positive,False,False,False
victims_age_30_39,firearm_nonmarried,0.8457313872672843,0.8457313872672843,strong,positive,False,False,False
hispanic_victims,victims_age_50_59,0.8454719204252967,0.8454719204252967,strong,positive,False,False,False
sex_assaults,near_school,0.8401010580669408,0.8401010580669408,strong,positive,False,False,False
victims_age_50_59,firearm_nonmarried,0.8400957573935653,0.8400957573935653,strong,positive,False,False,False
hispanic_victims,sex_assaults,0.8371368848934927,0.8371368848934927,strong,positive,False,False,False
hispanic_victims,victims_age_60_69,0.833337317768029,0.833337317768029,strong,positive,False,False,False
black_victims,victims_age_70_79,0.8333297306052583,0.8333297306052583,strong,positive,False,False,False
black_victims,victim_offender_rel_spouse,0.8322087121023312,0.8322087121023312,strong,positive,False,False,False
black_victims,firearm_nonmarried,0.832156782900554,0.832156782900554,strong,positive,False,False,False
black_victims,near_school,0.8294079190099294,0.8294079190099294,strong,positive,False,False,False
victims_age_70_79,involving_firearm,0.8268233957934227,0.8268233957934227,strong,positive,False,False,False
involving_firearm,near_school,0.8254741604662843,0.8254741604662843,strong,positive,False,False,False
hispanic_victims,victims_age_70_79,0.8225528098454935,0.8225528098454935,strong,positive,False,False,False
asian_pop,other_race_pop,0.8200038835728293,0.8200038835728293,strong,positive,False,False,False
involving_firearm,sex_assaults,0.8193219082790542,0.8193219082790542,strong,positive,False,False,False
%_fem_age_30-39,fem_age_60-69,-0.8187625909370203,0.8187625909370203,strong,negative,False,False,False
white_victims,firearm_nonmarried,0.8173475818163504,0.8173475818163504,strong,positive,False,False,False
asian_victims,victims_age_80_plus,0.8154417138114892,0.8154417138114892,strong,positive,False,False,False
%_fem_age_18-29,fem_age_60-69,-0.8093995899755345,0.8093995899755345,strong,negative,False,False,False
nat_amer_victims,nat_amer_pop,0.8035755128546395,0.8035755128546395,strong,positive,False,True,False
victims_age_60_69,firearm_nonmarried,0.8017785386205066,0.8017785386205066,strong,positive,False,False,False
asian_victims,victims_age_70_79,0.7882568098356748,0.7882568098356748,strong,positive,False,False,False
%_fem_age_18-29,fem_age_70-79,-0.7860255040566715,0.7860255040566715,strong,negative,False,False,False
mhhi,%_at_least_bach_degree,0.7839846668982905,0.7839846668982905,strong,positive,False,False,False
white_victims,black_victims,0.7831593136413871,0.7831593136413871,strong,positive,False,False,False
victims_age_70_79,fem_pop,0.7762768501892816,0.7762768501892816,strong,positive,False,True,False
firearm_nonmarried,near_school,0.7741094076678553,0.7741094076678553,strong,positive,False,False,False
hispanic_victims,victims_age_80_plus,0.7735692026997879,0.7735692026997879,strong,positive,False,False,False
victims_age_80_plus,fem_pop,0.7723417476578508,0.7723417476578508,strong,positive,False,True,False
victims_age_60_69,fem_pop,0.7688839214117482,0.7688839214117482,strong,positive,False,True,False
sex_assaults,firearm_nonmarried,0.7655613060300341,0.7655613060300341,strong,positive,False,False,False
fem_age_70-79,fem_age_80+,0.7641632887611839,0.7641632887611839,strong,positive,False,False,False
fem_labor_force_part,avg_years_schooling,0.7630691286082874,0.7630691286082874,strong,positive,False,False,False
victims_age_70_79,firearm_nonmarried,0.7602140995010426,0.7602140995010426,strong,positive,False,False,False
black_victims,sex_assaults,0.759228715952621,0.759228715952621,strong,positive,False,False,False
victims_age_50_59,fem_pop,0.7567406526562537,0.7567406526562537,strong,positive,False,True,False
asian_victims,hispanic_victims,0.7547367323310524,0.7547367323310524,strong,positive,False,False,False
asian_victims,victims_age_60_69,0.753743524850064,0.753743524850064,strong,positive,False,False,False
victims_age_30_39,fem_pop,0.7448815070891195,0.7448815070891195,strong,positive,False,True,False
victims_age_40_49,fem_pop,0.7434196337499718,0.7434196337499718,strong,positive,False,True,False
black_victims,victims_age_80_plus,0.7415351412061296,0.7415351412061296,strong,positive,False,False,False
white_victims,fem_pop,0.7415255199261377,0.7415255199261377,strong,positive,False,True,False
total_incidents,fem_pop,0.7414459944887454,0.7414459944887454,strong,positive,False,True,False
white_victims,asian_victims,0.7399781115096906,0.7399781115096906,strong,positive,False,False,False
sex_assaults,fem_pop,0.7371271269613441,0.7371271269613441,strong,positive,False,True,False
asian_victims,fem_pop,0.7346917664607197,0.7346917664607197,strong,positive,False,True,False
victims_age_80_plus,involving_firearm,0.7319375963559481,0.7319375963559481,strong,positive,False,False,False
fem_labor_force_part,%_at_least_bach_degree,0.7310887221353963,0.7310887221353963,strong,positive,False,False,False
hispanic_victims,involving_firearm,0.7297709953331393,0.7297709953331393,strong,positive,False,False,False
asian_victims,victims_age_50_59,0.7234033132332648,0.7234033132332648,strong,positive,False,False,False
victims_age_18_29,fem_pop,0.7232997245059158,0.7232997245059158,strong,positive,False,True,False
fem_age_60-69,fem_age_70-79,0.7230339325726113,0.7230339325726113,strong,positive,False,False,False
asian_victims,sex_assaults,0.7197843060801856,0.7197843060801856,strong,positive,False,False,False
asian_victims,victims_age_40_49,0.7172916744945613,0.7172916744945613,strong,positive,False,False,False
asian_victims,victims_age_30_39,0.712551608764942,0.712551608764942,strong,positive,False,False,False
dv_total,fem_pop,0.7104412048679865,0.7104412048679865,strong,positive,False,True,False
asian_victims,victim_offender_rel_spouse,0.7085007480565126,0.7085007480565126,strong,positive,False,False,False
%_fem_age_30-39,fem_age_70-79,-0.7072366270036314,0.7072366270036314,strong,negative,False,False,False
total_incidents,asian_victims,0.7058309834632834,0.7058309834632834,strong,positive,True,False,False
victim_offender_nonmarried_partner,fem_pop,0.7046099343416805,0.7046099343416805,strong,positive,False,True,False
victim_offender_rel_spouse,fem_pop,0.7033092862020257,0.7033092862020257,strong,positive,False,True,False
asian_victims,dv_total,0.7013917032588921,0.7013917032588921,strong,positive,True,False,False
asian_victims,victim_offender_nonmarried_partner,0.6982862157673848,0.6982862157673848,moderate,positive,False,False,False
fem_poverty_rate,all_labor_force_part,-0.6955942996872607,0.6955942996872607,moderate,negative,False,False,False
hispanic_victims,firearm_nonmarried,0.6937035310289081,0.6937035310289081,moderate,positive,False,False,False
mhhi,avg_years_schooling,0.6930198602437807,0.6930198602437807,moderate,positive,False,False,False
%_at_least_bach_degree,gun_deaths_per_100k,-0.6929878755942285,0.6929878755942285,moderate,negative,False,False,False
hispanic_victims,fem_pop,0.6917997315638205,0.6917997315638205,moderate,positive,False,True,False
fem_poverty_rate,mhhi,-0.6917571585790354,0.6917571585790354,moderate,negative,False,False,False
all_labor_force_part,mhhi,0.6914791380883619,0.6914791380883619,moderate,positive,False,False,False
male_poverty_rate,all_labor_force_part,-0.6875799480005574,0.6875799480005574,moderate,negative,False,False,False
near_school,fem_pop,0.6863940768938668,0.6863940768938668,moderate,positive,False,True,False
fem_labor_force_part,mhhi,0.68314942927802,0.68314942927802,moderate,positive,False,False,False
all_labor_force_part,avg_years_schooling,0.6810373065383628,0.6810373065383628,moderate,positive,False,False,False
%_fem_age_18-29,%_fem_age_30-39,0.6794802956500963,0.6794802956500963,moderate,positive,False,False,False
all_labor_force_part,%_at_least_bach_degree,0.6788134991476223,0.6788134991476223,moderate,positive,False,False,False
asian_victims,victims_age_18_29,0.67563869288376,0.67563869288376,moderate,positive,False,False,False
%_fem_age_40-49,fem_age_60-69,-0.6625340094967198,0.6625340094967198,moderate,negative,False,False,False
fem_age_80+,age_coef_variation,0.658064345621349,0.658064345621349,moderate,positive,False,False,False
white_pop,hispanic_pop,-0.6561258893053742,0.6561258893053742,moderate,negative,False,False,False
victims_age_80_plus,firearm_nonmarried,0.6561155278806046,0.6561155278806046,moderate,positive,False,False,False
fem_poverty_rate,%_at_least_high_school,-0.6551274084186905,0.6551274084186905,moderate,negative,False,False,False
male_poverty_rate,%_at_least_high_school,-0.6526021843780928,0.6526021843780928,moderate,negative,False,False,False
male_poverty_rate,mhhi,-0.6501752346414252,0.6501752346414252,moderate,negative,False,False,False
fem_poverty_rate,fem_labor_force_part,-0.6496197990769169,0.6496197990769169,moderate,negative,False,False,False
asian_victims,near_school,0.6417587174185444,0.6417587174185444,moderate,positive,False,False,False
mhhi,gun_deaths_per_100k,-0.6390132341275163,0.6390132341275163,moderate,negative,False,False,False
black_adj_rate,hispanic_adj_rate,0.6369408729098553,0.6369408729098553,moderate,positive,False,False,False
male_poverty_rate,fem_labor_force_part,-0.6366844443908054,0.6366844443908054,moderate,negative,False,False,False
%_at_least_high_school,avg_years_schooling,0.6328530915594298,0.6328530915594298,moderate,positive,False,False,False
%_fem_age_18-29,fem_age_80+,-0.6325956665916622,0.6325956665916622,moderate,negative,False,False,False
black_adj_rate,asian_adj_rate,0.6313067580164091,0.6313067580164091,moderate,positive,False,False,False
male_poverty_rate,gun_deaths_per_100k,0.6283714075332408,0.6283714075332408,moderate,positive,False,False,False
%_fem_age_30-39,fem_age_80+,-0.6276231660870548,0.6276231660870548,moderate,negative,False,False,False
white_pop,asian_pop,-0.6226374339863253,0.6226374339863253,moderate,negative,False,False,False
fem_poverty_rate,gun_deaths_per_100k,0.6207365955144819,0.6207365955144819,moderate,positive,False,False,False
%_fem_age_40-49,fem_age_80+,-0.6185500365985067,0.6185500365985067,moderate,negative,False,False,False
black_victims,hispanic_victims,0.6181217714069613,0.6181217714069613,moderate,positive,False,False,False
asian_victims,other_race_victims,0.6155362547692451,0.6155362547692451,moderate,positive,False,False,False
black_victims,fem_pop,0.6013411221933462,0.6013411221933462,moderate,positive,False,True,False
%_fem_age_18-29,fem_age_50-59,-0.5989007950764709,0.5989007950764709,moderate,negative,False,False,False
hispanic_pop,diversity_index,0.5977566391060467,0.5977566391060467,moderate,positive,False,False,False
hispanic_victims,hispanic_pop,0.5935610398088428,0.5935610398088428,moderate,positive,False,True,False
fem_age_60-69,fem_age_80+,0.5813495003916436,0.5813495003916436,moderate,positive,False,False,False
%_fem_age_30-39,fem_age_50-59,-0.5791525415240424,0.5791525415240424,moderate,negative,False,False,False
fem_labor_force_part,%_at_least_high_school,0.5776854948528186,0.5776854948528186,moderate,positive,False,False,False
fem_age_50-59,asian_adj_rate,-0.5722269710891574,0.5722269710891574,moderate,negative,False,False,False
age_coef_variation,gun_deaths_per_100k,-0.5651552210879448,0.5651552210879448,moderate,negative,False,False,False
hispanic_pop,white_adj_rate,0.5640915464867907,0.5640915464867907,moderate,positive,True,False,False
diversity_index,%_at_least_high_school,-0.5599767181756246,0.5599767181756246,moderate,negative,False,False,False
avg_years_schooling,gun_deaths_per_100k,-0.559461534559337,0.559461534559337,moderate,negative,False,False,False
nat_amer_adj_rate,asian_adj_rate,0.5591811789569474,0.5591811789569474,moderate,positive,False,False,False
white_pop,%_at_least_high_school,0.5575572485465076,0.5575572485465076,moderate,positive,False,True,False
unemployment_rate,%_at_least_high_school,-0.5574274316716138,0.5574274316716138,moderate,negative,False,False,False
fem_pop,%_at_least_high_school,-0.5573473528428292,0.5573473528428292,moderate,negative,False,True,False
involving_firearm,fem_pop,0.5557648195205496,0.5557648195205496,moderate,positive,False,True,False
white_adj_rate,hispanic_adj_rate,0.5520611960471026,0.5520611960471026,moderate,positive,False,False,False
nat_amer_victims,on_tribal_lands,0.547488396813963,0.547488396813963,moderate,positive,False,False,False
hispanic_pop,%_at_least_high_school,-0.5470069379499714,0.5470069379499714,moderate,negative,False,True,False
%_fem_age_30-39,all_labor_force_part,0.5448636675692302,0.5448636675692302,moderate,positive,False,False,False
fem_poverty_rate,avg_years_schooling,-0.5405632830770508,0.5405632830770508,moderate,negative,False,False,False
fem_age_70-79,all_labor_force_part,-0.5372388372446105,0.5372388372446105,moderate,negative,False,False,False
%_fem_age_40-49,fem_age_70-79,-0.5364835138383831,0.5364835138383831,moderate,negative,False,False,False
diversity_index,unemployment_rate,0.5345668514163741,0.5345668514163741,moderate,positive,False,False,False
fem_pop,hispanic_pop,0.532289832146921,0.532289832146921,moderate,positive,False,False,False
victims_age_70_79,%_at_least_high_school,-0.5311281111374792,0.5311281111374792,moderate,negative,False,False,False
victims_age_60_69,%_at_least_high_school,-0.5213819090585917,0.5213819090585917,moderate,negative,False,False,False
white_adj_rate,black_adj_rate,0.5209691698113852,0.5209691698113852,moderate,positive,False,False,False
all_labor_force_part,%_at_least_high_school,0.5195118746624179,0.5195118746624179,moderate,positive,False,False,False
fem_labor_force_part,gun_deaths_per_100k,-0.517888196849313,0.517888196849313,moderate,negative,False,False,False
victims_age_50_59,%_at_least_high_school,-0.5174141601855631,0.5174141601855631,moderate,negative,False,False,False
white_pop,unemployment_rate,-0.516196577927457,0.516196577927457,moderate,negative,True,False,False
asian_pop,diversity_index,0.5116755092999858,0.5116755092999858,moderate,positive,False,False,False
diversity_index,fem_age_60-69,-0.510130216821865,0.510130216821865,moderate,negative,False,False,False
asian_adj_rate,hispanic_adj_rate,0.5080762895906478,0.5080762895906478,moderate,positive,False,False,False
victims_age_40_49,%_at_least_high_school,-0.5075295916758644,0.5075295916758644,moderate,negative,False,False,False
labor_force_ratio,avg_years_schooling,0.5055526538924734,0.5055526538924734,moderate,positive,False,False,False
victim_offender_nonmarried_partner,%_at_least_high_school,-0.5032307227127801,0.5032307227127801,moderate,negative,False,False,False
dv_total,%_at_least_high_school,-0.5023256373832676,0.5023256373832676,moderate,negative,False,False,False
total_incidents,%_at_least_high_school,-0.5003372566591592,0.5003372566591592,moderate,negative,False,False,False
male_poverty_rate,avg_years_schooling,-0.5003121213100181,0.5003121213100181,moderate,negative,False,False,False
%_fem_age_30-39,fem_labor_force_part,0.5002571566091651,0.5002571566091651,moderate,positive,False,False,False
fem_age_50-59,fem_age_60-69,0.49970126497469275,0.49970126497469275,moderate,positive,False,False,False
asian_victims,hispanic_pop,0.4990766708450592,0.4990766708450592,moderate,positive,False,True,False
victims_age_30_39,%_at_least_high_school,-0.498050253138898,0.498050253138898,moderate,negative,False,False,False
all_labor_force_part,gun_deaths_per_100k,-0.49739528284402745,0.49739528284402745,moderate,negative,False,False,False
white_pop,fem_age_60-69,0.49572922293379973,0.49572922293379973,moderate,positive,False,False,False
victim_offender_rel_spouse,%_at_least_high_school,-0.49439300907043315,0.49439300907043315,moderate,negative,False,False,False
%_fem_age_40-49,labor_force_ratio,-0.49431820499669743,0.49431820499669743,moderate,negative,False,False,False
white_victims,%_at_least_high_school,-0.4926620307215528,0.4926620307215528,moderate,negative,False,False,False
%_fem_age_30-39,%_at_least_bach_degree,0.4920179004114123,0.4920179004114123,moderate,positive,False,False,False
fem_poverty_rate,%_at_least_bach_degree,-0.4916343072872637,0.4916343072872637,moderate,negative,False,False,False
fem_age_50-59,nat_amer_adj_rate,-0.48944994204114767,0.48944994204114767,moderate,negative,False,False,False
black_pop,diversity_index,0.4886711013263606,0.4886711013263606,moderate,positive,False,False,False
firearm_nonmarried,fem_pop,0.4878272209493711,0.4878272209493711,moderate,positive,False,True,False
victims_age_18_29,%_at_least_high_school,-0.48729673486361186,0.48729673486361186,moderate,negative,False,False,False
all_labor_force_part,nat_amer_adj_rate,0.4843258081907094,0.4843258081907094,moderate,positive,False,False,False
victims_age_80_plus,%_at_least_high_school,-0.48392057571407876,0.48392057571407876,moderate,negative,False,False,False
asian_pop,mhhi,0.48161474966483014,0.48161474966483014,moderate,positive,False,False,False
asian_pop,gun_deaths_per_100k,-0.48009774780433684,0.48009774780433684,moderate,negative,False,False,False
white_victims,hispanic_pop,0.47827377824427936,0.47827377824427936,moderate,positive,False,True,False
%_fem_age_18-29,all_labor_force_part,0.4750714915832588,0.4750714915832588,moderate,positive,False,False,False
hispanic_victims,%_at_least_high_school,-0.4703017691133361,0.4703017691133361,moderate,negative,False,False,False
black_pop,fem_poverty_rate,0.46301336876624,0.46301336876624,moderate,positive,True,False,False
black_victims,black_pop,0.45844392580891197,0.45844392580891197,moderate,positive,False,True,False
victims_age_80_plus,hispanic_pop,0.4569782492109298,0.4569782492109298,moderate,positive,False,True,False
%_fem_age_18-29,%_fem_age_40-49,0.4545465646416347,0.4545465646416347,moderate,positive,False,False,False
black_victims,asian_victims,0.4544642722694331,0.4544642722694331,moderate,positive,False,False,False
nat_amer_victims,nat_amer_adj_rate,0.4541393870228506,0.4541393870228506,moderate,positive,False,False,False
fem_labor_force_part,nat_amer_adj_rate,0.4533486395382475,0.4533486395382475,moderate,positive,False,False,False
asian_victims,%_at_least_high_school,-0.45234950076976915,0.45234950076976915,moderate,negative,False,False,False
black_pop,male_poverty_rate,0.4517759066504915,0.4517759066504915,moderate,positive,True,False,False
nat_amer_pop,nat_amer_adj_rate,0.44995859041523534,0.44995859041523534,moderate,positive,True,False,False
%_fem_age_18-29,asian_adj_rate,0.4496895672577845,0.4496895672577845,moderate,positive,False,False,False
victims_age_70_79,hispanic_pop,0.4495284087479608,0.4495284087479608,moderate,positive,False,True,False
male_poverty_rate,%_at_least_bach_degree,-0.44682535005331797,0.44682535005331797,moderate,negative,False,False,False
%_fem_age_30-39,mhhi,0.4446401816801314,0.4446401816801314,moderate,positive,False,False,False
diversity_index,%_fem_age_30-39,0.44433594390334186,0.44433594390334186,moderate,positive,False,False,False
%_at_least_high_school,nat_amer_adj_rate,0.4400697457743765,0.4400697457743765,moderate,positive,False,False,False
white_pop,%_fem_age_30-39,-0.43716629706999904,0.43716629706999904,moderate,negative,False,False,False
asian_victims,involving_firearm,0.4364450013902318,0.4364450013902318,moderate,positive,False,False,False
victim_offender_rel_spouse,hispanic_pop,0.43634506027402503,0.43634506027402503,moderate,positive,False,True,False
fem_pop,diversity_index,0.43610376004498763,0.43610376004498763,moderate,positive,False,False,False
asian_victims,white_pop,-0.4309102167552943,0.4309102167552943,moderate,negative,False,True,False
sex_assaults,%_at_least_high_school,-0.4297345645542536,0.4297345645542536,moderate,negative,False,False,False
sex_assaults,labor_force_ratio,-0.42887862456621006,0.42887862456621006,moderate,negative,False,False,False
sex_assaults,hispanic_pop,0.4284376484285393,0.4284376484285393,moderate,positive,False,True,False
black_victims,%_at_least_high_school,-0.4282622263620276,0.4282622263620276,moderate,negative,False,False,False
victim_offender_rel_spouse,%_fem_age_40-49,0.4269519428754526,0.4269519428754526,moderate,positive,False,False,False
fem_age_70-79,fem_labor_force_part,-0.4260895666363519,0.4260895666363519,moderate,negative,False,False,False
involving_firearm,%_at_least_high_school,-0.42574605850339375,0.42574605850339375,moderate,negative,False,False,False
fem_pop,white_pop,-0.4255106489142759,0.4255106489142759,moderate,negative,False,False,False
near_school,%_at_least_high_school,-0.42497529847106247,0.42497529847106247,moderate,negative,False,False,False
sex_assaults,%_fem_age_40-49,0.4247741385372648,0.4247741385372648,moderate,positive,False,False,False
white_pop,black_pop,-0.4223538385304993,0.4223538385304993,moderate,negative,False,False,False
victims_age_60_69,hispanic_pop,0.4219035319698985,0.4219035319698985,moderate,positive,False,True,False
fem_age_60-69,all_labor_force_part,-0.41908087838419567,0.41908087838419567,moderate,negative,False,False,False
diversity_index,%_fem_age_40-49,0.4181439561561823,0.4181439561561823,moderate,positive,False,False,False
victims_age_70_79,diversity_index,0.4154578690606203,0.4154578690606203,moderate,positive,False,False,False
white_victims,white_adj_rate,0.415380066541492,0.415380066541492,moderate,positive,False,False,False
victims_age_40_49,hispanic_pop,0.41493500646443177,0.41493500646443177,moderate,positive,False,True,False
victims_age_80_plus,diversity_index,0.41400593023259147,0.41400593023259147,moderate,positive,False,False,False
victims_age_50_59,hispanic_pop,0.41215953831436464,0.41215953831436464,moderate,positive,False,True,False
%_fem_age_30-39,avg_years_schooling,0.41129195645104466,0.41129195645104466,moderate,positive,False,False,False
hispanic_victims,white_adj_rate,0.4102224530581001,0.4102224530581001,moderate,positive,False,False,False
%_fem_age_30-39,%_fem_age_40-49,0.40863145766667813,0.40863145766667813,moderate,positive,False,False,False
fem_labor_force_part,labor_force_ratio,0.40795180992566404,0.40795180992566404,moderate,positive,False,False,False
victim_offender_rel_spouse,white_adj_rate,0.4078490777192025,0.4078490777192025,moderate,positive,False,False,False
dv_total,hispanic_pop,0.40752098086093497,0.40752098086093497,moderate,positive,False,True,False
victims_age_30_39,hispanic_pop,0.40733902006922845,0.40733902006922845,moderate,positive,False,True,False
white_victims,labor_force_ratio,-0.4050811015575455,0.4050811015575455,moderate,negative,False,False,False
male_poverty_rate,unemployment_rate,0.4039822557648046,0.4039822557648046,moderate,positive,False,False,False
total_incidents,hispanic_pop,0.4039187679656179,0.4039187679656179,moderate,positive,False,True,False
firearm_nonmarried,%_at_least_high_school,-0.4037468849694879,0.4037468849694879,moderate,negative,False,False,False
victims_age_60_69,diversity_index,0.40311104633810013,0.40311104633810013,moderate,positive,False,False,False
victim_offender_rel_spouse,labor_force_ratio,-0.40207301716299654,0.40207301716299654,moderate,negative,False,False,False
sex_assaults,fem_age_70-79,-0.40177879074095496,0.40177879074095496,moderate,negative,False,False,False
other_race_victims,victims_age_60_69,0.40163311394676715,0.40163311394676715,moderate,positive,False,False,False
victims_age_70_79,white_pop,-0.40046719373154305,0.40046719373154305,moderate,negative,False,True,False
other_race_victims,fem_pop,0.4002169692998671,0.4002169692998671,moderate,positive,False,True,False
white_victims,%_fem_age_40-49,0.4000037119607714,0.4000037119607714,moderate,positive,False,False,False
hispanic_pop,labor_force_ratio,-0.3995912128465807,0.3995912128465807,weak,negative,False,False,False
unemployment_rate,nat_amer_adj_rate,-0.39901118382036344,0.39901118382036344,weak,negative,False,False,False
hispanic_victims,white_pop,-0.3980405940869258,0.3980405940869258,weak,negative,False,True,False
asian_victims,asian_pop,0.39791871854151223,0.39791871854151223,weak,positive,False,True,False
other_race_victims,victims_age_80_plus,0.3963224826394045,0.3963224826394045,weak,positive,False,False,False
white_pop,other_race_pop,-0.39627607452630975,0.39627607452630975,weak,negative,False,False,False
victims_age_40_49,%_fem_age_40-49,0.3937131805289956,0.3937131805289956,weak,positive,False,False,False
other_race_victims,victims_age_70_79,0.39265818511982403,0.39265818511982403,weak,positive,False,False,False
hispanic_pop,fem_age_60-69,-0.39226423705917995,0.39226423705917995,weak,negative,False,False,False
victim_offender_nonmarried_partner,hispanic_pop,0.3922517971751415,0.3922517971751415,weak,positive,False,True,False
victims_age_50_59,diversity_index,0.3917674354045273,0.3917674354045273,weak,positive,False,False,False
victims_age_80_plus,white_pop,-0.39051663293453287,0.39051663293453287,weak,negative,False,True,False
hispanic_victims,%_fem_age_40-49,0.3898305603181868,0.3898305603181868,weak,positive,False,False,False
victim_offender_nonmarried_partner,white_adj_rate,0.38947353833183956,0.38947353833183956,weak,positive,False,False,False
asian_victims,diversity_index,0.3888505582000777,0.3888505582000777,weak,positive,False,False,False
white_adj_rate,asian_adj_rate,0.38846699944642865,0.38846699944642865,weak,positive,False,False,False
black_pop,nat_amer_adj_rate,-0.3884244517939156,0.3884244517939156,weak,negative,True,False,False
dv_total,white_adj_rate,0.38835701421409974,0.38835701421409974,weak,positive,False,False,False
labor_force_ratio,%_at_least_bach_degree,0.38703220921459375,0.38703220921459375,weak,positive,False,False,False
victims_age_18_29,hispanic_pop,0.38663587075865347,0.38663587075865347,weak,positive,False,True,False
labor_force_ratio,%_at_least_high_school,0.38609161410795123,0.38609161410795123,weak,positive,False,False,False
dv_total,%_fem_age_40-49,0.3859163238241445,0.3859163238241445,weak,positive,False,False,False
total_incidents,%_fem_age_40-49,0.3855121941506681,0.3855121941506681,weak,positive,False,False,False
victims_age_18_29,%_fem_age_40-49,0.385471150879196,0.385471150879196,weak,positive,False,False,False
near_school,hispanic_pop,0.3847624723735613,0.3847624723735613,weak,positive,False,True,False
%_at_least_high_school,white_adj_rate,-0.38431912424417186,0.38431912424417186,weak,negative,False,False,False
involving_firearm,white_adj_rate,0.38319399041919977,0.38319399041919977,weak,positive,False,False,False
near_school,%_fem_age_40-49,0.3828387915931162,0.3828387915931162,weak,positive,False,False,False
victims_age_30_39,%_fem_age_40-49,0.38174006905239366,0.38174006905239366,weak,positive,False,False,False
victim_offender_nonmarried_partner,%_fem_age_40-49,0.3815414528160503,0.3815414528160503,weak,positive,False,False,False
victims_age_60_69,white_pop,-0.38142372928732404,0.38142372928732404,weak,negative,False,True,False
data_year,fem_age_50-59,-0.38136126422347083,0.38136126422347083,weak,negative,False,False,False
victims_age_70_79,%_fem_age_40-49,0.3812404788001233,0.3812404788001233,weak,positive,False,False,False
other_race_victims,victims_age_50_59,0.3800418433844416,0.3800418433844416,weak,positive,False,False,False
victims_age_40_49,white_adj_rate,0.37817103624750115,0.37817103624750115,weak,positive,False,False,False
victims_age_50_59,%_fem_age_40-49,0.37651786537375,0.37651786537375,weak,positive,False,False,False
other_race_victims,dv_total,0.37458842928014935,0.37458842928014935,weak,positive,True,False,False
victims_age_70_79,labor_force_ratio,-0.3745438873897281,0.3745438873897281,weak,negative,False,False,False
black_pop,%_at_least_high_school,-0.3744563864151742,0.3744563864151742,weak,negative,False,True,False
%_fem_age_18-29,fem_labor_force_part,0.3738118063754441,0.3738118063754441,weak,positive,False,False,False
firearm_nonmarried,white_adj_rate,0.372965616353424,0.372965616353424,weak,positive,False,False,False
asian_victims,firearm_nonmarried,0.37239466506139046,0.37239466506139046,weak,positive,False,False,False
victims_age_30_39,diversity_index,0.37223290771084666,0.37223290771084666,weak,positive,False,False,False
total_incidents,diversity_index,0.3713728934872789,0.3713728934872789,weak,positive,False,False,False
victims_age_40_49,diversity_index,0.37136705176953405,0.37136705176953405,weak,positive,False,False,False
victims_age_80_plus,%_fem_age_40-49,0.37127694688962415,0.37127694688962415,weak,positive,False,False,False
black_victims,diversity_index,0.3712621002964285,0.3712621002964285,weak,positive,False,False,False
involving_firearm,labor_force_ratio,-0.3710975810870224,0.3710975810870224,weak,negative,False,False,False
other_race_victims,victims_age_30_39,0.3710174371428259,0.3710174371428259,weak,positive,False,False,False
victims_age_60_69,%_fem_age_40-49,0.3706784383379313,0.3706784383379313,weak,positive,False,False,False
victims_age_70_79,white_adj_rate,0.37055327665498755,0.37055327665498755,weak,positive,False,False,False
victims_age_50_59,labor_force_ratio,-0.3697265177908811,0.3697265177908811,weak,negative,False,False,False
data_year,unemployment_rate,-0.3692434610914462,0.3692434610914462,weak,negative,False,False,False
victims_age_50_59,white_pop,-0.3686972329504813,0.3686972329504813,weak,negative,False,True,False
victims_age_50_59,white_adj_rate,0.36843101961069746,0.36843101961069746,weak,positive,False,False,False
total_incidents,white_adj_rate,0.3681327128725214,0.3681327128725214,weak,positive,False,False,False
victims_age_30_39,white_adj_rate,0.3672385096650548,0.3672385096650548,weak,positive,False,False,False
victims_age_40_49,labor_force_ratio,-0.3663578513180081,0.3663578513180081,weak,negative,False,False,False
fem_age_80+,labor_force_ratio,0.36603816202238876,0.36603816202238876,weak,positive,False,False,False
dv_total,labor_force_ratio,-0.36535937191826573,0.36535937191826573,weak,negative,False,False,False
hispanic_pop,unemployment_rate,0.36505273551464595,0.36505273551464595,weak,positive,True,False,False
victims_age_60_69,white_adj_rate,0.36375608978776314,0.36375608978776314,weak,positive,False,False,False
white_pop,%_fem_age_40-49,-0.36332175046090487,0.36332175046090487,weak,negative,False,False,False
sex_assaults,fem_age_60-69,-0.36294756838972747,0.36294756838972747,weak,negative,False,False,False
victims_age_18_29,white_adj_rate,0.36202959041479693,0.36202959041479693,weak,positive,False,False,False
victim_offender_nonmarried_partner,labor_force_ratio,-0.361834636378646,0.361834636378646,weak,negative,False,False,False
total_incidents,other_race_victims,0.3614249071803776,0.3614249071803776,weak,positive,True,False,False
nat_amer_adj_rate,hispanic_adj_rate,0.3610755096789715,0.3610755096789715,weak,positive,False,False,False
total_incidents,labor_force_ratio,-0.35945069065264107,0.35945069065264107,weak,negative,False,False,False
other_race_victims,victims_age_40_49,0.35923376550577824,0.35923376550577824,weak,positive,False,False,False
dv_total,diversity_index,0.35865385103430725,0.35865385103430725,weak,positive,False,False,False
victims_age_18_29,diversity_index,0.35701220177180787,0.35701220177180787,weak,positive,False,False,False
victims_age_40_49,white_pop,-0.35700802401295484,0.35700802401295484,weak,negative,False,True,False
victims_age_18_29,labor_force_ratio,-0.35664114455434653,0.35664114455434653,weak,negative,False,False,False
victims_age_60_69,labor_force_ratio,-0.3561371250838731,0.3561371250838731,weak,negative,False,False,False
victims_age_80_plus,labor_force_ratio,-0.3553774886026643,0.3553774886026643,weak,negative,False,False,False
%_fem_age_40-49,%_at_least_high_school,-0.35525867304002917,0.35525867304002917,weak,negative,False,False,False
victims_age_30_39,white_pop,-0.3545556020508277,0.3545556020508277,weak,negative,False,True,False
fem_poverty_rate,unemployment_rate,0.35402334370225924,0.35402334370225924,weak,positive,False,False,False
fem_age_60-69,%_at_least_bach_degree,-0.35325709930455196,0.35325709930455196,weak,negative,False,False,False
white_pop,white_adj_rate,-0.35308974290530326,0.35308974290530326,weak,negative,True,False,False
total_incidents,white_pop,-0.35283315086536227,0.35283315086536227,weak,negative,False,True,False
other_race_victims,sex_assaults,0.3521115588247795,0.3521115588247795,weak,positive,False,False,False
black_pop,gun_deaths_per_100k,0.35166184332034245,0.35166184332034245,weak,positive,False,False,False
victims_age_30_39,labor_force_ratio,-0.3515219873015999,0.3515219873015999,weak,negative,False,False,False
victim_offender_nonmarried_partner,diversity_index,0.3509805254149544,0.3509805254149544,weak,positive,False,False,False
%_at_least_bach_degree,%_at_least_high_school,0.3505871819290391,0.3505871819290391,weak,positive,False,False,False
all_labor_force_part,hispanic_adj_rate,0.3505500680608168,0.3505500680608168,weak,positive,False,False,False
black_adj_rate,nat_amer_adj_rate,0.3494568395821355,0.3494568395821355,weak,positive,False,False,False
near_school,white_pop,-0.34876293645714923,0.34876293645714923,weak,negative,False,True,False
near_school,diversity_index,0.3477362884798108,0.3477362884798108,weak,positive,False,False,False
%_fem_age_30-39,age_coef_variation,-0.34706426054837447,0.34706426054837447,weak,negative,False,False,False
victim_offender_rel_spouse,white_pop,-0.3470555245788711,0.3470555245788711,weak,negative,False,True,False
white_pop,poverty_gender_disparity_score,0.3462223863220449,0.3462223863220449,weak,positive,False,False,False
victim_offender_rel_spouse,diversity_index,0.3454881676716114,0.3454881676716114,weak,positive,False,False,False
nat_amer_victims,fem_age_50-59,-0.3447402584797397,0.3447402584797397,weak,negative,False,False,False
sex_assaults,fem_age_80+,-0.34333086827319215,0.34333086827319215,weak,negative,False,False,False
fem_age_50-59,fem_labor_force_part,-0.3419418101755043,0.3419418101755043,weak,negative,False,False,False
dv_total,white_pop,-0.34176997853147845,0.34176997853147845,weak,negative,False,True,False
other_race_victims,victims_age_18_29,0.34170098193478843,0.34170098193478843,weak,positive,False,False,False
firearm_nonmarried,labor_force_ratio,-0.3416318925412614,0.3416318925412614,weak,negative,False,False,False
fem_age_50-59,all_labor_force_part,-0.34148186658590457,0.34148186658590457,weak,negative,False,False,False
fem_pop,labor_force_ratio,-0.3393195227602402,0.3393195227602402,weak,negative,False,False,False
hispanic_victims,diversity_index,0.33903317415353823,0.33903317415353823,weak,positive,False,False,False
fem_pop,asian_adj_rate,-0.33862291874069606,0.33862291874069606,weak,negative,True,False,False
asian_victims,%_fem_age_40-49,0.33768459799692885,0.33768459799692885,weak,positive,False,False,False
fem_labor_force_part,hispanic_adj_rate,0.3375594905518305,0.3375594905518305,weak,positive,False,False,False
victims_age_18_29,white_pop,-0.3374753823947516,0.3374753823947516,weak,negative,False,True,False
nat_amer_pop,fem_age_50-59,-0.3374544942881383,0.3374544942881383,weak,negative,False,False,False
involving_firearm,%_fem_age_40-49,0.336817209317592,0.336817209317592,weak,positive,False,False,False
diversity_index,fem_age_70-79,-0.33617759034758116,0.33617759034758116,weak,negative,False,False,False
fem_age_80+,gun_deaths_per_100k,-0.33592035833497924,0.33592035833497924,weak,negative,False,False,False
fem_age_60-69,mhhi,-0.3356016944882028,0.3356016944882028,weak,negative,False,False,False
data_year,mhhi,0.333713697820871,0.333713697820871,weak,positive,False,False,False
victim_offender_nonmarried_partner,white_pop,-0.3324677084837974,0.3324677084837974,weak,negative,False,True,False
other_race_victims,victim_offender_nonmarried_partner,0.330472321852445,0.330472321852445,weak,positive,False,False,False
victims_age_80_plus,white_adj_rate,0.33034144646349634,0.33034144646349634,weak,positive,False,False,False
nat_amer_pop,gun_deaths_per_100k,0.3297910180490348,0.3297910180490348,weak,positive,False,False,False
%_fem_age_30-39,asian_adj_rate,0.32887482046803806,0.32887482046803806,weak,positive,False,False,False
sex_assaults,white_adj_rate,0.32885482844446046,0.32885482844446046,weak,positive,False,False,False
other_race_victims,asian_pop,0.3288101214062456,0.3288101214062456,weak,positive,False,True,False
near_school,white_adj_rate,0.3286074844635544,0.3286074844635544,weak,positive,False,False,False
white_victims,white_pop,-0.3283893899628106,0.3283893899628106,weak,negative,False,True,False
hispanic_pop,%_fem_age_40-49,0.3276518114144038,0.3276518114144038,weak,positive,False,False,False
hispanic_victims,labor_force_ratio,-0.32754266514565405,0.32754266514565405,weak,negative,False,False,False
gun_deaths_per_100k,white_adj_rate,0.3269140762548467,0.3269140762548467,weak,positive,False,False,False
hispanic_victims,fem_age_60-69,-0.3251874394170555,0.3251874394170555,weak,negative,False,False,False
%_fem_age_18-29,nat_amer_adj_rate,0.3237327492552548,0.3237327492552548,weak,positive,False,False,False
nat_amer_victims,black_pop,-0.3230008030387862,0.3230008030387862,weak,negative,False,True,False
white_victims,diversity_index,0.3211828881401953,0.3211828881401953,weak,positive,False,False,False
involving_firearm,fem_age_80+,-0.3198141230746761,0.3198141230746761,weak,negative,False,False,False
victim_offender_rel_spouse,fem_age_60-69,-0.3183876260553896,0.3183876260553896,weak,negative,False,False,False
other_race_pop,poverty_gender_disparity_score,-0.315662565367272,0.315662565367272,weak,negative,False,False,False
nat_amer_pop,age_coef_variation,-0.3155949728692357,0.3155949728692357,weak,negative,False,False,False
other_race_victims,victim_offender_rel_spouse,0.31476166171424225,0.31476166171424225,weak,positive,False,False,False
diversity_index,mhhi,0.314239518512417,0.314239518512417,weak,positive,False,False,False
white_victims,fem_age_60-69,-0.3135878787707556,0.3135878787707556,weak,negative,False,False,False
fem_age_60-69,fem_labor_force_part,-0.31326809692643187,0.31326809692643187,weak,negative,False,False,False
victim_offender_rel_spouse,fem_age_70-79,-0.3121742453241961,0.3121742453241961,weak,negative,False,False,False
asian_victims,fem_age_60-69,-0.31211308317105696,0.31211308317105696,weak,negative,False,False,False
fem_pop,nat_amer_adj_rate,-0.30969186333741594,0.30969186333741594,weak,negative,True,False,False
victims_age_18_29,fem_age_70-79,-0.3095763113923902,0.3095763113923902,weak,negative,False,False,False
nat_amer_victims,hispanic_pop,0.3094863563132318,0.3094863563132318,weak,positive,False,True,False
hispanic_victims,other_race_victims,0.30948045736054236,0.30948045736054236,weak,positive,False,False,False
mhhi,%_at_least_high_school,0.3094130359927378,0.3094130359927378,weak,positive,False,False,False
victim_offender_rel_spouse,fem_age_80+,-0.3072823518841951,0.3072823518841951,weak,negative,False,False,False
firearm_nonmarried,fem_age_80+,-0.3070903679893704,0.3070903679893704,weak,negative,False,False,False
fem_age_60-69,asian_adj_rate,-0.30668193950691885,0.30668193950691885,weak,negative,False,False,False
black_victims,white_pop,-0.30612630841697575,0.30612630841697575,weak,negative,False,True,False
fem_age_60-69,labor_force_ratio,0.3060161313877162,0.3060161313877162,weak,positive,False,False,False
hispanic_victims,fem_age_70-79,-0.3057924690056988,0.3057924690056988,weak,negative,False,False,False
black_victims,%_fem_age_40-49,0.3048917658878791,0.3048917658878791,weak,positive,False,False,False
white_pop,mhhi,-0.3048788120737719,0.3048788120737719,weak,negative,False,False,False
firearm_nonmarried,avg_years_schooling,-0.30458953388626514,0.30458953388626514,weak,negative,False,False,False
male_poverty_rate,nat_amer_adj_rate,-0.3037001458794619,0.3037001458794619,weak,negative,False,False,False
white_victims,fem_age_70-79,-0.30317144969718407,0.30317144969718407,weak,negative,False,False,False
black_pop,unemployment_rate,0.3029010354444719,0.3029010354444719,weak,positive,True,False,False
near_school,labor_force_ratio,-0.3027596973972701,0.3027596973972701,weak,negative,False,False,False
diversity_index,poverty_gender_disparity_score,-0.30226518346394965,0.30226518346394965,weak,negative,False,False,False
victims_age_40_49,fem_age_60-69,-0.3011556686955899,0.3011556686955899,weak,negative,False,False,False
fem_poverty_rate,nat_amer_adj_rate,-0.3006027643425885,0.3006027643425885,weak,negative,False,False,False
black_pop,nat_amer_pop,-0.29991734886366284,0.29991734886366284,weak,negative,False,False,False
fem_age_50-59,black_adj_rate,-0.299075813683241,0.299075813683241,weak,negative,False,False,False
%_fem_age_18-29,hispanic_adj_rate,0.2990582391950059,0.2990582391950059,weak,positive,False,False,False
total_incidents,fem_age_60-69,-0.2990543044839489,0.2990543044839489,weak,negative,False,False,False
victims_age_18_29,fem_age_60-69,-0.2984754470481512,0.2984754470481512,weak,negative,False,False,False
sex_assaults,diversity_index,0.2982730690708582,0.2982730690708582,weak,positive,False,False,False
victims_age_30_39,fem_age_60-69,-0.2980258852981521,0.2980258852981521,weak,negative,False,False,False
victims_age_70_79,fem_age_60-69,-0.2964217323402248,0.2964217323402248,weak,negative,False,False,False
victims_age_80_plus,fem_age_60-69,-0.2955901747409508,0.2955901747409508,weak,negative,False,False,False
victim_offender_nonmarried_partner,fem_age_70-79,-0.29527529275446324,0.29527529275446324,weak,negative,False,False,False
total_incidents,fem_age_70-79,-0.29510364043780696,0.29510364043780696,weak,negative,False,False,False
victims_age_30_39,fem_age_70-79,-0.2950933767778012,0.2950933767778012,weak,negative,False,False,False
white_victims,other_race_victims,0.2947476351250483,0.2947476351250483,weak,positive,False,False,False
victims_age_50_59,fem_age_60-69,-0.2945503248589407,0.2945503248589407,weak,negative,False,False,False
firearm_nonmarried,%_fem_age_40-49,0.29424931532640375,0.29424931532640375,weak,positive,False,False,False
dv_total,fem_age_70-79,-0.2928203346113599,0.2928203346113599,weak,negative,False,False,False
avg_years_schooling,white_adj_rate,-0.2919645192835301,0.2919645192835301,weak,negative,False,False,False
age_coef_variation,poverty_gender_disparity_score,0.2919117474933235,0.2919117474933235,weak,positive,False,False,False
victim_offender_nonmarried_partner,fem_age_80+,-0.29070991958608783,0.29070991958608783,weak,negative,False,False,False
victims_age_60_69,fem_age_60-69,-0.2904331082773972,0.2904331082773972,weak,negative,False,False,False
sex_assaults,white_pop,-0.29016976217819707,0.29016976217819707,weak,negative,False,True,False
dv_total,fem_age_60-69,-0.28972123892940893,0.28972123892940893,weak,negative,False,False,False
fem_age_50-59,avg_years_schooling,-0.2890998958638155,0.2890998958638155,weak,negative,False,False,False
other_race_pop,diversity_index,0.2890998437861516,0.2890998437861516,weak,positive,False,False,False
labor_force_ratio,white_adj_rate,-0.28876053681982106,0.28876053681982106,weak,negative,False,False,False
black_victims,nat_amer_adj_rate,-0.28745219889570656,0.28745219889570656,weak,negative,False,False,False
%_fem_age_18-29,black_adj_rate,0.28620982205457296,0.28620982205457296,weak,positive,False,False,False
victims_age_40_49,fem_age_70-79,-0.28599446937095013,0.28599446937095013,weak,negative,False,False,False
%_fem_age_40-49,age_coef_variation,-0.2858823774131585,0.2858823774131585,weak,negative,False,False,False
nat_amer_victims,white_adj_rate,0.28369901698492656,0.28369901698492656,weak,positive,False,False,False
diversity_index,white_adj_rate,0.28167104886819994,0.28167104886819994,weak,positive,False,False,False
black_victims,nat_amer_pop,-0.2812584096456086,0.2812584096456086,weak,negative,False,True,False
on_tribal_lands,hispanic_pop,0.2811314004528948,0.2811314004528948,weak,positive,False,True,False
fem_pop,unemployment_rate,0.2810804318505987,0.2810804318505987,weak,positive,True,False,False
dv_total,fem_age_80+,-0.2807198320523793,0.2807198320523793,weak,negative,False,False,False
other_race_victims,gun_deaths_per_100k,-0.28071278184733894,0.28071278184733894,weak,negative,False,False,False
hispanic_pop,%_fem_age_30-39,0.28043499611394096,0.28043499611394096,weak,positive,False,False,False
involving_firearm,avg_years_schooling,-0.28018644020832395,0.28018644020832395,weak,negative,False,False,False
fem_age_50-59,hispanic_adj_rate,-0.2800205075168034,0.2800205075168034,weak,negative,False,False,False
other_race_pop,hispanic_adj_rate,-0.2799739179326014,0.2799739179326014,weak,negative,True,False,False
asian_victims,mhhi,0.27993497559934005,0.27993497559934005,weak,positive,False,False,False
fem_age_70-79,labor_force_ratio,0.27983621399546965,0.27983621399546965,weak,positive,False,False,False
victims_age_18_29,fem_age_80+,-0.27945578391145953,0.27945578391145953,weak,negative,False,False,False
victim_offender_nonmarried_partner,fem_age_60-69,-0.27927726218089993,0.27927726218089993,weak,negative,False,False,False
near_school,fem_age_60-69,-0.278750535202937,0.278750535202937,weak,negative,False,False,False
fem_pop,%_fem_age_40-49,0.27869575370386546,0.27869575370386546,weak,positive,False,False,False
victim_offender_nonmarried_partner,avg_years_schooling,-0.2782354816078753,0.2782354816078753,weak,negative,False,False,False
white_victims,fem_age_80+,-0.27712159880463416,0.27712159880463416,weak,negative,False,False,False
data_year,fem_age_70-79,0.27659756698535387,0.27659756698535387,weak,positive,False,False,False
victims_age_50_59,fem_age_70-79,-0.2751562998266985,0.2751562998266985,weak,negative,False,False,False
black_victims,other_race_victims,0.27351469587379024,0.27351469587379024,weak,positive,False,False,False
fem_age_70-79,%_at_least_bach_degree,-0.2720736958893938,0.2720736958893938,weak,negative,False,False,False
fem_age_80+,all_labor_force_part,-0.2711836612580426,0.2711836612580426,weak,negative,False,False,False
age_coef_variation,white_adj_rate,-0.2699654923399624,0.2699654923399624,weak,negative,False,False,False
dv_total,avg_years_schooling,-0.26917945258305914,0.26917945258305914,weak,negative,False,False,False
poverty_gender_disparity_score,hispanic_adj_rate,0.2676052168938511,0.2676052168938511,weak,positive,False,False,False
unemployment_rate,asian_adj_rate,-0.2671923992850215,0.2671923992850215,weak,negative,False,False,False
total_incidents,fem_age_80+,-0.2671789464780157,0.2671789464780157,weak,negative,False,False,False
victim_offender_rel_spouse,avg_years_schooling,-0.26645040782089,0.26645040782089,weak,negative,False,False,False
white_pop,nat_amer_adj_rate,0.26629635846479394,0.26629635846479394,weak,positive,True,False,False
asian_victims,fem_age_70-79,-0.2656993820702136,0.2656993820702136,weak,negative,False,False,False
involving_firearm,diversity_index,0.26520137300995167,0.26520137300995167,weak,positive,False,False,False
all_labor_force_part,asian_adj_rate,0.26498226911406775,0.26498226911406775,weak,positive,False,False,False
asian_pop,poverty_gender_disparity_score,-0.2649218493089065,0.2649218493089065,weak,negative,False,False,False
involving_firearm,hispanic_pop,0.26476006561769916,0.26476006561769916,weak,positive,False,True,False
fem_pop,fem_age_50-59,0.2643780655512767,0.2643780655512767,weak,positive,False,False,False
diversity_index,nat_amer_adj_rate,-0.263538207699132,0.263538207699132,weak,negative,False,False,False
asian_pop,fem_poverty_rate,-0.26339781950505764,0.26339781950505764,weak,negative,True,False,False
victims_age_40_49,fem_age_80+,-0.2631515245025332,0.2631515245025332,weak,negative,False,False,False
%_fem_age_18-29,labor_force_ratio,-0.26300177334169555,0.26300177334169555,weak,negative,False,False,False
fem_age_80+,asian_adj_rate,-0.2628885571867972,0.2628885571867972,weak,negative,False,False,False
all_labor_force_part,unemployment_rate,-0.2624297101402626,0.2624297101402626,weak,negative,False,False,False
black_victims,fem_age_50-59,0.2623761984733685,0.2623761984733685,weak,positive,False,False,False
victims_age_30_39,fem_age_80+,-0.26234303238583084,0.26234303238583084,weak,negative,False,False,False
nat_amer_pop,fem_age_80+,-0.2621198761737257,0.2621198761737257,weak,negative,False,False,False
victims_age_40_49,avg_years_schooling,-0.2617281927028377,0.2617281927028377,weak,negative,False,False,False
white_victims,avg_years_schooling,-0.26158580575294793,0.26158580575294793,weak,negative,False,False,False
poverty_gender_disparity_score,unemployment_rate,-0.2603289925277602,0.2603289925277602,weak,negative,False,False,False
other_race_pop,mhhi,0.25964436531890134,0.25964436531890134,weak,positive,False,False,False
firearm_nonmarried,fem_poverty_rate,0.25956306748408553,0.25956306748408553,weak,positive,False,False,False
asian_victims,labor_force_ratio,-0.25831729941761344,0.25831729941761344,weak,negative,False,False,False
fem_pop,fem_age_60-69,-0.2583117132416032,0.2583117132416032,weak,negative,False,False,False
firearm_nonmarried,black_pop,0.25806277195728866,0.25806277195728866,weak,positive,False,True,False
involving_firearm,black_pop,0.2576235960890299,0.2576235960890299,weak,positive,False,True,False
fem_age_50-59,gun_deaths_per_100k,-0.25675961427498795,0.25675961427498795,weak,negative,False,False,False
fem_age_60-69,poverty_gender_disparity_score,0.25674003630719994,0.25674003630719994,weak,positive,False,False,False
victims_age_50_59,fem_age_80+,-0.2554898646844123,0.2554898646844123,weak,negative,False,False,False
victims_age_50_59,avg_years_schooling,-0.2554587750237199,0.2554587750237199,weak,negative,False,False,False
fem_labor_force_part,unemployment_rate,-0.2554268455634988,0.2554268455634988,weak,negative,False,False,False
near_school,fem_age_70-79,-0.254970999920492,0.254970999920492,weak,negative,False,False,False
white_pop,fem_age_70-79,0.25477265430792756,0.25477265430792756,weak,positive,False,False,False
hispanic_victims,fem_age_80+,-0.25363855540132246,0.25363855540132246,weak,negative,False,False,False
total_incidents,avg_years_schooling,-0.2528580837951286,0.2528580837951286,weak,negative,False,False,False
asian_victims,gun_deaths_per_100k,-0.25205586391998186,0.25205586391998186,weak,negative,False,False,False
fem_age_60-69,%_at_least_high_school,0.2517867483046578,0.2517867483046578,weak,positive,False,False,False
%_fem_age_30-39,poverty_gender_disparity_score,-0.25129229255956964,0.25129229255956964,weak,negative,False,False,False
%_at_least_high_school,gun_deaths_per_100k,-0.25124732554234,0.25124732554234,weak,negative,False,False,False
victims_age_18_29,avg_years_schooling,-0.2511582585279901,0.2511582585279901,weak,negative,False,False,False
fem_age_50-59,unemployment_rate,0.25112182025851065,0.25112182025851065,weak,positive,False,False,False
white_pop,male_poverty_rate,-0.2510960277024175,0.2510960277024175,weak,negative,True,False,False
%_fem_age_30-39,unemployment_rate,0.25041265567411974,0.25041265567411974,weak,positive,False,False,False
involving_firearm,white_pop,-0.25031133720652526,0.25031133720652526,weak,negative,False,True,False
diversity_index,fem_age_80+,-0.24925431497244574,0.24925431497244574,weak,negative,False,False,False
asian_victims,white_adj_rate,0.2490883354628601,0.2490883354628601,weak,positive,False,False,False
victims_age_30_39,avg_years_schooling,-0.24903640887725212,0.24903640887725212,weak,negative,False,False,False
fem_pop,nat_amer_pop,-0.24891628939994914,0.24891628939994914,weak,negative,False,False,False
male_poverty_rate,white_adj_rate,0.2479574443984521,0.2479574443984521,weak,positive,False,False,False
age_coef_variation,asian_adj_rate,-0.24770506122114958,0.24770506122114958,weak,negative,False,False,False
asian_victims,%_fem_age_30-39,0.24729841655537227,0.24729841655537227,weak,positive,False,False,False
involving_firearm,fem_age_70-79,-0.24713772828725308,0.24713772828725308,weak,negative,False,False,False
victims_age_80_plus,fem_age_70-79,-0.2471272636480131,0.2471272636480131,weak,negative,False,False,False
victims_age_60_69,avg_years_schooling,-0.2470124384719188,0.2470124384719188,weak,negative,False,False,False
victims_age_60_69,fem_age_70-79,-0.2465961326731711,0.2465961326731711,weak,negative,False,False,False
fem_age_70-79,mhhi,-0.24644221615789158,0.24644221615789158,weak,negative,False,False,False
fem_age_50-59,%_at_least_high_school,-0.2462108466224968,0.2462108466224968,weak,negative,False,False,False
fem_age_80+,white_adj_rate,-0.2460888811564606,0.2460888811564606,weak,negative,False,False,False
fem_pop,asian_pop,0.24580893815237329,0.24580893815237329,weak,positive,False,False,False
firearm_nonmarried,male_poverty_rate,0.24551304253851297,0.24551304253851297,weak,positive,False,False,False
other_race_victims,diversity_index,0.24503003405706697,0.24503003405706697,weak,positive,False,False,False
victims_age_60_69,nat_amer_adj_rate,-0.24470619227889712,0.24470619227889712,weak,negative,False,False,False
asian_pop,hispanic_pop,0.24304229832104327,0.24304229832104327,weak,positive,False,False,False
involving_firearm,fem_age_60-69,-0.24239961337060079,0.24239961337060079,weak,negative,False,False,False
fem_age_70-79,unemployment_rate,-0.24223137291031704,0.24223137291031704,weak,negative,False,False,False
black_pop,fem_age_60-69,-0.24216711354124734,0.24216711354124734,weak,negative,False,False,False
victims_age_70_79,nat_amer_adj_rate,-0.24201991158956743,0.24201991158956743,weak,negative,False,False,False
victims_age_70_79,avg_years_schooling,-0.2419669020909017,0.2419669020909017,weak,negative,False,False,False
fem_age_80+,unemployment_rate,-0.24120938371722828,0.24120938371722828,weak,negative,False,False,False
%_fem_age_40-49,white_adj_rate,0.2404562827273505,0.2404562827273505,weak,positive,False,False,False
gun_deaths_per_100k,asian_adj_rate,0.23988081751001147,0.23988081751001147,weak,positive,False,False,False
other_race_victims,white_pop,-0.23976924032041397,0.23976924032041397,weak,negative,False,True,False
victims_age_50_59,nat_amer_adj_rate,-0.23933705729450247,0.23933705729450247,weak,negative,False,False,False
nat_amer_pop,poverty_gender_disparity_score,-0.23886780011443703,0.23886780011443703,weak,negative,False,False,False
%_fem_age_30-39,hispanic_adj_rate,0.23737760738429914,0.23737760738429914,weak,positive,False,False,False
black_victims,fem_age_70-79,-0.23596428505206227,0.23596428505206227,weak,negative,False,False,False
victims_age_70_79,fem_age_70-79,-0.23550915169328532,0.23550915169328532,weak,negative,False,False,False
involving_firearm,fem_poverty_rate,0.2313762946982366,0.2313762946982366,weak,positive,False,False,False
black_victims,white_adj_rate,0.23092088996538085,0.23092088996538085,weak,positive,False,False,False
male_poverty_rate,poverty_gender_disparity_score,-0.23041242982326374,0.23041242982326374,weak,negative,False,False,False
firearm_nonmarried,hispanic_adj_rate,0.22999444915409362,0.22999444915409362,weak,positive,False,False,False
hispanic_victims,%_fem_age_30-39,0.22945362448921613,0.22945362448921613,weak,positive,False,False,False
firearm_nonmarried,mhhi,-0.2292478969798735,0.2292478969798735,weak,negative,False,False,False
asian_pop,unemployment_rate,0.22915151455941915,0.22915151455941915,weak,positive,True,False,False
fem_pop,black_adj_rate,-0.22872745883552908,0.22872745883552908,weak,negative,True,False,False
victims_age_70_79,fem_age_80+,-0.2286545626338588,0.2286545626338588,weak,negative,False,False,False
asian_pop,black_adj_rate,-0.22861523626042904,0.22861523626042904,weak,negative,True,False,False
black_victims,labor_force_ratio,-0.2285387599597464,0.2285387599597464,weak,negative,False,False,False
black_victims,fem_poverty_rate,0.22845655845656698,0.22845655845656698,weak,positive,False,False,False
%_at_least_high_school,asian_adj_rate,0.22835338805296596,0.22835338805296596,weak,positive,False,False,False
victims_age_60_69,fem_age_80+,-0.22824844717699863,0.22824844717699863,weak,negative,False,False,False
asian_pop,%_at_least_bach_degree,0.2265247515037122,0.2265247515037122,weak,positive,False,False,False
nat_amer_victims,gun_deaths_per_100k,0.22647377931086696,0.22647377931086696,weak,positive,False,False,False
other_race_victims,near_school,0.22647231475950194,0.22647231475950194,weak,positive,False,False,False
fem_labor_force_part,asian_adj_rate,0.22581752705868507,0.22581752705868507,weak,positive,False,False,False
fem_poverty_rate,white_adj_rate,0.22555638337132158,0.22555638337132158,weak,positive,False,False,False
fem_pop,age_coef_variation,0.22529709886389954,0.22529709886389954,weak,positive,False,False,False
white_pop,%_at_least_bach_degree,-0.2245207114049882,0.2245207114049882,weak,negative,False,False,False
black_victims,fem_age_80+,-0.22451103880827514,0.22451103880827514,weak,negative,False,False,False
fem_pop,fem_age_70-79,-0.22415130620610507,0.22415130620610507,weak,negative,False,False,False
involving_firearm,hispanic_adj_rate,0.22385922879464645,0.22385922879464645,weak,positive,False,False,False
victims_age_80_plus,nat_amer_adj_rate,-0.22260212177071878,0.22260212177071878,weak,negative,False,False,False
victims_age_60_69,black_pop,0.2222580500437444,0.2222580500437444,weak,positive,False,True,False
%_fem_age_40-49,avg_years_schooling,-0.22223889895288473,0.22223889895288473,weak,negative,False,False,False
involving_firearm,male_poverty_rate,0.22209424017147866,0.22209424017147866,weak,positive,False,False,False
victims_age_50_59,black_pop,0.22117162230873674,0.22117162230873674,weak,positive,False,True,False
fem_pop,gun_deaths_per_100k,-0.22114303340124397,0.22114303340124397,weak,negative,False,False,False
diversity_index,%_at_least_bach_degree,0.22112484517530556,0.22112484517530556,weak,positive,False,False,False
fem_pop,avg_years_schooling,-0.22079187841217782,0.22079187841217782,weak,negative,False,True,False
victims_age_18_29,black_pop,0.22068687109774918,0.22068687109774918,weak,positive,False,True,False
total_incidents,nat_amer_adj_rate,-0.22011982613884037,0.22011982613884037,weak,negative,False,False,False
victims_age_40_49,nat_amer_adj_rate,-0.21995552598774226,0.21995552598774226,weak,negative,False,False,False
near_school,fem_age_80+,-0.21924535985573146,0.21924535985573146,weak,negative,False,False,False
fem_age_60-69,white_adj_rate,-0.21880766856059583,0.21880766856059583,weak,negative,False,False,False
fem_age_60-69,hispanic_adj_rate,-0.21851545253074783,0.21851545253074783,weak,negative,False,False,False
victims_age_30_39,nat_amer_adj_rate,-0.21801613086079916,0.21801613086079916,weak,negative,False,False,False
firearm_nonmarried,diversity_index,0.2177446115770025,0.2177446115770025,weak,positive,False,False,False
victims_age_80_plus,fem_age_80+,-0.21769480809399874,0.21769480809399874,weak,negative,False,False,False
sex_assaults,%_fem_age_30-39,0.21737222663111805,0.21737222663111805,weak,positive,False,False,False
sex_assaults,%_fem_age_18-29,0.21716077873082293,0.21716077873082293,weak,positive,False,False,False
age_coef_variation,male_poverty_rate,-0.21684337767129344,0.21684337767129344,weak,negative,False,False,False
diversity_index,asian_adj_rate,-0.21680021504036578,0.21680021504036578,weak,negative,False,False,False
victims_age_18_29,nat_amer_pop,-0.2164690052252463,0.2164690052252463,weak,negative,False,True,False
black_pop,labor_force_ratio,0.21579005195361872,0.21579005195361872,weak,positive,False,False,False
total_incidents,black_pop,0.21537962575619427,0.21537962575619427,weak,positive,False,True,False
%_fem_age_40-49,fem_age_50-59,-0.21456064186001447,0.21456064186001447,weak,negative,False,False,False
victims_age_60_69,nat_amer_pop,-0.21444262596398236,0.21444262596398236,weak,negative,False,True,False
total_incidents,nat_amer_pop,-0.2143120869959406,0.2143120869959406,weak,negative,False,True,False
firearm_nonmarried,black_adj_rate,0.21419866145679714,0.21419866145679714,weak,positive,False,False,False
sex_assaults,avg_years_schooling,-0.213876862939842,0.213876862939842,weak,negative,False,False,False
firearm_nonmarried,fem_age_70-79,-0.21367831421964967,0.21367831421964967,weak,negative,False,False,False
victims_age_50_59,nat_amer_pop,-0.2136094364064974,0.2136094364064974,weak,negative,False,True,False
victims_age_30_39,nat_amer_pop,-0.21350903594338083,0.21350903594338083,weak,negative,False,True,False
black_victims,male_poverty_rate,0.21326428776028056,0.21326428776028056,weak,positive,False,False,False
fem_age_60-69,unemployment_rate,-0.21310133265810474,0.21310133265810474,weak,negative,False,False,False
black_victims,fem_age_60-69,-0.21260632130265955,0.21260632130265955,weak,negative,False,False,False
nat_amer_victims,poverty_gender_disparity_score,-0.21247492088717249,0.21247492088717249,weak,negative,False,False,False
black_victims,nat_amer_victims,-0.2122620333498443,0.2122620333498443,weak,negative,False,False,False
hispanic_pop,mhhi,0.21211360456475983,0.21211360456475983,weak,positive,False,False,False
white_pop,black_adj_rate,0.21207725413527262,0.21207725413527262,weak,positive,True,False,False
victims_age_30_39,black_pop,0.2117999309406192,0.2117999309406192,weak,positive,False,True,False
victims_age_18_29,nat_amer_adj_rate,-0.21179450324309274,0.21179450324309274,weak,negative,False,False,False
fem_age_50-59,age_coef_variation,0.21146320492337314,0.21146320492337314,weak,positive,False,False,False
hispanic_victims,hispanic_adj_rate,0.2111059798222515,0.2111059798222515,weak,positive,False,False,False
other_race_victims,mhhi,0.20909636126987724,0.20909636126987724,weak,positive,False,False,False
black_victims,avg_years_schooling,-0.20895101733632468,0.20895101733632468,weak,negative,False,False,False
firearm_nonmarried,gun_deaths_per_100k,0.2089295182462672,0.2089295182462672,weak,positive,False,False,False
near_school,black_pop,0.2089207705863042,0.2089207705863042,weak,positive,False,True,False
nat_amer_pop,white_adj_rate,0.2087811373719777,0.2087811373719777,weak,positive,True,False,False
victims_age_40_49,nat_amer_pop,-0.20827702565259615,0.20827702565259615,weak,negative,False,True,False
victims_age_70_79,black_pop,0.20716383762975926,0.20716383762975926,weak,positive,False,True,False
fem_age_50-59,white_adj_rate,-0.2065813557836405,0.2065813557836405,weak,negative,False,False,False
asian_pop,hispanic_adj_rate,-0.20649889394482684,0.20649889394482684,weak,negative,True,False,False
other_race_pop,gun_deaths_per_100k,-0.2063839955051674,0.2063839955051674,weak,negative,False,False,False
unemployment_rate,hispanic_adj_rate,-0.20557792770886693,0.20557792770886693,weak,negative,False,False,False
nat_amer_pop,%_fem_age_30-39,0.20532949725379376,0.20532949725379376,weak,positive,False,False,False
victims_age_70_79,nat_amer_pop,-0.20520109837580064,0.20520109837580064,weak,negative,False,True,False
dv_total,nat_amer_adj_rate,-0.20485230988036865,0.20485230988036865,weak,negative,False,False,False
hispanic_pop,poverty_gender_disparity_score,-0.20473930052012745,0.20473930052012745,weak,negative,False,False,False
firearm_nonmarried,hispanic_pop,0.20454171018215794,0.20454171018215794,weak,positive,False,True,False
victim_offender_nonmarried_partner,nat_amer_adj_rate,-0.20400996015054246,0.20400996015054246,weak,negative,False,False,False
nat_amer_pop,%_at_least_bach_degree,-0.20372200495853554,0.20372200495853554,weak,negative,False,False,False
asian_pop,fem_age_60-69,-0.20346400188076996,0.20346400188076996,weak,negative,False,False,False
asian_pop,age_coef_variation,0.20325678557581203,0.20325678557581203,weak,positive,False,False,False
nat_amer_victims,%_fem_age_18-29,0.20310722971026596,0.20310722971026596,weak,positive,False,False,False
black_pop,%_fem_age_30-39,0.2029510046268808,0.2029510046268808,weak,positive,False,False,False
victims_age_40_49,black_pop,0.20293220923156305,0.20293220923156305,weak,positive,False,True,False
other_race_victims,hispanic_pop,0.20147209912691594,0.20147209912691594,weak,positive,False,True,False
asian_pop,male_poverty_rate,-0.20084839626979403,0.20084839626979403,weak,negative,True,False,False
victim_offender_nonmarried_partner,nat_amer_pop,-0.20047209678104938,0.20047209678104938,weak,negative,False,True,False
firearm_nonmarried,fem_labor_force_part,-0.20010179832577646,0.20010179832577646,weak,negative,False,False,False
victim_offender_nonmarried_partner,hispanic_adj_rate,0.20006783193241018,0.20006783193241018,weak,positive,False,False,False
fem_age_60-69,avg_years_schooling,-0.19975818533717227,0.19975818533717227,weak,negative,False,False,False
firearm_nonmarried,white_pop,-0.19944558761044565,0.19944558761044565,weak,negative,False,True,False
data_year,fem_age_80+,0.19926359561659096,0.19926359561659096,weak,positive,False,False,False
%_at_least_bach_degree,white_adj_rate,-0.19869711182789343,0.19869711182789343,weak,negative,False,False,False
victims_age_80_plus,nat_amer_pop,-0.19861503255916868,0.19861503255916868,weak,negative,False,True,False
fem_age_60-69,age_coef_variation,0.19830355622920504,0.19830355622920504,weak,positive,False,False,False
data_year,near_school,0.1979663866027643,0.1979663866027643,weak,positive,False,False,False
victim_offender_nonmarried_partner,black_pop,0.19741926368097243,0.19741926368097243,weak,positive,False,True,False
black_pop,fem_age_70-79,-0.19735252600487138,0.19735252600487138,weak,negative,False,False,False
diversity_index,labor_force_ratio,-0.19673578477009177,0.19673578477009177,weak,negative,False,False,False
involving_firearm,black_adj_rate,0.19615091073023352,0.19615091073023352,weak,positive,False,False,False
%_fem_age_30-39,nat_amer_adj_rate,0.19610570978933775,0.19610570978933775,weak,positive,False,False,False
diversity_index,male_poverty_rate,0.19559197015694577,0.19559197015694577,weak,positive,False,False,False
near_school,nat_amer_pop,-0.1952846757164161,0.1952846757164161,weak,negative,False,True,False
fem_age_50-59,%_at_least_bach_degree,-0.19516929819308726,0.19516929819308726,weak,negative,False,False,False
unemployment_rate,black_adj_rate,-0.19503120472098553,0.19503120472098553,weak,negative,False,False,False
black_victims,other_race_pop,-0.1948123629111537,0.1948123629111537,weak,negative,False,True,False
nat_amer_pop,%_fem_age_18-29,0.19471953103892214,0.19471953103892214,weak,positive,False,False,False
dv_total,nat_amer_pop,-0.19411920490505902,0.19411920490505902,weak,negative,False,True,False
%_fem_age_18-29,%_at_least_bach_degree,0.19407787813523622,0.19407787813523622,weak,positive,False,False,False
dv_total,hispanic_adj_rate,0.19393155830025277,0.19393155830025277,weak,positive,False,False,False
other_race_victims,%_at_least_high_school,-0.19337630183540272,0.19337630183540272,weak,negative,False,False,False
dv_total,black_pop,0.19255041474614967,0.19255041474614967,weak,positive,False,True,False
%_fem_age_30-39,white_adj_rate,0.19149395571363917,0.19149395571363917,weak,positive,False,False,False
%_fem_age_40-49,gun_deaths_per_100k,0.19105741834625659,0.19105741834625659,weak,positive,False,False,False
victim_offender_nonmarried_partner,fem_age_50-59,0.19071948300061267,0.19071948300061267,weak,positive,False,False,False
near_school,avg_years_schooling,-0.1904447784305783,0.1904447784305783,weak,negative,False,False,False
firearm_nonmarried,fem_age_60-69,-0.1900884721177338,0.1900884721177338,weak,negative,False,False,False
hispanic_pop,fem_age_70-79,-0.1893820257957803,0.1893820257957803,weak,negative,False,False,False
fem_age_70-79,hispanic_adj_rate,-0.187157595493504,0.187157595493504,weak,negative,False,False,False
fem_age_80+,%_at_least_high_school,0.1869740071209163,0.1869740071209163,weak,positive,False,False,False
%_fem_age_40-49,asian_adj_rate,0.18672663871463716,0.18672663871463716,weak,positive,False,False,False
victims_age_18_29,hispanic_adj_rate,0.18585942667729244,0.18585942667729244,weak,positive,False,False,False
hispanic_victims,avg_years_schooling,-0.18579797772114398,0.18579797772114398,weak,negative,False,False,False
gun_deaths_per_100k,black_adj_rate,0.18539366340265068,0.18539366340265068,weak,positive,False,False,False
other_race_victims,age_coef_variation,0.185186801100064,0.185186801100064,weak,positive,False,False,False
involving_firearm,nat_amer_adj_rate,-0.1846335005479383,0.1846335005479383,weak,negative,False,False,False
sex_assaults,nat_amer_pop,-0.18450765327959243,0.18450765327959243,weak,negative,False,True,False
white_victims,hispanic_adj_rate,0.18434442069261603,0.18434442069261603,weak,positive,False,False,False
victim_offender_rel_spouse,nat_amer_adj_rate,-0.18407009199843724,0.18407009199843724,weak,negative,False,False,False
black_pop,other_race_pop,-0.1834645066714918,0.1834645066714918,weak,negative,False,False,False
involving_firearm,gun_deaths_per_100k,0.1832957702392811,0.1832957702392811,weak,positive,False,False,False
white_victims,nat_amer_pop,-0.18314714773764254,0.18314714773764254,weak,negative,False,True,False
firearm_nonmarried,%_at_least_bach_degree,-0.18265459386994046,0.18265459386994046,weak,negative,False,False,False
involving_firearm,fem_labor_force_part,-0.18256784352619848,0.18256784352619848,weak,negative,False,False,False
firearm_nonmarried,nat_amer_adj_rate,-0.18244584112171014,0.18244584112171014,weak,negative,False,False,False
victims_age_50_59,fem_age_50-59,0.18236297103243876,0.18236297103243876,weak,positive,False,False,False
near_school,nat_amer_adj_rate,-0.18220936118822859,0.18220936118822859,weak,negative,False,False,False
on_tribal_lands,labor_force_ratio,-0.1821366449481533,0.1821366449481533,weak,negative,False,False,False
victim_offender_rel_spouse,hispanic_adj_rate,0.18211705714643875,0.18211705714643875,weak,positive,False,False,False
asian_pop,%_fem_age_30-39,0.18173447759630404,0.18173447759630404,weak,positive,False,False,False
fem_age_80+,poverty_gender_disparity_score,0.18105791164452273,0.18105791164452273,weak,positive,False,False,False
firearm_nonmarried,age_coef_variation,-0.18063823441979282,0.18063823441979282,weak,negative,False,False,False
asian_pop,nat_amer_adj_rate,-0.1805546246037645,0.1805546246037645,weak,negative,True,False,False
victim_offender_rel_spouse,nat_amer_pop,-0.17971342485761566,0.17971342485761566,weak,negative,False,True,False
data_year,hispanic_adj_rate,0.17922648005197725,0.17922648005197725,weak,positive,False,False,False
asian_victims,unemployment_rate,0.17892021497414723,0.17892021497414723,weak,positive,False,False,False
total_incidents,hispanic_adj_rate,0.178850308349098,0.178850308349098,weak,positive,False,False,False
near_school,hispanic_adj_rate,0.1782750660941115,0.1782750660941115,weak,positive,False,False,False
fem_age_50-59,poverty_gender_disparity_score,0.17781982581569108,0.17781982581569108,weak,positive,False,False,False
involving_firearm,mhhi,-0.17762845709985728,0.17762845709985728,weak,negative,False,False,False
other_race_pop,fem_poverty_rate,-0.17757312058351937,0.17757312058351937,weak,negative,True,False,False
white_victims,nat_amer_adj_rate,-0.17747582256118855,0.17747582256118855,weak,negative,False,False,False
victims_age_40_49,hispanic_adj_rate,0.17736505460308152,0.17736505460308152,weak,positive,False,False,False
victims_age_30_39,hispanic_adj_rate,0.17696917185175373,0.17696917185175373,weak,positive,False,False,False
involving_firearm,nat_amer_pop,-0.17655380149914915,0.17655380149914915,weak,negative,False,True,False
white_pop,fem_poverty_rate,-0.17566484610535918,0.17566484610535918,weak,negative,True,False,False
mhhi,black_adj_rate,-0.17542311003715114,0.17542311003715114,weak,negative,False,False,False
white_victims,%_fem_age_30-39,0.17528740937642792,0.17528740937642792,weak,positive,False,False,False
diversity_index,black_adj_rate,-0.1752034566316846,0.1752034566316846,weak,negative,False,False,False
fem_labor_force_part,white_adj_rate,-0.17486613400253379,0.17486613400253379,weak,negative,False,False,False
data_year,victims_age_70_79,0.17478091418834119,0.17478091418834119,weak,positive,False,False,False
asian_pop,asian_adj_rate,-0.17469950979848348,0.17469950979848348,weak,negative,True,False,False
victim_offender_rel_spouse,%_fem_age_30-39,0.17361049925461222,0.17361049925461222,weak,positive,False,False,False
data_year,victims_age_80_plus,0.17306720014200533,0.17306720014200533,weak,positive,False,False,False
victims_age_80_plus,avg_years_schooling,-0.17267903172059135,0.17267903172059135,weak,negative,False,False,False
victims_age_18_29,fem_age_50-59,0.17258251145148193,0.17258251145148193,weak,positive,False,False,False
firearm_nonmarried,fem_age_50-59,0.17256388634851658,0.17256388634851658,weak,positive,False,False,False
victims_age_80_plus,asian_pop,0.17252179661987407,0.17252179661987407,weak,positive,False,True,False
data_year,%_fem_age_40-49,0.17239798777276358,0.17239798777276358,weak,positive,False,False,False
black_victims,hispanic_pop,0.17234291378262367,0.17234291378262367,weak,positive,False,True,False
victims_age_18_29,other_race_pop,-0.17129125236454687,0.17129125236454687,weak,negative,False,True,False
%_at_least_bach_degree,hispanic_adj_rate,0.17127049327057034,0.17127049327057034,weak,positive,False,False,False
white_pop,asian_adj_rate,0.1712482582836239,0.1712482582836239,weak,positive,True,False,False
hispanic_pop,hispanic_adj_rate,0.17075730113389548,0.17075730113389548,weak,positive,True,False,False
nat_amer_victims,%_at_least_bach_degree,-0.17072742571154126,0.17072742571154126,weak,negative,False,False,False
%_fem_age_40-49,poverty_gender_disparity_score,-0.17036257815840802,0.17036257815840802,weak,negative,False,False,False
firearm_nonmarried,other_race_pop,-0.1700604005516792,0.1700604005516792,weak,negative,False,True,False
victim_offender_nonmarried_partner,other_race_pop,-0.16918620455330044,0.16918620455330044,weak,negative,False,True,False
%_fem_age_18-29,age_coef_variation,-0.16907196862849166,0.16907196862849166,weak,negative,False,False,False
victims_age_80_plus,%_fem_age_30-39,0.1689137207496843,0.1689137207496843,weak,positive,False,False,False
dv_total,fem_age_50-59,0.1687669493910299,0.1687669493910299,weak,positive,False,False,False
fem_age_50-59,mhhi,-0.16876155832314396,0.16876155832314396,weak,negative,False,False,False
total_incidents,fem_age_50-59,0.1685835250955376,0.1685835250955376,weak,positive,False,False,False
firearm_nonmarried,nat_amer_pop,-0.16751768833561595,0.16751768833561595,weak,negative,False,True,False
labor_force_ratio,mhhi,0.16719082828697335,0.16719082828697335,weak,positive,False,False,False
%_fem_age_18-29,white_adj_rate,0.16705337664323625,0.16705337664323625,weak,positive,False,False,False
white_pop,fem_age_80+,0.16701567006257978,0.16701567006257978,weak,positive,False,False,False
victim_offender_nonmarried_partner,black_adj_rate,0.16676402661115194,0.16676402661115194,weak,positive,False,False,False
involving_firearm,age_coef_variation,-0.16660930635620413,0.16660930635620413,weak,negative,False,False,False
victims_age_30_39,fem_age_50-59,0.1664861665787424,0.1664861665787424,weak,positive,False,False,False
asian_victims,fem_age_80+,-0.16576057806345262,0.16576057806345262,weak,negative,False,False,False
involving_firearm,fem_age_50-59,0.1653129194165783,0.1653129194165783,weak,positive,False,False,False
fem_age_70-79,%_at_least_high_school,0.16511696864298572,0.16511696864298572,weak,positive,False,False,False
victims_age_50_59,hispanic_adj_rate,0.1649721328411312,0.1649721328411312,weak,positive,False,False,False
victim_offender_nonmarried_partner,fem_poverty_rate,0.1649713973505458,0.1649713973505458,weak,positive,False,False,False
hispanic_victims,%_fem_age_18-29,0.16466764552831537,0.16466764552831537,weak,positive,False,False,False
dv_total,fem_poverty_rate,0.16451147185911236,0.16451147185911236,weak,positive,False,False,False
total_incidents,other_race_pop,-0.16435968567797787,0.16435968567797787,weak,negative,False,True,False
fem_age_70-79,asian_adj_rate,-0.16428646613846354,0.16428646613846354,weak,negative,False,False,False
involving_firearm,other_race_pop,-0.1642646786453135,0.1642646786453135,weak,negative,False,True,False
victims_age_60_69,hispanic_adj_rate,0.1639003620838785,0.1639003620838785,weak,positive,False,False,False
victims_age_30_39,other_race_pop,-0.1637452939421149,0.1637452939421149,weak,negative,False,True,False
victims_age_60_69,fem_age_50-59,0.16352182021141806,0.16352182021141806,weak,positive,False,False,False
all_labor_force_part,black_adj_rate,0.1631305273004054,0.1631305273004054,weak,positive,False,False,False
dv_total,other_race_pop,-0.16312522005110527,0.16312522005110527,weak,negative,False,True,False
all_labor_force_part,labor_force_ratio,0.16269205727125524,0.16269205727125524,weak,positive,False,False,False
fem_age_50-59,fem_age_70-79,0.16257912526027293,0.16257912526027293,weak,positive,False,False,False
sex_assaults,nat_amer_adj_rate,-0.16256734932997352,0.16256734932997352,weak,negative,False,False,False
fem_pop,other_race_pop,-0.16226523398014975,0.16226523398014975,weak,negative,False,False,False
black_pop,asian_adj_rate,-0.16196477775291407,0.16196477775291407,weak,negative,True,False,False
nat_amer_pop,other_race_pop,0.1616890797231359,0.1616890797231359,weak,positive,False,False,False
hispanic_victims,asian_pop,0.16164639708633016,0.16164639708633016,weak,positive,False,True,False
labor_force_ratio,gun_deaths_per_100k,-0.16089585449465021,0.16089585449465021,weak,negative,False,False,False
victims_age_80_plus,black_pop,0.16088707554135168,0.16088707554135168,weak,positive,False,True,False
victims_age_50_59,fem_poverty_rate,0.16010548877125041,0.16010548877125041,weak,positive,False,False,False
%_fem_age_18-29,avg_years_schooling,0.15992211069082143,0.15992211069082143,weak,positive,False,False,False
dv_total,male_poverty_rate,0.15951197811143314,0.15951197811143314,weak,positive,False,False,False
victims_age_40_49,fem_poverty_rate,0.15896575458650214,0.15896575458650214,weak,positive,False,False,False
poverty_gender_disparity_score,black_adj_rate,0.15876977764854808,0.15876977764854808,weak,positive,False,False,False
victim_offender_nonmarried_partner,male_poverty_rate,0.1585491187739193,0.1585491187739193,weak,positive,False,False,False
data_year,labor_force_ratio,0.158029292255895,0.158029292255895,weak,positive,False,False,False
age_coef_variation,fem_poverty_rate,-0.15796771062164755,0.15796771062164755,weak,negative,False,False,False
victims_age_50_59,male_poverty_rate,0.15773536054706033,0.15773536054706033,weak,positive,False,False,False
victims_age_18_29,fem_poverty_rate,0.15723820501840607,0.15723820501840607,weak,positive,False,False,False
victims_age_50_59,other_race_pop,-0.15693736027248772,0.15693736027248772,weak,negative,False,True,False
black_victims,hispanic_adj_rate,0.15669038719686115,0.15669038719686115,weak,positive,False,False,False
victims_age_40_49,other_race_pop,-0.15656060402842512,0.15656060402842512,weak,negative,False,True,False
fem_age_60-69,black_adj_rate,-0.15644656518527278,0.15644656518527278,weak,negative,False,False,False
fem_age_80+,fem_labor_force_part,-0.15608593920150246,0.15608593920150246,weak,negative,False,False,False
total_incidents,fem_poverty_rate,0.15601504285821252,0.15601504285821252,weak,positive,False,False,False
victims_age_60_69,fem_poverty_rate,0.15599944583981354,0.15599944583981354,weak,positive,False,False,False
victim_offender_rel_spouse,%_fem_age_18-29,0.15579209567264626,0.15579209567264626,weak,positive,False,False,False
victim_offender_rel_spouse,black_pop,0.15576427832252154,0.15576427832252154,weak,positive,False,True,False
victims_age_40_49,fem_age_50-59,0.15568381431067763,0.15568381431067763,weak,positive,False,False,False
black_pop,%_at_least_bach_degree,0.1554849792118145,0.1554849792118145,weak,positive,False,False,False
other_race_victims,involving_firearm,0.1551177097990881,0.1551177097990881,weak,positive,False,False,False
black_pop,fem_age_80+,-0.15499752578915674,0.15499752578915674,weak,negative,False,False,False
victims_age_40_49,male_poverty_rate,0.15485307712315774,0.15485307712315774,weak,positive,False,False,False
nat_amer_victims,labor_force_ratio,-0.1547259203629912,0.1547259203629912,weak,negative,False,False,False
victims_age_60_69,male_poverty_rate,0.1544744497835598,0.1544744497835598,weak,positive,False,False,False
unemployment_rate,avg_years_schooling,-0.15403848266898315,0.15403848266898315,weak,negative,False,False,False
victims_age_70_79,hispanic_adj_rate,0.15382606031865026,0.15382606031865026,weak,positive,False,False,False
white_victims,other_race_pop,-0.15374964978506742,0.15374964978506742,weak,negative,False,True,False
other_race_pop,%_at_least_high_school,0.15336652845549578,0.15336652845549578,weak,positive,False,True,False
victims_age_50_59,unemployment_rate,0.15332744604717025,0.15332744604717025,weak,positive,False,False,False
white_victims,%_fem_age_18-29,0.15320421542276405,0.15320421542276405,weak,positive,False,False,False
victims_age_18_29,black_adj_rate,0.15315285692334743,0.15315285692334743,weak,positive,False,False,False
nat_amer_pop,asian_adj_rate,0.15306372393679885,0.15306372393679885,weak,positive,True,False,False
victims_age_30_39,%_fem_age_30-39,0.1530236084851044,0.1530236084851044,weak,positive,False,False,False
victims_age_80_plus,fem_age_50-59,0.15277518008580263,0.15277518008580263,weak,positive,False,False,False
%_fem_age_18-29,gun_deaths_per_100k,0.15275327748796874,0.15275327748796874,weak,positive,False,False,False
victims_age_70_79,fem_age_50-59,0.15273372295258625,0.15273372295258625,weak,positive,False,False,False
asian_victims,nat_amer_pop,-0.15237073342487603,0.15237073342487603,weak,negative,False,True,False
data_year,victims_age_60_69,0.1522538025004172,0.1522538025004172,weak,positive,False,False,False
victims_age_30_39,fem_poverty_rate,0.1521777998426584,0.1521777998426584,weak,positive,False,False,False
diversity_index,%_fem_age_18-29,0.15212673222943332,0.15212673222943332,weak,positive,False,False,False
asian_pop,%_fem_age_40-49,0.15208542941600375,0.15208542941600375,weak,positive,False,False,False
total_incidents,male_poverty_rate,0.1520390210341048,0.1520390210341048,weak,positive,False,False,False
victims_age_18_29,male_poverty_rate,0.15198581902801508,0.15198581902801508,weak,positive,False,False,False
victims_age_70_79,fem_labor_force_part,-0.15197598469780643,0.15197598469780643,weak,negative,False,False,False
victims_age_60_69,other_race_pop,-0.15174223317332963,0.15174223317332963,weak,negative,False,True,False
nat_amer_victims,age_coef_variation,-0.1513964952923299,0.1513964952923299,weak,negative,False,False,False
victims_age_40_49,%_fem_age_30-39,0.15128951017638187,0.15128951017638187,weak,positive,False,False,False
victims_age_70_79,%_fem_age_30-39,0.15112555661345484,0.15112555661345484,weak,positive,False,False,False
on_tribal_lands,fem_labor_force_part,-0.15110819200507505,0.15110819200507505,weak,negative,False,False,False
black_victims,black_adj_rate,0.15097242101458236,0.15097242101458236,weak,positive,False,False,False
victim_offender_nonmarried_partner,unemployment_rate,0.15078830366635634,0.15078830366635634,weak,positive,False,False,False
fem_age_50-59,fem_age_80+,0.1504165116128549,0.1504165116128549,weak,positive,False,False,False
total_incidents,%_fem_age_30-39,0.14986973219510633,0.14986973219510633,weak,positive,False,False,False
black_pop,age_coef_variation,-0.14893520761656695,0.14893520761656695,weak,negative,False,False,False
victims_age_30_39,male_poverty_rate,0.14883677559545108,0.14883677559545108,weak,positive,False,False,False
asian_pop,all_labor_force_part,0.1477536234364965,0.1477536234364965,weak,positive,False,False,False
victims_age_18_29,%_fem_age_30-39,0.14761776196772444,0.14761776196772444,weak,positive,False,False,False
hispanic_pop,avg_years_schooling,-0.1467816469138608,0.1467816469138608,weak,negative,False,True,False
fem_labor_force_part,black_adj_rate,0.14667133027930607,0.14667133027930607,weak,positive,False,False,False
sex_assaults,unemployment_rate,0.14663190185220518,0.14663190185220518,weak,positive,False,False,False
avg_years_schooling,hispanic_adj_rate,0.1462240377098753,0.1462240377098753,weak,positive,False,False,False
fem_age_70-79,avg_years_schooling,-0.14519243513634364,0.14519243513634364,weak,negative,False,False,False
dv_total,black_adj_rate,0.14503878551312244,0.14503878551312244,weak,positive,False,False,False
sex_assaults,fem_age_50-59,0.14488920310259754,0.14488920310259754,weak,positive,False,False,False
fem_age_80+,hispanic_adj_rate,-0.14403093215363746,0.14403093215363746,weak,negative,False,False,False
%_fem_age_40-49,all_labor_force_part,0.1436548865761019,0.1436548865761019,weak,positive,False,False,False
victims_age_70_79,asian_pop,0.14364026305794816,0.14364026305794816,weak,positive,False,True,False
victims_age_30_39,unemployment_rate,0.1435563190399019,0.1435563190399019,weak,positive,False,False,False
other_race_pop,%_fem_age_30-39,0.14344771897663172,0.14344771897663172,weak,positive,False,False,False
victims_age_60_69,fem_labor_force_part,-0.14344361600462927,0.14344361600462927,weak,negative,False,False,False
victims_age_50_59,%_fem_age_30-39,0.1433876825212824,0.1433876825212824,weak,positive,False,False,False
victims_age_70_79,other_race_pop,-0.1433504122433456,0.1433504122433456,weak,negative,False,True,False
fem_pop,hispanic_adj_rate,-0.1432863854976113,0.1432863854976113,weak,negative,True,False,False
total_incidents,unemployment_rate,0.14299649488464097,0.14299649488464097,weak,positive,False,False,False
on_tribal_lands,poverty_gender_disparity_score,-0.14289963224534308,0.14289963224534308,weak,negative,False,False,False
dv_total,%_fem_age_30-39,0.14289900508471962,0.14289900508471962,weak,positive,False,False,False
victims_age_60_69,%_fem_age_30-39,0.1425716316546593,0.1425716316546593,weak,positive,False,False,False
victim_offender_rel_spouse,other_race_pop,-0.14240749216565832,0.14240749216565832,weak,negative,False,True,False
victims_age_18_29,unemployment_rate,0.14232803644294806,0.14232803644294806,weak,positive,False,False,False
white_pop,labor_force_ratio,0.1420070749867757,0.1420070749867757,weak,positive,False,False,False
black_pop,%_fem_age_40-49,0.14189053637523533,0.14189053637523533,weak,positive,False,False,False
victims_age_60_69,unemployment_rate,0.14182107294846336,0.14182107294846336,weak,positive,False,False,False
on_tribal_lands,diversity_index,0.14160253209102755,0.14160253209102755,weak,positive,False,False,False
black_victims,unemployment_rate,0.141238923113374,0.141238923113374,weak,positive,False,False,False
%_fem_age_40-49,mhhi,0.14122861767676378,0.14122861767676378,weak,positive,False,False,False
total_incidents,black_adj_rate,0.14113173557460912,0.14113173557460912,weak,positive,False,False,False
victims_age_30_39,black_adj_rate,0.14100266419329893,0.14100266419329893,weak,positive,False,False,False
%_fem_age_30-39,black_adj_rate,0.14051945924326106,0.14051945924326106,weak,positive,False,False,False
victims_age_70_79,male_poverty_rate,0.14048772554859507,0.14048772554859507,weak,positive,False,False,False
victims_age_80_plus,mhhi,0.14040967117747202,0.14040967117747202,weak,positive,False,False,False
victims_age_18_29,%_fem_age_18-29,0.1402862676597163,0.1402862676597163,weak,positive,False,False,False
hispanic_pop,%_fem_age_18-29,0.14023288759977243,0.14023288759977243,weak,positive,False,False,False
victims_age_70_79,fem_poverty_rate,0.14010271920273434,0.14010271920273434,weak,positive,False,False,False
victims_age_70_79,unemployment_rate,0.13994307909474085,0.13994307909474085,weak,positive,False,False,False
dv_total,unemployment_rate,0.1398223221649423,0.1398223221649423,weak,positive,False,False,False
other_race_victims,%_at_least_bach_degree,0.13963825557846965,0.13963825557846965,weak,positive,False,False,False
victims_age_50_59,fem_labor_force_part,-0.13921129165390492,0.13921129165390492,weak,negative,False,False,False
other_race_victims,fem_age_60-69,-0.13910615344494287,0.13910615344494287,weak,negative,False,False,False
%_at_least_bach_degree,black_adj_rate,-0.13884573986546167,0.13884573986546167,weak,negative,False,False,False
sex_assaults,black_adj_rate,0.13809276446010813,0.13809276446010813,weak,positive,False,False,False
black_victims,asian_adj_rate,-0.1380767189758634,0.1380767189758634,weak,negative,False,False,False
victim_offender_rel_spouse,fem_poverty_rate,0.1375585988224751,0.1375585988224751,weak,positive,False,False,False
asian_victims,avg_years_schooling,-0.13697011757500352,0.13697011757500352,weak,negative,False,False,False
fem_pop,fem_labor_force_part,-0.13660588811782765,0.13660588811782765,weak,negative,False,False,False
victims_age_80_plus,asian_adj_rate,-0.1364067131030505,0.1364067131030505,weak,negative,False,False,False
involving_firearm,%_at_least_bach_degree,-0.13636129789309584,0.13636129789309584,weak,negative,False,False,False
victims_age_40_49,unemployment_rate,0.13625750958399033,0.13625750958399033,weak,positive,False,False,False
hispanic_victims,unemployment_rate,0.13592695892301637,0.13592695892301637,weak,positive,False,False,False
fem_age_70-79,nat_amer_adj_rate,-0.13580316705814116,0.13580316705814116,weak,negative,False,False,False
near_school,other_race_pop,-0.1355663082691194,0.1355663082691194,weak,negative,False,True,False
white_victims,black_adj_rate,0.13524545485490633,0.13524545485490633,weak,positive,False,False,False
victims_age_40_49,black_adj_rate,0.13512729867030493,0.13512729867030493,weak,positive,False,False,False
nat_amer_victims,asian_adj_rate,0.13493801190234836,0.13493801190234836,weak,positive,False,False,False
%_fem_age_18-29,poverty_gender_disparity_score,-0.13405303450038822,0.13405303450038822,weak,negative,False,False,False
victims_age_80_plus,hispanic_adj_rate,0.13329563190896057,0.13329563190896057,weak,positive,False,False,False
victim_offender_nonmarried_partner,%_fem_age_30-39,0.13324810449245336,0.13324810449245336,weak,positive,False,False,False
nat_amer_victims,avg_years_schooling,-0.13263930426119458,0.13263930426119458,weak,negative,False,False,False
hispanic_pop,fem_age_80+,-0.1326303836281581,0.1326303836281581,weak,negative,False,False,False
victim_offender_rel_spouse,male_poverty_rate,0.1325465813833958,0.1325465813833958,weak,positive,False,False,False
diversity_index,fem_poverty_rate,0.13217974184376202,0.13217974184376202,weak,positive,False,False,False
victims_age_80_plus,unemployment_rate,0.13203892084860971,0.13203892084860971,weak,positive,False,False,False
black_pop,all_labor_force_part,-0.13202896305665468,0.13202896305665468,weak,negative,False,False,False
mhhi,white_adj_rate,-0.13200116063468992,0.13200116063468992,weak,negative,False,False,False
nat_amer_victims,%_fem_age_30-39,0.13191719106443242,0.13191719106443242,weak,positive,False,False,False
involving_firearm,%_fem_age_18-29,0.13130481475273212,0.13130481475273212,weak,positive,False,False,False
age_coef_variation,unemployment_rate,-0.13097021529117103,0.13097021529117103,weak,negative,False,False,False
sex_assaults,other_race_pop,-0.13091844286422621,0.13091844286422621,weak,negative,False,True,False
on_tribal_lands,white_pop,-0.13033303032624396,0.13033303032624396,weak,negative,False,True,False
black_victims,fem_labor_force_part,-0.12983915846393584,0.12983915846393584,weak,negative,False,False,False
age_coef_variation,fem_labor_force_part,0.12927877719332212,0.12927877719332212,weak,positive,False,False,False
victims_age_80_plus,other_race_pop,-0.12918239840687012,0.12918239840687012,weak,negative,False,True,False
dv_total,%_fem_age_18-29,0.12895143792421496,0.12895143792421496,weak,positive,False,False,False
other_race_pop,black_adj_rate,-0.12888757741857093,0.12888757741857093,weak,negative,True,False,False
sex_assaults,asian_pop,0.1282028716454242,0.1282028716454242,weak,positive,False,True,False
data_year,fem_labor_force_part,0.1281684081262373,0.1281684081262373,weak,positive,False,False,False
near_school,%_fem_age_18-29,0.127872639089992,0.127872639089992,weak,positive,False,False,False
victim_offender_rel_spouse,fem_age_50-59,0.12773915364473543,0.12773915364473543,weak,positive,False,False,False
asian_pop,fem_labor_force_part,0.12680456180864677,0.12680456180864677,weak,positive,False,False,False
total_incidents,%_fem_age_18-29,0.1267775366814438,0.1267775366814438,weak,positive,False,False,False
white_pop,%_fem_age_18-29,-0.12572444875501285,0.12572444875501285,weak,negative,False,False,False
white_victims,unemployment_rate,0.1257224953225706,0.1257224953225706,weak,positive,False,False,False
hispanic_pop,gun_deaths_per_100k,-0.12559977146920573,0.12559977146920573,weak,negative,False,False,False
victims_age_50_59,black_adj_rate,0.12536586993355653,0.12536586993355653,weak,positive,False,False,False
fem_pop,black_pop,0.1250764782341144,0.1250764782341144,weak,positive,False,False,False
victims_age_30_39,%_fem_age_18-29,0.12433265990895447,0.12433265990895447,weak,positive,False,False,False
victims_age_40_49,fem_labor_force_part,-0.12402922428429368,0.12402922428429368,weak,negative,False,False,False
victims_age_40_49,%_fem_age_18-29,0.12402484741093601,0.12402484741093601,weak,positive,False,False,False
asian_pop,%_fem_age_18-29,-0.12384937094509331,0.12384937094509331,weak,negative,False,False,False
data_year,asian_victims,0.12309832378592367,0.12309832378592367,weak,positive,False,False,False
firearm_nonmarried,all_labor_force_part,-0.12296421503532814,0.12296421503532814,weak,negative,False,False,False
dv_total,fem_labor_force_part,-0.12289510276289749,0.12289510276289749,weak,negative,False,False,False
on_tribal_lands,nat_amer_pop,0.12276317018841737,0.12276317018841737,weak,positive,False,True,False
victims_age_60_69,asian_pop,0.12276264586647931,0.12276264586647931,weak,positive,False,True,False
victim_offender_nonmarried_partner,%_fem_age_18-29,0.12264598551252164,0.12264598551252164,weak,positive,False,False,False
black_pop,hispanic_pop,-0.12236691149270364,0.12236691149270364,weak,negative,False,False,False
victim_offender_nonmarried_partner,fem_labor_force_part,-0.12213223185539597,0.12213223185539597,weak,negative,False,False,False
near_school,%_fem_age_30-39,0.12176504983603954,0.12176504983603954,weak,positive,False,False,False
other_race_victims,firearm_nonmarried,0.12153279511347571,0.12153279511347571,weak,positive,False,False,False
on_tribal_lands,%_at_least_high_school,-0.12138877191375892,0.12138877191375892,weak,negative,False,False,False
other_race_pop,fem_age_50-59,-0.12117068179927556,0.12117068179927556,weak,negative,False,False,False
fem_age_80+,nat_amer_adj_rate,-0.11988656093579503,0.11988656093579503,weak,negative,False,False,False
asian_victims,nat_amer_adj_rate,-0.11962329188423765,0.11962329188423765,weak,negative,False,False,False
on_tribal_lands,black_adj_rate,-0.11899149955050703,0.11899149955050703,weak,negative,False,False,False
hispanic_pop,%_at_least_bach_degree,0.1188673454904015,0.1188673454904015,weak,positive,False,False,False
white_adj_rate,nat_amer_adj_rate,0.11869394243188963,0.11869394243188963,weak,positive,False,False,False
age_coef_variation,all_labor_force_part,0.11856439666437907,0.11856439666437907,weak,positive,False,False,False
poverty_gender_disparity_score,gun_deaths_per_100k,-0.11820332669564168,0.11820332669564168,weak,negative,False,False,False
%_fem_age_40-49,unemployment_rate,0.11773468310610323,0.11773468310610323,weak,positive,False,False,False
victim_offender_rel_spouse,black_adj_rate,0.11706159186185715,0.11706159186185715,weak,positive,False,False,False
on_tribal_lands,fem_age_70-79,0.11681306865097982,0.11681306865097982,weak,positive,False,False,False
victim_offender_rel_spouse,unemployment_rate,0.11652138491697868,0.11652138491697868,weak,positive,False,False,False
nat_amer_pop,%_at_least_high_school,0.1164410869948265,0.1164410869948265,weak,positive,False,True,False
hispanic_victims,mhhi,0.1162309169221055,0.1162309169221055,weak,positive,False,False,False
on_tribal_lands,all_labor_force_part,-0.11601298556732077,0.11601298556732077,weak,negative,False,False,False
mhhi,hispanic_adj_rate,0.11569147307464657,0.11569147307464657,weak,positive,False,False,False
firearm_nonmarried,%_fem_age_18-29,0.11542569370913923,0.11542569370913923,weak,positive,False,False,False
total_incidents,fem_labor_force_part,-0.11530140998647756,0.11530140998647756,weak,negative,False,False,False
white_victims,fem_age_50-59,0.11465423904682431,0.11465423904682431,weak,positive,False,False,False
victim_offender_rel_spouse,fem_labor_force_part,-0.1144504808005559,0.1144504808005559,weak,negative,False,False,False
nat_amer_pop,asian_pop,-0.11408002763535434,0.11408002763535434,weak,negative,False,False,False
male_poverty_rate,hispanic_adj_rate,-0.11405487787771902,0.11405487787771902,weak,negative,False,False,False
victims_age_70_79,asian_adj_rate,-0.11370648821386205,0.11370648821386205,weak,negative,False,False,False
hispanic_victims,other_race_pop,-0.11277423109031205,0.11277423109031205,weak,negative,False,True,False
asian_pop,fem_age_80+,0.11265776419962686,0.11265776419962686,weak,positive,False,False,False
other_race_victims,other_race_pop,0.11252131691701549,0.11252131691701549,weak,positive,False,True,False
near_school,asian_adj_rate,-0.11249076609941085,0.11249076609941085,weak,negative,False,False,False
victims_age_60_69,asian_adj_rate,-0.11157281456651474,0.11157281456651474,weak,negative,False,False,False
nat_amer_victims,fem_age_80+,-0.11152617811080462,0.11152617811080462,weak,negative,False,False,False
victims_age_60_69,black_adj_rate,0.11119085357631485,0.11119085357631485,weak,positive,False,False,False
%_fem_age_18-29,mhhi,0.11095215263901091,0.11095215263901091,weak,positive,False,False,False
all_labor_force_part,white_adj_rate,-0.11084465443547338,0.11084465443547338,weak,negative,False,False,False
near_school,fem_age_50-59,0.11041744928997764,0.11041744928997764,weak,positive,False,False,False
other_race_victims,poverty_gender_disparity_score,-0.11020975723541593,0.11020975723541593,weak,negative,False,False,False
hispanic_victims,gun_deaths_per_100k,-0.10927193683080588,0.10927193683080588,weak,negative,False,False,False
white_victims,fem_poverty_rate,0.10920562597588931,0.10920562597588931,weak,positive,False,False,False
asian_victims,%_at_least_bach_degree,0.10913679999578604,0.10913679999578604,weak,positive,False,False,False
fem_pop,mhhi,0.10904589214311373,0.10904589214311373,weak,positive,False,False,False
victims_age_50_59,asian_pop,0.10899487727728543,0.10899487727728543,weak,positive,False,True,False
black_victims,gun_deaths_per_100k,0.10847362775642419,0.10847362775642419,weak,positive,False,False,False
victims_age_30_39,fem_labor_force_part,-0.10841419654053193,0.10841419654053193,weak,negative,False,False,False
fem_age_80+,black_adj_rate,-0.10817530490584225,0.10817530490584225,weak,negative,False,False,False
involving_firearm,%_fem_age_30-39,0.10783753891375789,0.10783753891375789,weak,positive,False,False,False
other_race_pop,male_poverty_rate,-0.10776605080435564,0.10776605080435564,weak,negative,True,False,False
victims_age_50_59,asian_adj_rate,-0.10736940063199767,0.10736940063199767,weak,negative,False,False,False
white_victims,male_poverty_rate,0.10722583648828454,0.10722583648828454,weak,positive,False,False,False
data_year,victims_age_40_49,0.10681756444870565,0.10681756444870565,weak,positive,False,False,False
asian_pop,avg_years_schooling,0.1064255705485888,0.1064255705485888,weak,positive,False,True,False
victims_age_50_59,%_fem_age_18-29,0.1062067761639063,0.1062067761639063,weak,positive,False,False,False
victims_age_18_29,fem_labor_force_part,-0.10577672672638314,0.10577672672638314,weak,negative,False,False,False
avg_years_schooling,nat_amer_adj_rate,0.10540551617671522,0.10540551617671522,weak,positive,False,False,False
unemployment_rate,white_adj_rate,0.10515294955192445,0.10515294955192445,weak,positive,False,False,False
other_race_victims,%_fem_age_30-39,0.10503384298782927,0.10503384298782927,weak,positive,False,False,False
nat_amer_victims,white_pop,-0.1050225532159616,0.1050225532159616,weak,negative,False,True,False
black_pop,%_fem_age_18-29,0.10385426401472006,0.10385426401472006,weak,positive,False,False,False
nat_amer_victims,male_poverty_rate,0.10384927734597693,0.10384927734597693,weak,positive,False,False,False
nat_amer_pop,male_poverty_rate,0.1036663973405748,0.1036663973405748,weak,positive,True,False,False
sex_assaults,hispanic_adj_rate,0.10347144925400335,0.10347144925400335,weak,positive,False,False,False
white_victims,asian_pop,0.10344900426770627,0.10344900426770627,weak,positive,False,True,False
white_victims,fem_labor_force_part,-0.103276376034415,0.103276376034415,weak,negative,False,False,False
nat_amer_pop,avg_years_schooling,-0.10314947845460315,0.10314947845460315,weak,negative,False,True,False
other_race_victims,nat_amer_pop,-0.10300697475525754,0.10300697475525754,weak,negative,False,True,False
on_tribal_lands,fem_age_50-59,-0.10252353180952309,0.10252353180952309,weak,negative,False,False,False
other_race_victims,nat_amer_adj_rate,-0.10250306081466719,0.10250306081466719,weak,negative,False,False,False
nat_amer_victims,fem_pop,-0.10230431920234584,0.10230431920234584,weak,negative,False,True,False
nat_amer_victims,asian_pop,-0.10188080477151798,0.10188080477151798,weak,negative,False,True,False
hispanic_victims,nat_amer_pop,-0.10175201108471245,0.10175201108471245,weak,negative,False,True,False
black_victims,mhhi,-0.10144044225259292,0.10144044225259292,weak,negative,False,False,False
on_tribal_lands,hispanic_adj_rate,-0.10143317572357559,0.10143317572357559,weak,negative,False,False,False
on_tribal_lands,black_pop,-0.10101133991535717,0.10101133991535717,weak,negative,False,True,False
other_race_victims,unemployment_rate,0.10094599656978147,0.10094599656978147,weak,positive,False,False,False
fem_age_60-69,male_poverty_rate,-0.10069361876843608,0.10069361876843608,weak,negative,False,False,False
near_school,asian_pop,0.100176662506076,0.100176662506076,weak,positive,False,True,False
data_year,male_poverty_rate,-0.09992721539031557,0.09992721539031557,weak,negative,False,False,False
victims_age_40_49,asian_pop,0.09990958656536426,0.09990958656536426,weak,positive,False,True,False
fem_age_70-79,black_adj_rate,-0.09906120816089319,0.09906120816089319,weak,negative,False,False,False
age_coef_variation,%_at_least_bach_degree,0.09891951639142323,0.09891951639142323,weak,positive,False,False,False
victims_age_30_39,asian_pop,0.09865354573462712,0.09865354573462712,weak,positive,False,True,False
fem_pop,%_fem_age_30-39,0.09798605783875276,0.09798605783875276,weak,positive,False,False,False
nat_amer_pop,hispanic_pop,0.09720912474839262,0.09720912474839262,weak,positive,False,False,False
data_year,other_race_victims,0.09687543988102211,0.09687543988102211,weak,positive,False,False,False
involving_firearm,all_labor_force_part,-0.09600022331279123,0.09600022331279123,weak,negative,False,False,False
victims_age_30_39,asian_adj_rate,-0.09562727793900123,0.09562727793900123,weak,negative,False,False,False
total_incidents,asian_adj_rate,-0.09559641334931045,0.09559641334931045,weak,negative,False,False,False
data_year,all_labor_force_part,0.09535267066011599,0.09535267066011599,weak,positive,False,False,False
hispanic_victims,nat_amer_adj_rate,-0.09453417898493428,0.09453417898493428,weak,negative,False,False,False
%_at_least_high_school,black_adj_rate,0.0945214492141011,0.0945214492141011,weak,positive,False,False,False
data_year,victims_age_50_59,0.09429190593375981,0.09429190593375981,weak,positive,False,False,False
total_incidents,asian_pop,0.09428019050193066,0.09428019050193066,weak,positive,False,True,False
near_school,fem_poverty_rate,0.09408664316104065,0.09408664316104065,weak,positive,False,False,False
fem_age_60-69,nat_amer_adj_rate,-0.09401090856276068,0.09401090856276068,weak,negative,False,False,False
nat_amer_pop,mhhi,-0.09373623394739339,0.09373623394739339,weak,negative,False,False,False
victims_age_80_plus,fem_labor_force_part,-0.0930285730833704,0.0930285730833704,weak,negative,False,False,False
other_race_pop,fem_age_60-69,-0.09249286111802371,0.09249286111802371,weak,negative,False,False,False
victim_offender_rel_spouse,asian_pop,0.09230083023482936,0.09230083023482936,weak,positive,False,True,False
asian_victims,age_coef_variation,0.09178197582267646,0.09178197582267646,weak,positive,False,False,False
victims_age_40_49,asian_adj_rate,-0.0913542745611875,0.0913542745611875,weak,negative,False,False,False
data_year,victims_age_30_39,0.0912646984048964,0.0912646984048964,weak,positive,False,False,False
data_year,%_at_least_bach_degree,0.09111145841700877,0.09111145841700877,weak,positive,False,False,False
age_coef_variation,mhhi,0.09097533569130065,0.09097533569130065,weak,positive,False,False,False
poverty_gender_disparity_score,%_at_least_bach_degree,-0.09088227618934384,0.09088227618934384,weak,negative,False,False,False
victims_age_18_29,asian_adj_rate,-0.09086437257160138,0.09086437257160138,weak,negative,False,False,False
nat_amer_victims,diversity_index,0.09027215980031648,0.09027215980031648,weak,positive,False,False,False
asian_victims,all_labor_force_part,0.09003083669633619,0.09003083669633619,weak,positive,False,False,False
data_year,black_adj_rate,0.0897590181253198,0.0897590181253198,weak,positive,False,False,False
fem_age_50-59,labor_force_ratio,-0.089193235136773,0.089193235136773,weak,negative,False,False,False
data_year,white_adj_rate,0.08912304524029416,0.08912304524029416,weak,positive,False,False,False
involving_firearm,unemployment_rate,0.08896681843528927,0.08896681843528927,weak,positive,False,False,False
victims_age_60_69,%_fem_age_18-29,0.08847138515125483,0.08847138515125483,weak,positive,False,False,False
black_pop,black_adj_rate,-0.08812354343558626,0.08812354343558626,weak,negative,True,False,False
data_year,total_incidents,0.08789128638917487,0.08789128638917487,weak,positive,False,False,False
nat_amer_victims,mhhi,-0.087554923891786,0.087554923891786,weak,negative,False,False,False
nat_amer_victims,victims_age_18_29,-0.08719363255646762,0.08719363255646762,weak,negative,False,False,False
fem_pop,poverty_gender_disparity_score,-0.08708567153567896,0.08708567153567896,weak,negative,False,False,False
data_year,fem_poverty_rate,-0.08701362312892079,0.08701362312892079,weak,negative,False,False,False
on_tribal_lands,asian_adj_rate,-0.08685671664429298,0.08685671664429298,weak,negative,False,False,False
victim_offender_nonmarried_partner,asian_pop,0.08639789946659157,0.08639789946659157,weak,positive,False,True,False
asian_victims,poverty_gender_disparity_score,-0.08609880853466066,0.08609880853466066,weak,negative,False,False,False
dv_total,asian_pop,0.086030601361028,0.086030601361028,weak,positive,False,True,False
other_race_victims,%_fem_age_40-49,0.08478242588527739,0.08478242588527739,weak,positive,False,False,False
near_school,male_poverty_rate,0.08446964282928032,0.08446964282928032,weak,positive,False,False,False
poverty_gender_disparity_score,white_adj_rate,-0.08399800407289042,0.08399800407289042,weak,negative,False,False,False
data_year,avg_years_schooling,0.0839716344885118,0.0839716344885118,weak,positive,False,False,False
avg_years_schooling,asian_adj_rate,0.08385671431833282,0.08385671431833282,weak,positive,False,False,False
data_year,%_at_least_high_school,0.08349679841670042,0.08349679841670042,weak,positive,False,False,False
victims_age_70_79,black_adj_rate,0.08321060250138537,0.08321060250138537,weak,positive,False,False,False
black_pop,asian_pop,-0.08318377333966477,0.08318377333966477,weak,negative,False,False,False
black_victims,on_tribal_lands,-0.08316235052781752,0.08316235052781752,weak,negative,False,False,False
hispanic_victims,all_labor_force_part,0.08247865543473634,0.08247865543473634,weak,positive,False,False,False
data_year,hispanic_victims,0.08246625839285224,0.08246625839285224,weak,positive,False,False,False
white_victims,black_pop,0.08157461493243905,0.08157461493243905,weak,positive,False,True,False
other_race_victims,fem_age_70-79,-0.08146217762888304,0.08146217762888304,weak,negative,False,False,False
other_race_pop,%_fem_age_18-29,-0.08073849853376856,0.08073849853376856,weak,negative,False,False,False
victims_age_70_79,%_fem_age_18-29,0.08055012691740912,0.08055012691740912,weak,positive,False,False,False
other_race_pop,fem_age_80+,0.08039448679380491,0.08039448679380491,weak,positive,False,False,False
nat_amer_victims,victims_age_30_39,-0.08022655966339381,0.08022655966339381,weak,negative,False,False,False
total_incidents,nat_amer_victims,-0.079953877613354,0.079953877613354,weak,negative,True,False,False
asian_pop,%_at_least_high_school,-0.07986620903159203,0.07986620903159203,weak,negative,False,True,False
asian_victims,%_fem_age_18-29,0.07961961585493223,0.07961961585493223,weak,positive,False,False,False
age_coef_variation,labor_force_ratio,0.07941602320946912,0.07941602320946912,weak,positive,False,False,False
%_fem_age_40-49,male_poverty_rate,0.0793570208283065,0.0793570208283065,weak,positive,False,False,False
data_year,white_victims,0.07861233057336907,0.07861233057336907,weak,positive,False,False,False
nat_amer_pop,fem_age_70-79,-0.07844824381383303,0.07844824381383303,weak,negative,False,False,False
victim_offender_nonmarried_partner,asian_adj_rate,-0.07834755460747012,0.07834755460747012,weak,negative,False,False,False
black_victims,all_labor_force_part,-0.07834736633650122,0.07834736633650122,weak,negative,False,False,False
victims_age_18_29,asian_pop,0.07816878087524165,0.07816878087524165,weak,positive,False,True,False
hispanic_pop,fem_labor_force_part,-0.07813967543460819,0.07813967543460819,weak,negative,False,False,False
black_pop,avg_years_schooling,0.07779942937115357,0.07779942937115357,weak,positive,False,True,False
firearm_nonmarried,unemployment_rate,0.07777365207571356,0.07777365207571356,weak,positive,False,False,False
on_tribal_lands,fem_age_60-69,-0.07755670156388872,0.07755670156388872,weak,negative,False,False,False
fem_age_70-79,age_coef_variation,0.07740401351502364,0.07740401351502364,weak,positive,False,False,False
nat_amer_victims,firearm_nonmarried,-0.0772680808955857,0.0772680808955857,weak,negative,False,False,False
fem_pop,male_poverty_rate,0.07725600229981334,0.07725600229981334,weak,positive,True,False,False
sex_assaults,asian_adj_rate,-0.07723387692743154,0.07723387692743154,weak,negative,False,False,False
data_year,dv_total,0.07665847153760155,0.07665847153760155,weak,positive,False,False,False
on_tribal_lands,avg_years_schooling,-0.07663413244239327,0.07663413244239327,weak,negative,False,False,False
data_year,victim_offender_rel_spouse,0.07615423730758074,0.07615423730758074,weak,positive,False,False,False
data_year,black_victims,0.07561134259819188,0.07561134259819188,weak,positive,False,False,False
other_race_pop,fem_age_70-79,0.07557062453794829,0.07557062453794829,weak,positive,False,False,False
data_year,poverty_gender_disparity_score,0.07493801777467114,0.07493801777467114,weak,positive,False,False,False
asian_victims,hispanic_adj_rate,0.07493401651513602,0.07493401651513602,weak,positive,False,False,False
nat_amer_victims,involving_firearm,-0.07490554303559209,0.07490554303559209,weak,negative,False,False,False
firearm_nonmarried,asian_pop,-0.07490067338424132,0.07490067338424132,weak,negative,False,True,False
labor_force_ratio,asian_adj_rate,-0.07489012690066581,0.07489012690066581,weak,negative,False,False,False
poverty_gender_disparity_score,%_at_least_high_school,0.07408787964795155,0.07408787964795155,weak,positive,False,False,False
%_fem_age_40-49,%_at_least_bach_degree,-0.07378482462660234,0.07378482462660234,weak,negative,False,False,False
avg_years_schooling,black_adj_rate,-0.07372233918675793,0.07372233918675793,weak,negative,False,False,False
nat_amer_victims,victims_age_40_49,-0.07331301431622006,0.07331301431622006,weak,negative,False,False,False
hispanic_pop,male_poverty_rate,0.07322571651024899,0.07322571651024899,weak,positive,True,False,False
victims_age_80_plus,%_fem_age_18-29,0.07224216385475388,0.07224216385475388,weak,positive,False,False,False
poverty_gender_disparity_score,all_labor_force_part,0.07209496134238269,0.07209496134238269,weak,positive,False,False,False
dv_total,asian_adj_rate,-0.07204019598535567,0.07204019598535567,weak,negative,False,False,False
nat_amer_victims,victims_age_50_59,-0.07187381437048765,0.07187381437048765,weak,negative,False,False,False
nat_amer_victims,near_school,-0.07170704557105169,0.07170704557105169,weak,negative,False,False,False
nat_amer_victims,fem_age_60-69,-0.07159441748002586,0.07159441748002586,weak,negative,False,False,False
near_school,black_adj_rate,0.07098600257496193,0.07098600257496193,weak,positive,False,False,False
victim_offender_nonmarried_partner,%_at_least_bach_degree,-0.07020955854185845,0.07020955854185845,weak,negative,False,False,False
%_fem_age_18-29,male_poverty_rate,0.06948508296239973,0.06948508296239973,weak,positive,False,False,False
black_pop,mhhi,-0.06932119114574216,0.06932119114574216,weak,negative,False,False,False
nat_amer_victims,victims_age_60_69,-0.06917856611118291,0.06917856611118291,weak,negative,False,False,False
nat_amer_pop,hispanic_adj_rate,-0.06884568043147207,0.06884568043147207,weak,negative,True,False,False
fem_poverty_rate,asian_adj_rate,-0.06857552587440531,0.06857552587440531,weak,negative,False,False,False
poverty_gender_disparity_score,mhhi,-0.06839959121977619,0.06839959121977619,weak,negative,False,False,False
hispanic_pop,fem_age_50-59,-0.0682931730748237,0.0682931730748237,weak,negative,False,False,False
other_race_pop,nat_amer_adj_rate,-0.06796567220773352,0.06796567220773352,weak,negative,True,False,False
fem_poverty_rate,hispanic_adj_rate,-0.06775607441071789,0.06775607441071789,weak,negative,False,False,False
asian_pop,fem_age_50-59,0.06760651861108762,0.06760651861108762,weak,positive,False,False,False
white_victims,asian_adj_rate,-0.0675357367314647,0.0675357367314647,weak,negative,False,False,False
white_pop,fem_age_50-59,0.06751381371077368,0.06751381371077368,weak,positive,False,False,False
other_race_pop,unemployment_rate,0.06730784346121857,0.06730784346121857,weak,positive,True,False,False
sex_assaults,gun_deaths_per_100k,-0.06700409904769238,0.06700409904769238,weak,negative,False,False,False
hispanic_pop,black_adj_rate,-0.06700305149058271,0.06700305149058271,weak,negative,True,False,False
data_year,asian_adj_rate,0.06643087391461548,0.06643087391461548,weak,positive,False,False,False
poverty_gender_disparity_score,avg_years_schooling,-0.0662182061938276,0.0662182061938276,weak,negative,False,False,False
other_race_pop,avg_years_schooling,0.06571807688313619,0.06571807688313619,weak,positive,False,True,False
fem_age_80+,male_poverty_rate,-0.0657092400734865,0.0657092400734865,weak,negative,False,False,False
poverty_gender_disparity_score,nat_amer_adj_rate,0.0655701249748267,0.0655701249748267,weak,positive,False,False,False
asian_victims,fem_age_50-59,0.06545580893344448,0.06545580893344448,weak,positive,False,False,False
%_fem_age_40-49,nat_amer_adj_rate,0.06523779909053005,0.06523779909053005,weak,positive,False,False,False
firearm_nonmarried,%_fem_age_30-39,0.0639567487104402,0.0639567487104402,weak,positive,False,False,False
fem_age_80+,mhhi,-0.06391731304188472,0.06391731304188472,weak,negative,False,False,False
fem_age_70-79,poverty_gender_disparity_score,0.06373318595054525,0.06373318595054525,weak,positive,False,False,False
data_year,victims_age_18_29,0.06314352248655491,0.06314352248655491,weak,positive,False,False,False
fem_pop,fem_poverty_rate,0.06289229798904843,0.06289229798904843,weak,positive,True,False,False
black_pop,fem_labor_force_part,-0.06275373816462124,0.06275373816462124,weak,negative,False,False,False
black_pop,fem_age_50-59,0.06223074370287251,0.06223074370287251,weak,positive,False,False,False
fem_age_70-79,fem_poverty_rate,0.0620013020581412,0.0620013020581412,weak,positive,False,False,False
victims_age_70_79,all_labor_force_part,-0.06175625324024867,0.06175625324024867,weak,negative,False,False,False
fem_age_70-79,white_adj_rate,-0.06174653477170285,0.06174653477170285,weak,negative,False,False,False
male_poverty_rate,asian_adj_rate,-0.061602814237298874,0.061602814237298874,weak,negative,False,False,False
on_tribal_lands,gun_deaths_per_100k,0.06138867131946549,0.06138867131946549,weak,positive,False,False,False
data_year,fem_age_60-69,-0.06129821625615701,0.06129821625615701,weak,negative,False,False,False
victim_offender_rel_spouse,age_coef_variation,-0.06121661153611004,0.06121661153611004,weak,negative,False,False,False
sex_assaults,all_labor_force_part,0.06091879719986263,0.06091879719986263,weak,positive,False,False,False
mhhi,nat_amer_adj_rate,0.06076921156459452,0.06076921156459452,weak,positive,False,False,False
%_fem_age_40-49,hispanic_adj_rate,0.06068048110449755,0.06068048110449755,weak,positive,False,False,False
nat_amer_victims,victim_offender_nonmarried_partner,-0.06051470509046038,0.06051470509046038,weak,negative,False,False,False
victims_age_80_plus,male_poverty_rate,0.06010945025539453,0.06010945025539453,weak,positive,False,False,False
near_school,mhhi,0.06006558835810243,0.06006558835810243,weak,positive,False,False,False
nat_amer_victims,dv_total,-0.0598186800960075,0.0598186800960075,weak,negative,True,False,False
victims_age_80_plus,%_at_least_bach_degree,0.05936311171828457,0.05936311171828457,weak,positive,False,False,False
on_tribal_lands,%_fem_age_18-29,0.05923858374012582,0.05923858374012582,weak,positive,False,False,False
dv_total,%_at_least_bach_degree,-0.05912126828626001,0.05912126828626001,weak,negative,False,False,False
diversity_index,age_coef_variation,-0.05901630262711617,0.05901630262711617,weak,negative,False,False,False
black_victims,%_fem_age_18-29,0.05893900088830119,0.05893900088830119,weak,positive,False,False,False
hispanic_victims,male_poverty_rate,0.058712069443646174,0.058712069443646174,weak,positive,False,False,False
sex_assaults,poverty_gender_disparity_score,-0.05866270609041251,0.05866270609041251,weak,negative,False,False,False
%_fem_age_30-39,fem_poverty_rate,-0.058596096391940154,0.058596096391940154,weak,negative,False,False,False
on_tribal_lands,%_fem_age_40-49,-0.058259115045089786,0.058259115045089786,weak,negative,False,False,False
black_victims,%_fem_age_30-39,0.057937455310726776,0.057937455310726776,weak,positive,False,False,False
victims_age_80_plus,fem_poverty_rate,0.05782023349567462,0.05782023349567462,weak,positive,False,False,False
sex_assaults,male_poverty_rate,0.0575861810688747,0.0575861810688747,weak,positive,False,False,False
white_pop,age_coef_variation,0.057489916203107894,0.057489916203107894,weak,positive,False,False,False
victims_age_60_69,all_labor_force_part,-0.05746114628568968,0.05746114628568968,weak,negative,False,False,False
labor_force_ratio,unemployment_rate,-0.057199341064816805,0.057199341064816805,weak,negative,False,False,False
unemployment_rate,mhhi,-0.05712027123874416,0.05712027123874416,weak,negative,False,False,False
data_year,nat_amer_adj_rate,0.056913958926101814,0.056913958926101814,weak,positive,False,False,False
gun_deaths_per_100k,hispanic_adj_rate,0.05641336633809138,0.05641336633809138,weak,positive,False,False,False
victims_age_70_79,mhhi,0.055831561199013544,0.055831561199013544,weak,positive,False,False,False
victims_age_80_plus,gun_deaths_per_100k,-0.055718140632986725,0.055718140632986725,weak,negative,False,False,False
victim_offender_rel_spouse,%_at_least_bach_degree,-0.055658644706995566,0.055658644706995566,weak,negative,False,False,False
fem_pop,all_labor_force_part,-0.054536189401423546,0.054536189401423546,weak,negative,False,False,False
data_year,sex_assaults,-0.054394792673582264,0.054394792673582264,weak,negative,False,False,False
hispanic_victims,fem_poverty_rate,0.05420435987632674,0.05420435987632674,weak,positive,False,False,False
%_fem_age_40-49,fem_poverty_rate,0.053889369606547395,0.053889369606547395,weak,positive,False,False,False
fem_age_50-59,male_poverty_rate,-0.05382820083456129,0.05382820083456129,weak,negative,False,False,False
fem_pop,fem_age_80+,-0.053730404497807055,0.053730404497807055,weak,negative,False,False,False
nat_amer_victims,fem_labor_force_part,-0.053729336601686224,0.053729336601686224,weak,negative,False,False,False
fem_age_80+,avg_years_schooling,0.05368138607541727,0.05368138607541727,weak,positive,False,False,False
sex_assaults,fem_labor_force_part,-0.05342213736745468,0.05342213736745468,weak,negative,False,False,False
data_year,victim_offender_nonmarried_partner,0.05338044017441699,0.05338044017441699,weak,positive,False,False,False
hispanic_pop,other_race_pop,-0.053347809296934265,0.053347809296934265,weak,negative,False,False,False
on_tribal_lands,fem_age_80+,0.05308812261304001,0.05308812261304001,weak,positive,False,False,False
black_pop,white_adj_rate,-0.052713648807097994,0.052713648807097994,weak,negative,True,False,False
poverty_gender_disparity_score,fem_labor_force_part,0.05267435096064847,0.05267435096064847,weak,positive,False,False,False
nat_amer_victims,victim_offender_rel_spouse,-0.05236220893936446,0.05236220893936446,weak,negative,False,False,False
other_race_victims,asian_adj_rate,-0.05230359041360648,0.05230359041360648,weak,negative,False,False,False
victim_offender_rel_spouse,asian_adj_rate,-0.052192359895681335,0.052192359895681335,weak,negative,False,False,False
other_race_pop,%_fem_age_40-49,0.051943830828102326,0.051943830828102326,weak,positive,False,False,False
black_victims,%_at_least_bach_degree,-0.05164500126045569,0.05164500126045569,weak,negative,False,False,False
sex_assaults,fem_poverty_rate,0.05100109735415524,0.05100109735415524,weak,positive,False,False,False
data_year,%_fem_age_18-29,-0.05074529588581061,0.05074529588581061,weak,negative,False,False,False
fem_pop,%_at_least_bach_degree,0.05066937927030822,0.05066937927030822,weak,positive,False,False,False
other_race_victims,fem_age_50-59,0.050555468028533335,0.050555468028533335,weak,positive,False,False,False
sex_assaults,black_pop,0.05022671895184546,0.05022671895184546,weak,positive,False,True,False
on_tribal_lands,age_coef_variation,-0.04997504802759954,0.04997504802759954,weak,negative,False,False,False
poverty_gender_disparity_score,labor_force_ratio,-0.049934155363085694,0.049934155363085694,weak,negative,False,False,False
victims_age_80_plus,black_adj_rate,0.049470131150008964,0.049470131150008964,weak,positive,False,False,False
victims_age_50_59,all_labor_force_part,-0.04908080460577868,0.04908080460577868,weak,negative,False,False,False
hispanic_victims,%_at_least_bach_degree,0.04905131042161678,0.04905131042161678,weak,positive,False,False,False
on_tribal_lands,%_at_least_bach_degree,-0.049035973347985096,0.049035973347985096,weak,negative,False,False,False
fem_poverty_rate,black_adj_rate,0.0488699391435828,0.0488699391435828,weak,positive,False,False,False
on_tribal_lands,unemployment_rate,0.04874247779539478,0.04874247779539478,weak,positive,False,False,False
black_pop,hispanic_adj_rate,0.048706986835513076,0.048706986835513076,weak,positive,True,False,False
%_fem_age_30-39,gun_deaths_per_100k,0.04866245115663578,0.04866245115663578,weak,positive,False,False,False
on_tribal_lands,nat_amer_adj_rate,0.04861991112197215,0.04861991112197215,weak,positive,False,False,False
other_race_victims,fem_age_80+,0.04842226078925544,0.04842226078925544,weak,positive,False,False,False
hispanic_pop,asian_adj_rate,-0.04839996794078366,0.04839996794078366,weak,negative,True,False,False
nat_amer_victims,fem_poverty_rate,0.04839900051142766,0.04839900051142766,weak,positive,False,False,False
near_school,fem_labor_force_part,-0.04828520071000369,0.04828520071000369,weak,negative,False,False,False
data_year,diversity_index,0.04808337206928724,0.04808337206928724,weak,positive,False,False,False
fem_age_70-79,male_poverty_rate,0.04751595412351977,0.04751595412351977,weak,positive,False,False,False
victims_age_40_49,%_at_least_bach_degree,-0.047248066159025125,0.047248066159025125,weak,negative,False,False,False
victim_offender_nonmarried_partner,age_coef_variation,-0.046661858130697474,0.046661858130697474,weak,negative,False,False,False
black_victims,age_coef_variation,-0.04640470637557682,0.04640470637557682,weak,negative,False,False,False
nat_amer_victims,victims_age_70_79,-0.0453362239844057,0.0453362239844057,weak,negative,False,False,False
age_coef_variation,black_adj_rate,-0.045277962085274806,0.045277962085274806,weak,negative,False,False,False
white_pop,gun_deaths_per_100k,0.04498515451931012,0.04498515451931012,weak,positive,False,False,False
asian_pop,fem_age_70-79,-0.04496568218626177,0.04496568218626177,weak,negative,False,False,False
victims_age_18_29,%_at_least_bach_degree,-0.04490381591081971,0.04490381591081971,weak,negative,False,False,False
labor_force_ratio,hispanic_adj_rate,0.04481867101444722,0.04481867101444722,weak,positive,False,False,False
fem_age_60-69,fem_poverty_rate,-0.04466931448432255,0.04466931448432255,weak,negative,False,False,False
nat_amer_pop,fem_poverty_rate,0.044357800920939106,0.044357800920939106,weak,positive,True,False,False
nat_amer_victims,unemployment_rate,-0.04383088406995181,0.04383088406995181,weak,negative,False,False,False
other_race_victims,labor_force_ratio,-0.043198912840851034,0.043198912840851034,weak,negative,False,False,False
white_victims,%_at_least_bach_degree,-0.042286088224737874,0.042286088224737874,weak,negative,False,False,False
nat_amer_victims,other_race_pop,0.04224014784661268,0.04224014784661268,weak,positive,False,True,False
other_race_victims,black_adj_rate,-0.0420974969195071,0.0420974969195071,weak,negative,False,False,False
other_race_pop,all_labor_force_part,0.041865325114265106,0.041865325114265106,weak,positive,False,False,False
victim_offender_nonmarried_partner,mhhi,-0.04186359488249444,0.04186359488249444,weak,negative,False,False,False
involving_firearm,asian_adj_rate,-0.040840004766547866,0.040840004766547866,weak,negative,False,False,False
%_fem_age_18-29,%_at_least_high_school,-0.040397956186671864,0.040397956186671864,weak,negative,False,False,False
total_incidents,%_at_least_bach_degree,-0.04028654893674472,0.04028654893674472,weak,negative,False,False,False
dv_total,age_coef_variation,-0.039975120314136074,0.039975120314136074,weak,negative,False,False,False
other_race_pop,fem_labor_force_part,0.03994937084781034,0.03994937084781034,weak,positive,False,False,False
diversity_index,all_labor_force_part,0.03965176624389013,0.03965176624389013,weak,positive,False,False,False
data_year,hispanic_pop,0.03963547954334467,0.03963547954334467,weak,positive,False,False,False
%_fem_age_18-29,fem_poverty_rate,0.03962865697793283,0.03962865697793283,weak,positive,False,False,False
diversity_index,gun_deaths_per_100k,-0.039578719153912714,0.039578719153912714,weak,negative,False,False,False
victims_age_70_79,poverty_gender_disparity_score,-0.03956405039272202,0.03956405039272202,weak,negative,False,False,False
involving_firearm,asian_pop,-0.03904104173921335,0.03904104173921335,weak,negative,False,True,False
white_pop,nat_amer_pop,-0.03844581904294941,0.03844581904294941,weak,negative,False,False,False
asian_pop,labor_force_ratio,-0.03825565449327588,0.03825565449327588,weak,negative,False,False,False
data_year,age_coef_variation,-0.03786574015811702,0.03786574015811702,weak,negative,False,False,False
age_coef_variation,%_at_least_high_school,0.0377199322978224,0.0377199322978224,weak,positive,False,False,False
fem_age_70-79,gun_deaths_per_100k,0.03769447262959941,0.03769447262959941,weak,positive,False,False,False
victims_age_50_59,%_at_least_bach_degree,-0.0373968494158388,0.0373968494158388,weak,negative,False,False,False
data_year,white_pop,-0.03730460371419639,0.03730460371419639,weak,negative,False,False,False
asian_victims,fem_poverty_rate,-0.03689343580250741,0.03689343580250741,weak,negative,False,False,False
nat_amer_pop,labor_force_ratio,-0.036860163789453615,0.036860163789453615,weak,negative,False,False,False
fem_poverty_rate,labor_force_ratio,-0.03681878927996063,0.03681878927996063,weak,negative,False,False,False
white_victims,nat_amer_victims,-0.03645201773719032,0.03645201773719032,weak,negative,False,False,False
victims_age_30_39,%_at_least_bach_degree,-0.035796897020051476,0.035796897020051476,weak,negative,False,False,False
%_at_least_bach_degree,nat_amer_adj_rate,-0.03566261229635286,0.03566261229635286,weak,negative,False,False,False
victims_age_80_plus,poverty_gender_disparity_score,-0.03534783897835464,0.03534783897835464,weak,negative,False,False,False
sex_assaults,mhhi,0.03531686302017052,0.03531686302017052,weak,positive,False,False,False
%_fem_age_30-39,labor_force_ratio,-0.03509145005183742,0.03509145005183742,weak,negative,False,False,False
white_pop,fem_labor_force_part,0.03498230076857915,0.03498230076857915,weak,positive,False,False,False
age_coef_variation,avg_years_schooling,0.03439125903615375,0.03439125903615375,weak,positive,False,False,False
victims_age_40_49,all_labor_force_part,-0.0333712707546072,0.0333712707546072,weak,negative,False,False,False
%_fem_age_40-49,black_adj_rate,0.03306818858853917,0.03306818858853917,weak,positive,False,False,False
nat_amer_pop,diversity_index,0.03301016552649782,0.03301016552649782,weak,positive,False,False,False
victims_age_60_69,poverty_gender_disparity_score,-0.03285254726530737,0.03285254726530737,weak,negative,False,False,False
victim_offender_nonmarried_partner,all_labor_force_part,-0.03252234401967124,0.03252234401967124,weak,negative,False,False,False
dv_total,all_labor_force_part,-0.032254431267190894,0.032254431267190894,weak,negative,False,False,False
hispanic_victims,fem_age_50-59,0.03220700079616654,0.03220700079616654,weak,positive,False,False,False
hispanic_pop,age_coef_variation,0.03201236962585856,0.03201236962585856,weak,positive,False,False,False
hispanic_victims,poverty_gender_disparity_score,-0.0317673524948578,0.0317673524948578,weak,negative,False,False,False
involving_firearm,on_tribal_lands,-0.03166714642106579,0.03166714642106579,weak,negative,False,False,False
nat_amer_pop,black_adj_rate,-0.031471298798008855,0.031471298798008855,weak,negative,True,False,False
victims_age_70_79,on_tribal_lands,0.031369349768317366,0.031369349768317366,weak,positive,False,False,False
near_school,all_labor_force_part,0.031347984844807934,0.031347984844807934,weak,positive,False,False,False
fem_age_80+,fem_poverty_rate,-0.03133031482992774,0.03133031482992774,weak,negative,False,False,False
hispanic_pop,nat_amer_adj_rate,-0.030732192088070726,0.030732192088070726,weak,negative,True,False,False
asian_victims,black_adj_rate,-0.03046909243546183,0.03046909243546183,weak,negative,False,False,False
asian_victims,other_race_pop,0.030377966447097525,0.030377966447097525,weak,positive,False,True,False
data_year,other_race_pop,0.029955824324565852,0.029955824324565852,weak,positive,False,False,False
victims_age_80_plus,on_tribal_lands,0.029843711180226287,0.029843711180226287,weak,positive,False,False,False
%_fem_age_30-39,%_at_least_high_school,-0.02943637693829867,0.02943637693829867,weak,negative,False,False,False
dv_total,mhhi,-0.029250688374615582,0.029250688374615582,weak,negative,False,False,False
victims_age_50_59,poverty_gender_disparity_score,-0.029203170768495202,0.029203170768495202,weak,negative,False,False,False
mhhi,asian_adj_rate,-0.028884523507396856,0.028884523507396856,weak,negative,False,False,False
victims_age_70_79,age_coef_variation,-0.0287430921737321,0.0287430921737321,weak,negative,False,False,False
on_tribal_lands,fem_pop,0.02874134086549269,0.02874134086549269,weak,positive,False,True,False
firearm_nonmarried,on_tribal_lands,-0.028577756693793574,0.028577756693793574,weak,negative,False,False,False
hispanic_victims,asian_adj_rate,-0.028481067188451645,0.028481067188451645,weak,negative,False,False,False
hispanic_victims,on_tribal_lands,0.028257687065534023,0.028257687065534023,weak,positive,False,False,False
unemployment_rate,%_at_least_bach_degree,0.028137213576362737,0.028137213576362737,weak,positive,False,False,False
other_race_pop,white_adj_rate,-0.027892448150923392,0.027892448150923392,weak,negative,True,False,False
asian_victims,asian_adj_rate,-0.02787234739230809,0.02787234739230809,weak,negative,False,False,False
other_race_pop,%_at_least_bach_degree,0.02747246184661885,0.02747246184661885,weak,positive,False,False,False
firearm_nonmarried,asian_adj_rate,-0.027391045177555615,0.027391045177555615,weak,negative,False,False,False
victims_age_60_69,mhhi,0.027247693855851154,0.027247693855851154,weak,positive,False,False,False
victims_age_18_29,mhhi,-0.02704493662929599,0.02704493662929599,weak,negative,False,False,False
diversity_index,avg_years_schooling,-0.025959930207681926,0.025959930207681926,weak,negative,False,False,False
total_incidents,all_labor_force_part,-0.025886469964079152,0.025886469964079152,weak,negative,False,False,False
nat_amer_victims,hispanic_adj_rate,-0.025844175283600817,0.025844175283600817,weak,negative,False,False,False
other_race_victims,all_labor_force_part,0.025584817054205563,0.025584817054205563,weak,positive,False,False,False
victims_age_60_69,%_at_least_bach_degree,-0.025412584433508082,0.025412584433508082,weak,negative,False,False,False
on_tribal_lands,other_race_pop,-0.02522086170871296,0.02522086170871296,weak,negative,False,True,False
victim_offender_rel_spouse,gun_deaths_per_100k,0.02510412290163075,0.02510412290163075,weak,positive,False,False,False
victims_age_40_49,age_coef_variation,-0.024962766237262693,0.024962766237262693,weak,negative,False,False,False
victims_age_50_59,age_coef_variation,-0.02482702925546903,0.02482702925546903,weak,negative,False,False,False
victim_offender_nonmarried_partner,gun_deaths_per_100k,0.024657419585810816,0.024657419585810816,weak,positive,False,False,False
hispanic_pop,all_labor_force_part,0.02405967778927648,0.02405967778927648,weak,positive,False,False,False
nat_amer_victims,victims_age_80_plus,-0.023695865632367048,0.023695865632367048,weak,negative,False,False,False
other_race_pop,asian_adj_rate,-0.02369413780511724,0.02369413780511724,weak,negative,True,False,False
victims_age_30_39,poverty_gender_disparity_score,-0.023594369241709972,0.023594369241709972,weak,negative,False,False,False
victims_age_18_29,age_coef_variation,-0.02344994136076722,0.02344994136076722,weak,negative,False,False,False
labor_force_ratio,black_adj_rate,-0.02323610149150553,0.02323610149150553,weak,negative,False,False,False
data_year,nat_amer_victims,0.023177505654178417,0.023177505654178417,weak,positive,False,False,False
white_victims,poverty_gender_disparity_score,-0.023151114052588413,0.023151114052588413,weak,negative,False,False,False
other_race_victims,male_poverty_rate,0.022945372149713386,0.022945372149713386,weak,positive,False,False,False
total_incidents,poverty_gender_disparity_score,-0.02219141813113318,0.02219141813113318,weak,negative,False,False,False
victims_age_40_49,poverty_gender_disparity_score,-0.022168734706655067,0.022168734706655067,weak,negative,False,False,False
victims_age_18_29,gun_deaths_per_100k,0.021820402642734632,0.021820402642734632,weak,positive,False,False,False
nat_amer_victims,sex_assaults,-0.021343598253654464,0.021343598253654464,weak,negative,False,False,False
nat_amer_pop,all_labor_force_part,0.02116216264330982,0.02116216264330982,weak,positive,False,False,False
total_incidents,age_coef_variation,-0.021135966323509413,0.021135966323509413,weak,negative,False,False,False
white_victims,on_tribal_lands,0.020857189370080218,0.020857189370080218,weak,positive,False,False,False
data_year,asian_pop,0.020742868145044176,0.020742868145044176,weak,positive,False,False,False
victims_age_30_39,all_labor_force_part,-0.020613828421016556,0.020613828421016556,weak,negative,False,False,False
labor_force_ratio,nat_amer_adj_rate,0.020589449421677574,0.020589449421677574,weak,positive,False,False,False
nat_amer_victims,black_adj_rate,0.01983004772252358,0.01983004772252358,weak,positive,False,False,False
on_tribal_lands,male_poverty_rate,0.019487005271182096,0.019487005271182096,weak,positive,False,False,False
hispanic_pop,fem_poverty_rate,0.01939810189495031,0.01939810189495031,weak,positive,True,False,False
near_school,unemployment_rate,0.01938845428424198,0.01938845428424198,weak,positive,False,False,False
white_victims,age_coef_variation,-0.019283021785617725,0.019283021785617725,weak,negative,False,False,False
%_at_least_bach_degree,asian_adj_rate,-0.019063061473920374,0.019063061473920374,weak,negative,False,False,False
other_race_victims,black_pop,-0.019023731786739332,0.019023731786739332,weak,negative,False,True,False
data_year,firearm_nonmarried,-0.018811267698460983,0.018811267698460983,weak,negative,False,False,False
asian_victims,male_poverty_rate,-0.018764867487751937,0.018764867487751937,weak,negative,False,False,False
victims_age_40_49,gun_deaths_per_100k,0.018335240551868102,0.018335240551868102,weak,positive,False,False,False
asian_pop,white_adj_rate,-0.018293818208088508,0.018293818208088508,weak,negative,True,False,False
victims_age_60_69,age_coef_variation,-0.018228805971201984,0.018228805971201984,weak,negative,False,False,False
nat_amer_victims,all_labor_force_part,-0.018116636439750228,0.018116636439750228,weak,negative,False,False,False
white_victims,mhhi,0.017969035463647472,0.017969035463647472,weak,positive,False,False,False
victims_age_18_29,poverty_gender_disparity_score,-0.01730917415888878,0.01730917415888878,weak,negative,False,False,False
dv_total,poverty_gender_disparity_score,-0.01721243139652793,0.01721243139652793,weak,negative,False,False,False
male_poverty_rate,black_adj_rate,0.01710836803348644,0.01710836803348644,weak,positive,False,False,False
nat_amer_victims,asian_victims,-0.017102362795042184,0.017102362795042184,weak,negative,False,False,False
asian_victims,fem_labor_force_part,0.016939054572253087,0.016939054572253087,weak,positive,False,False,False
male_poverty_rate,labor_force_ratio,-0.01676548513711492,0.01676548513711492,weak,negative,False,False,False
other_race_victims,%_fem_age_18-29,-0.016596859162891473,0.016596859162891473,weak,negative,False,False,False
victims_age_18_29,all_labor_force_part,-0.016303690893678346,0.016303690893678346,weak,negative,False,False,False
dv_total,gun_deaths_per_100k,0.016264310165632286,0.016264310165632286,weak,positive,False,False,False
victim_offender_rel_spouse,poverty_gender_disparity_score,-0.016206806568636663,0.016206806568636663,weak,negative,False,False,False
total_incidents,gun_deaths_per_100k,0.015285265622696638,0.015285265622696638,weak,positive,False,False,False
black_victims,poverty_gender_disparity_score,0.015251222552884313,0.015251222552884313,weak,positive,False,False,False
near_school,on_tribal_lands,-0.015075472026469297,0.015075472026469297,weak,negative,False,False,False
sex_assaults,on_tribal_lands,0.01500442550979126,0.01500442550979126,weak,positive,False,False,False
black_pop,poverty_gender_disparity_score,-0.014923075245594821,0.014923075245594821,weak,negative,False,False,False
victims_age_30_39,age_coef_variation,-0.014906099203636789,0.014906099203636789,weak,negative,False,False,False
diversity_index,hispanic_adj_rate,0.014824001738532417,0.014824001738532417,weak,positive,False,False,False
fem_poverty_rate,poverty_gender_disparity_score,-0.014548367178885016,0.014548367178885016,weak,negative,False,False,False
on_tribal_lands,white_adj_rate,0.014379651965023868,0.014379651965023868,weak,positive,False,False,False
age_coef_variation,hispanic_adj_rate,-0.014371719649328367,0.014371719649328367,weak,negative,False,False,False
white_victims,gun_deaths_per_100k,-0.014192336757664665,0.014192336757664665,weak,negative,False,False,False
other_race_victims,avg_years_schooling,0.01387643754570489,0.01387643754570489,weak,positive,False,False,False
asian_victims,black_pop,-0.013874502701502815,0.013874502701502815,weak,negative,False,True,False
on_tribal_lands,fem_poverty_rate,-0.013746430662955628,0.013746430662955628,weak,negative,False,False,False
victims_age_70_79,%_at_least_bach_degree,-0.013641503305907647,0.013641503305907647,weak,negative,False,False,False
other_race_victims,white_adj_rate,0.013127875464434833,0.013127875464434833,weak,positive,False,False,False
victim_offender_rel_spouse,all_labor_force_part,-0.012813156735788882,0.012813156735788882,weak,negative,False,False,False
fem_pop,white_adj_rate,0.012595706257897308,0.012595706257897308,weak,positive,True,False,False
other_race_victims,fem_labor_force_part,0.0125833531390109,0.0125833531390109,weak,positive,False,False,False
victim_offender_nonmarried_partner,poverty_gender_disparity_score,-0.012311176469133397,0.012311176469133397,weak,negative,False,False,False
gun_deaths_per_100k,nat_amer_adj_rate,0.012226838749476745,0.012226838749476745,weak,positive,False,False,False
other_race_pop,age_coef_variation,-0.012176652159928384,0.012176652159928384,weak,negative,False,False,False
nat_amer_victims,hispanic_victims,0.01213983020287956,0.01213983020287956,weak,positive,False,False,False
%_at_least_high_school,hispanic_adj_rate,0.011057758885184605,0.011057758885184605,weak,positive,False,False,False
nat_amer_pop,fem_labor_force_part,0.011037859943671981,0.011037859943671981,weak,positive,False,False,False
involving_firearm,poverty_gender_disparity_score,-0.011029820029571197,0.011029820029571197,weak,negative,False,False,False
data_year,fem_pop,0.010977422261598514,0.010977422261598514,weak,positive,False,False,False
on_tribal_lands,mhhi,0.01090895596437385,0.01090895596437385,weak,positive,False,False,False
victims_age_50_59,gun_deaths_per_100k,0.010799584164622041,0.010799584164622041,weak,positive,False,False,False
fem_age_60-69,gun_deaths_per_100k,-0.0105966949247577,0.0105966949247577,weak,negative,False,False,False
white_pop,avg_years_schooling,0.010593803287450252,0.010593803287450252,weak,positive,False,True,False
victims_age_60_69,on_tribal_lands,0.010179921876229726,0.010179921876229726,weak,positive,False,False,False
fem_age_80+,%_at_least_bach_degree,-0.010106257761216595,0.010106257761216595,weak,negative,False,False,False
diversity_index,fem_labor_force_part,-0.010078077962207643,0.010078077962207643,weak,negative,False,False,False
total_incidents,mhhi,-0.009939233997799666,0.009939233997799666,weak,negative,False,False,False
nat_amer_pop,unemployment_rate,-0.009871378092120563,0.009871378092120563,weak,negative,True,False,False
data_year,on_tribal_lands,0.009840924468146522,0.009840924468146522,weak,positive,False,False,False
fem_age_50-59,fem_poverty_rate,-0.009811381389025788,0.009811381389025788,weak,negative,False,False,False
victims_age_18_29,on_tribal_lands,-0.009687939368153792,0.009687939368153792,weak,negative,False,False,False
near_school,poverty_gender_disparity_score,0.00964337532227833,0.00964337532227833,weak,positive,False,False,False
victims_age_60_69,gun_deaths_per_100k,0.009580407754187071,0.009580407754187071,weak,positive,False,False,False
victims_age_70_79,gun_deaths_per_100k,0.0091706227812918,0.0091706227812918,weak,positive,False,False,False
data_year,involving_firearm,0.008475773586011334,0.008475773586011334,weak,positive,False,False,False
victims_age_30_39,gun_deaths_per_100k,0.008400535177058004,0.008400535177058004,weak,positive,False,False,False
near_school,gun_deaths_per_100k,-0.008259728796661538,0.008259728796661538,weak,negative,False,False,False
nat_amer_victims,other_race_victims,0.007918296730631618,0.007918296730631618,weak,positive,False,False,False
on_tribal_lands,asian_pop,-0.007776757845055829,0.007776757845055829,weak,negative,False,True,False
white_pop,hispanic_adj_rate,0.007761613550462645,0.007761613550462645,weak,positive,True,False,False
hispanic_victims,fem_labor_force_part,-0.007662317518880302,0.007662317518880302,weak,negative,False,False,False
nat_amer_pop,%_fem_age_40-49,-0.007637777482164448,0.007637777482164448,weak,negative,False,False,False
victim_offender_rel_spouse,mhhi,-0.007214905545856437,0.007214905545856437,weak,negative,False,False,False
victims_age_80_plus,age_coef_variation,0.006992606494361257,0.006992606494361257,weak,positive,False,False,False
nat_amer_victims,%_at_least_high_school,-0.006934076039036598,0.006934076039036598,weak,negative,False,False,False
unemployment_rate,gun_deaths_per_100k,-0.006823890585835982,0.006823890585835982,weak,negative,False,False,False
%_fem_age_18-29,unemployment_rate,-0.006644040170745256,0.006644040170745256,weak,negative,False,False,False
sex_assaults,%_at_least_bach_degree,-0.00638390091264241,0.00638390091264241,weak,negative,False,False,False
victims_age_40_49,mhhi,-0.0063709069203308575,0.0063709069203308575,weak,negative,False,False,False
victims_age_30_39,on_tribal_lands,-0.006313569669777063,0.006313569669777063,weak,negative,False,False,False
firearm_nonmarried,poverty_gender_disparity_score,0.006038932916459598,0.006038932916459598,weak,positive,False,False,False
poverty_gender_disparity_score,asian_adj_rate,-0.005686413776551543,0.005686413776551543,weak,negative,False,False,False
black_victims,asian_pop,0.00545034182637236,0.00545034182637236,weak,positive,False,True,False
data_year,nat_amer_pop,-0.0052978005271955165,0.0052978005271955165,weak,negative,False,False,False
on_tribal_lands,%_fem_age_30-39,-0.005214819512618625,0.005214819512618625,weak,negative,False,False,False
near_school,%_at_least_bach_degree,0.005189457249990682,0.005189457249990682,weak,positive,False,False,False
victim_offender_nonmarried_partner,on_tribal_lands,-0.005038948962526048,0.005038948962526048,weak,negative,False,False,False
total_incidents,on_tribal_lands,-0.005033136219898228,0.005033136219898228,weak,negative,True,False,False
hispanic_victims,black_pop,0.004918828221901689,0.004918828221901689,weak,positive,False,True,False
other_race_pop,labor_force_ratio,0.00464683529062149,0.00464683529062149,weak,positive,False,False,False
data_year,black_pop,-0.004600278164445765,0.004600278164445765,weak,negative,False,False,False
data_year,gun_deaths_per_100k,-0.004454046158774547,0.004454046158774547,weak,negative,False,False,False
hispanic_victims,black_adj_rate,0.0044161445476235284,0.0044161445476235284,weak,positive,False,False,False
fem_pop,%_fem_age_18-29,-0.0042406933593786495,0.0042406933593786495,weak,negative,False,False,False
%_fem_age_40-49,fem_labor_force_part,0.004204820668820766,0.004204820668820766,weak,positive,False,False,False
hispanic_victims,age_coef_variation,-0.004178713713999909,0.004178713713999909,weak,negative,False,False,False
age_coef_variation,nat_amer_adj_rate,-0.0038919275056159253,0.0038919275056159253,weak,negative,False,False,False
victims_age_40_49,on_tribal_lands,-0.003874352569709368,0.003874352569709368,weak,negative,False,False,False
diversity_index,fem_age_50-59,-0.003686489901106249,0.003686489901106249,weak,negative,False,False,False
%_fem_age_30-39,male_poverty_rate,0.0035473986943009047,0.0035473986943009047,weak,positive,False,False,False
victims_age_80_plus,all_labor_force_part,-0.0033070393068559216,0.0033070393068559216,weak,negative,False,False,False
victims_age_30_39,mhhi,-0.003186153890601256,0.003186153890601256,weak,negative,False,False,False
victim_offender_rel_spouse,on_tribal_lands,0.0031117464942990104,0.0031117464942990104,weak,positive,False,False,False
nat_amer_victims,fem_age_70-79,0.002871168283354438,0.002871168283354438,weak,positive,False,False,False
white_pop,all_labor_force_part,0.002762388987902688,0.002762388987902688,weak,positive,False,False,False
dv_total,on_tribal_lands,0.002568384992151128,0.002568384992151128,weak,positive,True,False,False
sex_assaults,age_coef_variation,-0.0024348943264476874,0.0024348943264476874,weak,negative,False,False,False
victims_age_50_59,mhhi,-0.0018606081661088388,0.0018606081661088388,weak,negative,False,False,False
victims_age_50_59,on_tribal_lands,0.0017757623645931226,0.0017757623645931226,weak,positive,False,False,False
near_school,age_coef_variation,-0.0016065907420238456,0.0016065907420238456,weak,negative,False,False,False
asian_victims,on_tribal_lands,0.0013871843982562176,0.0013871843982562176,weak,positive,False,False,False
data_year,%_fem_age_30-39,0.0011317597711985679,0.0011317597711985679,weak,positive,False,False,False
other_race_victims,hispanic_adj_rate,-0.0010987875573970575,0.0010987875573970575,weak,negative,False,False,False
nat_amer_pop,fem_age_60-69,-0.000569624792692913,0.000569624792692913,weak,negative,False,False,False
nat_amer_victims,%_fem_age_40-49,0.0004161993644041596,0.0004161993644041596,weak,positive,False,False,False
other_race_victims,fem_poverty_rate,-0.0004112798411737636,0.0004112798411737636,weak,negative,False,False,False
white_victims,all_labor_force_part,0.00015183112854620992,0.00015183112854620992,weak,positive,False,False,False
other_race_victims,on_tribal_lands,-5.57743287067828e-05,5.57743287067828e-05,weak,negative,False,False,False
