state,variable,pre_2022,post_2022_avg,absolute_change,percent_change,percent_change_reliable,direction
Alabama,total_incidents,36000.0,43149.0,7149.0,0.19858333333333333,True,increase
Alabama,white_victims,14280.0,20539.5,6259.5,0.4383403361344538,True,increase
Alabama,black_victims,18897.0,21534.5,2637.5,0.1395724189024713,True,increase
Alabama,nat_amer_victims,31.0,68.0,37.0,1.1935483870967742,True,increase
Alabama,asian_victims,105.0,144.0,39.0,0.37142857142857144,True,increase
Alabama,hispanic_victims,645.0,1495.0,850.0,1.317829457364341,True,increase
Alabama,other_race_victims,2687.0,863.0,-1824.0,-0.6788239672497208,True,decrease
Alabama,victims_age_18_29,13768.0,15224.5,1456.5,0.1057887855897734,True,increase
Alabama,victims_age_30_39,10321.0,12000.0,1679.0,0.16267803507412074,True,increase
Alabama,victims_age_40_49,6369.0,7975.5,1606.5,0.2522373999057937,True,increase
Alabama,victims_age_50_59,3284.0,4338.0,1054.0,0.3209500609013398,True,increase
Alabama,victims_age_60_69,1575.0,2355.0,780.0,0.49523809523809526,True,increase
Alabama,victims_age_70_79,535.0,938.0,403.0,0.7532710280373832,True,increase
Alabama,victims_age_80_plus,148.0,318.0,170.0,1.1486486486486487,True,increase
Alabama,involving_firearm,4368.0,3495.0,-873.0,-0.19986263736263737,True,decrease
Alabama,sex_assaults,941.0,754.0,-187.0,-0.19872476089266738,True,decrease
Alabama,victim_offender_nonmarried_partner,8345.0,9636.0,1291.0,0.15470341521869382,True,increase
Alabama,victim_offender_rel_spouse,3490.0,4326.5,836.5,0.23968481375358167,True,increase
Alabama,dv_total,18612.0,20165.0,1553.0,0.0834407908875994,True,increase
Alabama,firearm_nonmarried,438.0,351.5,-86.5,-0.19748858447488585,True,decrease
Alabama,near_school,248.0,525.0,277.0,1.1169354838709677,True,increase
Alabama,on_tribal_lands,1.0,2.0,1.0,1.0,False,increase
Alabama,fem_pop,2038178.8,2087081.1,48902.30000000005,0.023993135440325473,True,increase
Alabama,white_pop,0.641532918,0.6306924635,-0.01084045450000004,-0.016897736960708915,False,decrease
Alabama,black_pop,0.257599144,0.25205748299999997,-0.005541661000000031,-0.02151273064789389,False,decrease
Alabama,nat_amer_pop,0.003179046,0.0028641895000000002,-0.0003148564999999998,-0.09904119034452469,False,decrease
Alabama,asian_pop,0.013483861,0.015117178500000002,0.001633317500000002,0.12113129169753396,False,increase
Alabama,hispanic_pop,0.04711107,0.0582309575,0.011119887500000002,0.23603555385178052,False,increase
Alabama,other_race_pop,0.037093961,0.041037728,0.003943767000000001,0.10631830340254039,False,increase
Alabama,diversity_index,0.51829086,0.5333668545,0.015075994499999967,0.02908790346023074,False,increase
Alabama,%_fem_age_18-29,0.189434215,0.19373901300000002,0.004304798000000026,0.022724500956704294,False,increase
Alabama,%_fem_age_30-39,0.159842699,0.16394438849999998,0.0041016894999999776,0.025660787296891037,False,increase
Alabama,%_fem_age_40-49,0.156970527,0.15695454199999997,-1.5985000000023897e-05,-0.00010183440360128176,False,decrease
Alabama,fem_age_50-59,0.161622229,0.155241404,-0.006380825000000007,-0.03947987253659276,False,decrease
Alabama,fem_age_60-69,0.166411308,0.164277591,-0.002133717000000007,-0.012821947172003523,False,decrease
Alabama,fem_age_70-79,0.1084581,0.1113958835,0.002937783499999999,0.027086805872498218,False,increase
Alabama,fem_age_80+,0.057260923,0.054447178,-0.0028137449999999994,-0.04913900881409124,False,decrease
Alabama,age_coef_variation,0.527954329,0.488457517,-0.03949681200000005,-0.07481103919502106,False,decrease
Alabama,fem_poverty_rate,0.179,0.1725,-0.006500000000000006,-0.036312849162011204,False,decrease
Alabama,male_poverty_rate,0.142,0.1335,-0.00849999999999998,-0.05985915492957733,False,decrease
Alabama,poverty_gender_disparity_score,1.26056338,1.2937310415,0.033167661500000056,0.026311776167890943,False,increase
Alabama,fem_labor_force_part,0.530470521,0.5431330955,0.012662574499999968,0.02387045839254085,False,increase
Alabama,all_labor_force_part,0.577143878,0.588883575,0.011739696999999993,0.020341023178972354,False,increase
Alabama,labor_force_ratio,0.919130464,0.9223335534999999,0.0032030894999999227,0.0034849127794766713,False,increase
Alabama,unemployment_rate,0.053,0.041,-0.011999999999999997,-0.2264150943396226,False,decrease
Alabama,mhhi,53913.0,58062.5,4149.5,0.07696659432789865,True,increase
Alabama,%_at_least_bach_degree,0.274328873,0.293716255,0.01938738200000001,0.0706720433324567,False,increase
Alabama,%_at_least_high_school,0.879327181,0.893462457,0.014135276000000085,0.016075104131234728,False,increase
Alabama,avg_years_schooling,13.24817426,13.38964312,0.1414688599999998,0.010678366484590595,True,increase
Alabama,gun_deaths_per_100k,23.6,25.75,2.1499999999999986,0.09110169491525417,True,increase
Alabama,white_adj_rate,1092.111504,1560.4111305000001,468.29962650000016,0.4288020268853428,True,increase
Alabama,black_adj_rate,3599.201553,4093.5429065,494.34135349999997,0.13734750505649163,True,increase
Alabama,nat_amer_adj_rate,478.434624,1173.24567525,694.81105125,1.4522591309152408,True,increase
Alabama,asian_adj_rate,382.0610388,456.04732355,73.98628474999998,0.19365043078556374,True,increase
Alabama,hispanic_adj_rate,671.7295697,1228.537534,556.8079643000001,0.8289168579383445,True,increase
Alaska,total_incidents,3443.0,3849.5,406.5,0.11806564042985768,True,increase
Alaska,white_victims,1204.0,1292.0,88.0,0.07308970099667775,True,increase
Alaska,black_victims,40.0,69.0,29.0,0.725,True,increase
Alaska,nat_amer_victims,2094.0,2374.5,280.5,0.1339541547277937,True,increase
Alaska,asian_victims,29.0,50.5,21.5,0.7413793103448276,True,increase
Alaska,hispanic_victims,23.0,28.5,5.5,0.2391304347826087,True,increase
Alaska,other_race_victims,76.0,63.5,-12.5,-0.16447368421052633,True,decrease
Alaska,victims_age_18_29,1212.0,1383.5,171.5,0.1415016501650165,True,increase
Alaska,victims_age_30_39,1078.0,1157.5,79.5,0.07374768089053803,True,increase
Alaska,victims_age_40_49,614.0,691.0,77.0,0.1254071661237785,True,increase
Alaska,victims_age_50_59,347.0,358.5,11.5,0.03314121037463977,True,increase
Alaska,victims_age_60_69,135.0,200.5,65.5,0.48518518518518516,True,increase
Alaska,victims_age_70_79,49.0,44.5,-4.5,-0.09183673469387756,True,decrease
Alaska,victims_age_80_plus,8.0,14.0,6.0,0.75,False,increase
Alaska,involving_firearm,169.0,194.0,25.0,0.14792899408284024,True,increase
Alaska,sex_assaults,338.0,251.0,-87.0,-0.257396449704142,True,decrease
Alaska,victim_offender_nonmarried_partner,1086.0,1282.0,196.0,0.18047882136279927,True,increase
Alaska,victim_offender_rel_spouse,341.0,354.5,13.5,0.039589442815249266,True,increase
Alaska,dv_total,1957.0,2217.0,260.0,0.13285641287685232,True,increase
Alaska,firearm_nonmarried,31.0,44.0,13.0,0.41935483870967744,True,increase
Alaska,near_school,14.0,26.0,12.0,0.8571428571428571,True,increase
Alaska,on_tribal_lands,2.0,0.0,-2.0,-1.0,False,decrease
Alaska,fem_pop,263199.8,266302.7,3102.9000000000233,0.011789142696917032,True,increase
Alaska,white_pop,0.578900819,0.5733224834999999,-0.005578335500000087,-0.009636081547848159,False,decrease
Alaska,black_pop,0.028778186,0.025850068,-0.0029281180000000004,-0.10174783080490203,False,decrease
Alaska,nat_amer_pop,0.134611211,0.1323963185,-0.0022148925000000097,-0.016453997282588964,False,decrease
Alaska,asian_pop,0.063617739,0.058853323,-0.004764416000000007,-0.0748913129402478,False,decrease
Alaska,hispanic_pop,0.071370175,0.076062134,0.004691959000000009,0.06574117269573754,False,increase
Alaska,other_race_pop,0.122721869,0.13351567250000002,0.010793803500000018,0.08795338262001223,False,increase
Alaska,diversity_index,0.621723903,0.6260065939999999,0.004282690999999894,0.006888412974528814,False,increase
Alaska,%_fem_age_18-29,0.218806639,0.2171695505,-0.0016370884999999946,-0.007481895921814304,False,decrease
Alaska,%_fem_age_30-39,0.203815498,0.206648031,0.002832532999999998,0.01389753491660383,False,increase
Alaska,%_fem_age_40-49,0.159917947,0.166056595,0.0061386479999999966,0.03838623566121691,False,increase
Alaska,fem_age_50-59,0.154560343,0.137699156,-0.016861187,-0.10909128870139737,False,decrease
Alaska,fem_age_60-69,0.158451674,0.1501316855,-0.008319988499999986,-0.052508050498728004,False,decrease
Alaska,fem_age_70-79,0.077781314,0.09175596,0.013974645999999993,0.1796658513637349,False,increase
Alaska,fem_age_80+,0.026666585,0.030539023,0.003872437999999999,0.1452168697266635,False,increase
Alaska,age_coef_variation,0.342840499,0.33255370650000005,-0.010286792499999975,-0.030004601352537335,False,decrease
Alaska,fem_poverty_rate,0.107,0.107,0.0,0.0,False,decrease
Alaska,male_poverty_rate,0.103,0.099,-0.00399999999999999,-0.03883495145631058,False,decrease
Alaska,poverty_gender_disparity_score,1.038834951,1.081495098,0.04266014700000009,0.04106537516757087,False,increase
Alaska,fem_labor_force_part,0.619996837,0.6231553425,0.003158505500000075,0.005094389699281765,False,increase
Alaska,all_labor_force_part,0.659223338,0.6673189915,0.008095653499999966,0.012280592984710088,False,increase
Alaska,labor_force_ratio,0.940495885,0.933815681,-0.006680204000000023,-0.007102852980584835,False,decrease
Alaska,unemployment_rate,0.07,0.054,-0.016000000000000007,-0.22857142857142865,False,decrease
Alaska,mhhi,77845.0,91148.0,13303.0,0.17089087288843213,True,increase
Alaska,%_at_least_bach_degree,0.327906311,0.32494891049999997,-0.0029574005000000403,-0.009019041112630615,False,decrease
Alaska,%_at_least_high_school,0.933117735,0.9331562984999999,3.8563499999977324e-05,4.132758231197623e-05,False,increase
Alaska,avg_years_schooling,13.69826608,13.707360075,0.009093995000000632,0.0006638792783619686,True,increase
Alaska,gun_deaths_per_100k,23.5,23.1,-0.3999999999999986,-0.01702127659574462,True,decrease
Alaska,white_adj_rate,790.1995318,846.2512111000001,56.051679300000046,0.07093357695659425,True,increase
Alaska,black_adj_rate,528.0937422,1019.25054385,491.15680165000003,0.9300560911853958,True,increase
Alaska,nat_amer_adj_rate,5910.304972,6724.1285339999995,813.8235619999996,0.13769569689812608,True,increase
Alaska,asian_adj_rate,173.1945465,322.45013465,149.25558815,0.8617799530425745,True,increase
Alaska,hispanic_adj_rate,122.4406198,140.6998651,18.259245300000018,0.14912735111783565,True,increase
Arizona,total_incidents,19868.0,32355.5,12487.5,0.6285232534729213,True,increase
Arizona,white_victims,14131.0,23380.0,9249.0,0.6545184346472295,True,increase
Arizona,black_victims,1667.0,3709.0,2042.0,1.2249550089982004,True,increase
Arizona,nat_amer_victims,3468.0,3897.0,429.0,0.12370242214532871,True,increase
Arizona,asian_victims,151.0,337.5,186.5,1.2350993377483444,True,increase
Arizona,hispanic_victims,4156.0,8547.0,4391.0,1.0565447545717035,True,increase
Arizona,other_race_victims,451.0,1032.0,581.0,1.288248337028825,True,increase
Arizona,victims_age_18_29,7373.0,11984.0,4611.0,0.6253899362538994,True,increase
Arizona,victims_age_30_39,5580.0,9171.5,3591.5,0.6436379928315412,True,increase
Arizona,victims_age_40_49,3337.0,5580.5,2243.5,0.6723104584956547,True,increase
Arizona,victims_age_50_59,2160.0,3101.5,941.5,0.4358796296296296,True,increase
Arizona,victims_age_60_69,910.0,1642.5,732.5,0.804945054945055,True,increase
Arizona,victims_age_70_79,351.0,647.0,296.0,0.8433048433048433,True,increase
Arizona,victims_age_80_plus,157.0,228.5,71.5,0.4554140127388535,True,increase
Arizona,involving_firearm,1013.0,1669.0,656.0,0.6475814412635735,True,increase
Arizona,sex_assaults,1213.0,1246.0,33.0,0.02720527617477329,True,increase
Arizona,victim_offender_nonmarried_partner,4876.0,7331.0,2455.0,0.5034864643150123,True,increase
Arizona,victim_offender_rel_spouse,1933.0,2900.5,967.5,0.500517330574237,True,increase
Arizona,dv_total,9781.0,14860.5,5079.5,0.5193231775892035,True,increase
Arizona,firearm_nonmarried,129.0,168.5,39.5,0.3062015503875969,True,increase
Arizona,near_school,163.0,423.5,260.5,1.598159509202454,True,increase
Arizona,on_tribal_lands,770.0,788.5,18.5,0.024025974025974027,True,increase
Arizona,fem_pop,2854606.6,2985821.9000000004,131215.30000000028,0.045966158699415983,True,increase
Arizona,white_pop,0.520081178,0.517358446,-0.00272273199999995,-0.005235205800891241,False,decrease
Arizona,black_pop,0.042905916,0.044709975,0.0018040589999999967,0.042046858992591994,False,increase
Arizona,nat_amer_pop,0.033144932,0.031408989,-0.0017359430000000037,-0.0523743117047277,False,decrease
Arizona,asian_pop,0.03273401,0.036531215500000006,0.0037972055000000046,0.11600184334274978,False,increase
Arizona,hispanic_pop,0.323120106,0.3185124375,-0.004607668499999995,-0.014259925069472448,False,decrease
Arizona,other_race_pop,0.048013858,0.051662785,0.003648927000000003,0.07599737142555808,False,increase
Arizona,diversity_index,0.618792615,0.6238710205,0.005078405499999938,0.008206958804768441,False,increase
Arizona,%_fem_age_18-29,0.209143276,0.20670389150000001,-0.0024393844999999748,-0.011663700342916953,False,decrease
Arizona,%_fem_age_30-39,0.170917321,0.170423435,-0.0004938859999999989,-0.0028896193616327445,False,decrease
Arizona,%_fem_age_40-49,0.152691197,0.1529661095,0.0002749125000000019,0.0018004476053717876,False,increase
Arizona,fem_age_50-59,0.150968925,0.1432975,-0.0076714250000000095,-0.05081459644758025,False,decrease
Arizona,fem_age_60-69,0.153120749,0.1527432115,-0.00037753749999999697,-0.0024656194700301325,False,decrease
Arizona,fem_age_70-79,0.112899496,0.11787926900000001,0.004979773000000007,0.04410801798442047,False,increase
Arizona,fem_age_80+,0.050259037,0.055986583,0.005727546,0.11396052017471008,False,increase
Arizona,age_coef_variation,0.445166175,0.4749499465,0.0297837715,0.06690483952425182,False,increase
Arizona,fem_poverty_rate,0.137,0.129,-0.008000000000000007,-0.05839416058394165,False,decrease
Arizona,male_poverty_rate,0.118,0.1125,-0.005499999999999991,-0.04661016949152535,False,decrease
Arizona,poverty_gender_disparity_score,1.161016949,1.146245059,-0.01477189000000001,-0.012723233724299413,False,decrease
Arizona,fem_labor_force_part,0.554416267,0.562989249,0.008572982000000007,0.015463078034108272,False,increase
Arizona,all_labor_force_part,0.605643378,0.6107263935,0.00508301550000001,0.008392753367147374,False,increase
Arizona,labor_force_ratio,0.915417038,0.9218502799999999,0.00643324199999995,0.00702766251112747,False,increase
Arizona,unemployment_rate,0.058,0.0445,-0.013500000000000005,-0.23275862068965525,False,decrease
Arizona,mhhi,69056.0,79400.5,10344.5,0.1497987140871177,True,increase
Arizona,%_at_least_bach_degree,0.324294113,0.3412473305,0.016953217500000006,0.052277290337367326,False,increase
Arizona,%_at_least_high_school,0.889692723,0.895555008,0.005862284999999967,0.00658911200288638,False,increase
Arizona,avg_years_schooling,13.47792491,13.56019687,0.08227195999999992,0.006104200798667301,True,increase
Arizona,gun_deaths_per_100k,16.7,19.5,2.8000000000000007,0.16766467065868268,True,increase
Arizona,white_adj_rate,951.821464,1513.422441,561.600977,0.5900276451424927,True,increase
Arizona,black_adj_rate,1361.043971,2777.262142,1416.218171,1.0405381465813053,True,increase
Arizona,nat_amer_adj_rate,3665.352023,4152.3098685,486.95784550000053,0.13285431861506103,True,increase
Arizona,asian_adj_rate,161.5963217,307.61340144999997,146.01707974999997,0.9035916053898643,True,increase
Arizona,hispanic_adj_rate,450.5731318,895.8405347,445.26740290000004,0.9882244889330084,True,increase
Arkansas,total_incidents,29611.0,27623.5,-1987.5,-0.06712032690554186,True,decrease
Arkansas,white_victims,16568.0,15523.0,-1045.0,-0.06307339449541284,True,decrease
Arkansas,black_victims,12463.0,11614.5,-848.5,-0.06808152130305704,True,decrease
Arkansas,nat_amer_victims,62.0,50.5,-11.5,-0.18548387096774194,True,decrease
Arkansas,asian_victims,128.0,86.0,-42.0,-0.328125,True,decrease
Arkansas,hispanic_victims,1281.0,1628.0,347.0,0.27088212334113976,True,increase
Arkansas,other_race_victims,390.0,349.5,-40.5,-0.10384615384615385,True,decrease
Arkansas,victims_age_18_29,12011.0,10577.5,-1433.5,-0.11934893014736492,True,decrease
Arkansas,victims_age_30_39,8542.0,7778.0,-764.0,-0.08944041208147975,True,decrease
Arkansas,victims_age_40_49,4926.0,4893.5,-32.5,-0.00659764514819326,True,decrease
Arkansas,victims_age_50_59,2447.0,2473.0,26.0,0.010625255414793625,True,increase
Arkansas,victims_age_60_69,1164.0,1334.5,170.5,0.14647766323024056,True,increase
Arkansas,victims_age_70_79,356.0,416.5,60.5,0.1699438202247191,True,increase
Arkansas,victims_age_80_plus,165.0,150.5,-14.5,-0.08787878787878788,True,decrease
Arkansas,involving_firearm,3365.0,2606.5,-758.5,-0.22540861812778604,True,decrease
Arkansas,sex_assaults,1231.0,1022.5,-208.5,-0.169374492282697,True,decrease
Arkansas,victim_offender_nonmarried_partner,7003.0,5955.0,-1048.0,-0.14965014993574183,True,decrease
Arkansas,victim_offender_rel_spouse,2358.0,2051.5,-306.5,-0.1299830364715861,True,decrease
Arkansas,dv_total,12142.0,10694.5,-1447.5,-0.11921429747982211,True,decrease
Arkansas,firearm_nonmarried,403.0,276.0,-127.0,-0.315136476426799,True,decrease
Arkansas,near_school,146.0,309.5,163.5,1.11986301369863,True,increase
Arkansas,on_tribal_lands,0.0,1.0,1.0,,False,increase
Arkansas,fem_pop,1190439.4,1221350.9,30911.5,0.0259664624675561,True,increase
Arkansas,white_pop,0.682223186,0.668407196,-0.01381599,-0.020251422530807976,False,decrease
Arkansas,black_pop,0.147319252,0.1418357775,-0.005483474500000002,-0.037221710167249566,False,decrease
Arkansas,nat_amer_pop,0.00366074,0.0040220640000000005,0.00036132400000000054,0.09870244813890103,False,increase
Arkansas,asian_pop,0.038174933,0.016415058,-0.021759875,-0.570004274794667,False,decrease
Arkansas,hispanic_pop,0.081840688,0.093326663,0.01148597500000001,0.14034553326335686,False,increase
Arkansas,other_race_pop,0.070881601,0.0753649965,0.004483395500000001,0.06325189381656321,False,increase
Arkansas,diversity_index,0.500934969,0.5184030884999999,0.017468119499999935,0.034871032331543886,False,increase
Arkansas,%_fem_age_18-29,0.201500869,0.20266215650000002,0.0011612875000000245,0.005763188544859449,False,increase
Arkansas,%_fem_age_30-39,0.171332257,0.167132333,-0.004199923999999994,-0.024513329092489537,False,decrease
Arkansas,%_fem_age_40-49,0.155953297,0.1620553165,0.0061020195,0.03912722345331372,False,increase
Arkansas,fem_age_50-59,0.162523661,0.149982633,-0.01254102800000001,-0.07716432132303498,False,decrease
Arkansas,fem_age_60-69,0.154307044,0.158617329,0.004310284999999997,0.027933170698286443,False,increase
Arkansas,fem_age_70-79,0.106413614,0.1081943175,0.0017807034999999943,0.01673379404255544,False,increase
Arkansas,fem_age_80+,0.047969258,0.0513559155,0.003386657500000001,0.07060058131397406,False,increase
Arkansas,age_coef_variation,0.450781209,0.475076018,0.024294808999999973,0.053894901816992045,False,increase
Arkansas,fem_poverty_rate,0.178,0.17049999999999998,-0.007500000000000007,-0.0421348314606742,False,decrease
Arkansas,male_poverty_rate,0.148,0.1405,-0.007499999999999979,-0.05067567567567553,False,decrease
Arkansas,poverty_gender_disparity_score,1.202702703,1.2135764945,0.010873791500000118,0.009041130009001168,False,increase
Arkansas,fem_labor_force_part,0.543383706,0.545348124,0.0019644180000000233,0.0036151580886748624,False,increase
Arkansas,all_labor_force_part,0.585688774,0.5886802055,0.0029914315000000302,0.005107544540370566,False,increase
Arkansas,labor_force_ratio,0.927768689,0.926385192,-0.0013834969999999558,-0.0014912089795692121,False,decrease
Arkansas,unemployment_rate,0.055,0.04,-0.015,-0.2727272727272727,False,decrease
Arkansas,mhhi,52528.0,60403.0,7875.0,0.14992004264392325,True,increase
Arkansas,%_at_least_bach_degree,0.252744799,0.2664704915,0.013725692499999997,0.054306527985171306,False,increase
Arkansas,%_at_least_high_school,0.88669438,0.8927235870000001,0.006029207000000092,0.006799644991547248,False,increase
Arkansas,avg_years_schooling,13.0814658,13.195379984999999,0.11391418499999872,0.00870805968854031,True,increase
Arkansas,gun_deaths_per_100k,22.6,22.0,-0.6000000000000014,-0.026548672566371743,True,decrease
Arkansas,white_adj_rate,2040.028893,1901.5098440000002,-138.51904899999977,-0.06790053291661874,True,decrease
Arkansas,black_adj_rate,7106.50061,6705.410191,-401.0904190000001,-0.05643993309950621,True,decrease
Arkansas,nat_amer_adj_rate,1422.707145,1033.8520383,-388.8551067000001,-0.2733205551589467,True,decrease
Arkansas,asian_adj_rate,281.6594934,428.91601004999995,147.25651664999998,0.522817515832399,True,increase
Arkansas,hispanic_adj_rate,1314.838965,1427.236267,112.39730200000008,0.0854837018006993,True,increase
California,total_incidents,15660.0,154720.0,139060.0,8.879948914431672,True,increase
California,white_victims,12270.0,116646.5,104376.5,8.506642216788917,True,increase
California,black_victims,2186.0,23119.0,20933.0,9.57593778591034,True,increase
California,nat_amer_victims,100.0,931.0,831.0,8.31,True,increase
California,asian_victims,698.0,7855.5,7157.5,10.254297994269342,True,increase
California,hispanic_victims,6192.0,55549.0,49357.0,7.97109173126615,True,increase
California,other_race_victims,406.0,6168.0,5762.0,14.192118226600986,True,increase
California,victims_age_18_29,5793.0,54740.0,48947.0,8.449335404798894,True,increase
California,victims_age_30_39,4381.0,45092.5,40711.5,9.292741383245835,True,increase
California,victims_age_40_49,2628.0,27597.0,24969.0,9.501141552511415,True,increase
California,victims_age_50_59,1618.0,14935.5,13317.5,8.230840543881335,True,increase
California,victims_age_60_69,800.0,7874.5,7074.5,8.843125,True,increase
California,victims_age_70_79,303.0,3101.0,2798.0,9.234323432343235,True,increase
California,victims_age_80_plus,137.0,1379.5,1242.5,9.069343065693431,True,increase
California,involving_firearm,521.0,5754.5,5233.5,10.04510556621881,True,increase
California,sex_assaults,1271.0,6757.0,5486.0,4.316286388670338,True,increase
California,victim_offender_nonmarried_partner,165.0,36333.5,36168.5,219.2030303030303,True,increase
California,victim_offender_rel_spouse,91.0,15141.5,15050.5,165.3901098901099,True,increase
California,dv_total,308.0,63255.5,62947.5,204.375,True,increase
California,firearm_nonmarried,3.0,355.0,352.0,117.33333333333333,False,increase
California,near_school,20.0,2138.0,2118.0,105.9,True,increase
California,on_tribal_lands,6.0,21.0,15.0,2.5,False,increase
California,fem_pop,15340103.8,15520426.9,180323.09999999963,0.011755011722932385,True,increase
California,white_pop,0.342571262,0.329179218,-0.013392043999999992,-0.03909272459637899,False,decrease
California,black_pop,0.052782192,0.0511920475,-0.0015901445000000014,-0.030126533964334058,False,decrease
California,nat_amer_pop,0.002448377,0.002657645,0.0002092680000000003,0.08547213113013245,False,increase
California,asian_pop,0.149666128,0.1567116955,0.0070455674999999884,0.04707523067610855,False,increase
California,hispanic_pop,0.401515721,0.405999734,0.004484013000000009,0.011167714650953876,False,increase
California,other_race_pop,0.05101632,0.0542596605,0.003243340500000004,0.06357456790297701,False,increase
California,diversity_index,0.693635487,0.6966573199999999,0.0030218329999999183,0.004356514418069153,False,increase
California,%_fem_age_18-29,0.209675884,0.204580347,-0.005095537000000011,-0.02430196979639304,False,decrease
California,%_fem_age_30-39,0.190152255,0.18937306050000002,-0.0007791944999999689,-0.004097739992617857,False,decrease
California,%_fem_age_40-49,0.165785883,0.16615202750000002,0.0003661445000000263,0.002208538467657263,False,increase
California,fem_age_50-59,0.162289132,0.1550365115,-0.007252620500000001,-0.04468950206721175,False,decrease
California,fem_age_60-69,0.140450044,0.14279174449999998,0.002341700499999988,0.016672835645391383,False,increase
California,fem_age_70-79,0.087057963,0.0937587165,0.0067007535000000035,0.07696887532275483,False,increase
California,fem_age_80+,0.044588839,0.0483075935,0.0037187545000000044,0.08340101656380881,False,increase
California,age_coef_variation,0.512174161,0.515311124,0.0031369629999999926,0.006124797459276733,False,increase
California,fem_poverty_rate,0.133,0.129,-0.0040000000000000036,-0.030075187969924838,False,decrease
California,male_poverty_rate,0.113,0.109,-0.0040000000000000036,-0.0353982300884956,False,decrease
California,poverty_gender_disparity_score,1.17699115,1.1835016834999998,0.006510533499999749,0.0055315059080943375,False,increase
California,fem_labor_force_part,0.577879806,0.589933885,0.012054078999999995,0.02085914557810313,False,increase
California,all_labor_force_part,0.633556348,0.6423658919999999,0.008809543999999891,0.013904910001785493,False,increase
California,labor_force_ratio,0.912120615,0.9183772035,0.006256588499999993,0.006859387231369607,False,increase
California,unemployment_rate,0.083,0.056999999999999995,-0.02600000000000001,-0.3132530120481929,False,decrease
California,mhhi,84907.0,97835.0,12928.0,0.15226070877548376,True,increase
California,%_at_least_bach_degree,0.361867871,0.378057188,0.01618931699999998,0.04473819948497163,False,increase
California,%_at_least_high_school,0.844485345,0.84833601,0.0038506649999999754,0.0045597771741083025,False,increase
California,avg_years_schooling,13.22193646,13.30848628,0.08654982000000011,0.006545926178199174,True,increase
California,gun_deaths_per_100k,8.5,8.35,-0.15000000000000036,-0.017647058823529453,False,decrease
California,white_adj_rate,233.4884149,2284.0764945,2050.5880796,8.782397535561838,True,increase
California,black_adj_rate,269.9817681,2908.788839,2638.8070709,9.774019517949812,True,increase
California,nat_amer_adj_rate,266.2523261,2252.868435,1986.6161088999997,7.461403766868348,True,increase
California,asian_adj_rate,30.40210125,322.3850394,291.98293815,9.604038081084937,True,increase
California,hispanic_adj_rate,100.5310214,881.0999139,780.5688925000001,7.764457991471278,True,increase
Colorado,total_incidents,35158.0,35102.0,-56.0,-0.00159280960236646,True,decrease
Colorado,white_victims,28521.0,28487.0,-34.0,-0.0011921040636723819,True,decrease
Colorado,black_victims,4688.0,4501.5,-186.5,-0.03978242320819113,True,decrease
Colorado,nat_amer_victims,477.0,320.5,-156.5,-0.3280922431865828,True,decrease
Colorado,asian_victims,441.0,465.5,24.5,0.05555555555555555,True,increase
Colorado,hispanic_victims,8759.0,10815.5,2056.5,0.23478707615024547,True,increase
Colorado,other_race_victims,1031.0,1327.5,296.5,0.28758486905916586,True,increase
Colorado,victims_age_18_29,14099.0,13617.0,-482.0,-0.03418682176040854,True,decrease
Colorado,victims_age_30_39,10127.0,10207.5,80.5,0.00794904710180705,True,increase
Colorado,victims_age_40_49,5660.0,5935.5,275.5,0.048674911660777385,True,increase
Colorado,victims_age_50_59,2997.0,2846.5,-150.5,-0.05021688355021688,True,decrease
Colorado,victims_age_60_69,1357.0,1470.0,113.0,0.08327192336035372,True,increase
Colorado,victims_age_70_79,536.0,644.0,108.0,0.20149253731343283,True,increase
Colorado,victims_age_80_plus,382.0,381.5,-0.5,-0.0013089005235602095,True,decrease
Colorado,involving_firearm,3268.0,3581.0,313.0,0.09577723378212974,True,increase
Colorado,sex_assaults,3012.0,2079.0,-933.0,-0.3097609561752988,True,decrease
Colorado,victim_offender_nonmarried_partner,8930.0,8113.0,-817.0,-0.09148936170212765,True,decrease
Colorado,victim_offender_rel_spouse,3892.0,3993.0,101.0,0.025950668036998973,True,increase
Colorado,dv_total,15709.0,15145.5,-563.5,-0.03587115666178624,True,decrease
Colorado,firearm_nonmarried,261.0,237.5,-23.5,-0.09003831417624521,True,decrease
Colorado,near_school,226.0,317.5,91.5,0.40486725663716816,True,increase
Colorado,on_tribal_lands,4.0,3.5,-0.5,-0.125,False,decrease
Colorado,fem_pop,2264411.2,2332435.5,68024.29999999981,0.030040612765031283,True,increase
Colorado,white_pop,0.651793019,0.6404028085,-0.011390210499999998,-0.017475195603468097,False,decrease
Colorado,black_pop,0.037407677,0.038205584,0.0007979070000000005,0.021330033404640455,False,increase
Colorado,nat_amer_pop,0.003284717,0.003538702,0.000253985,0.07732325189658652,False,increase
Colorado,asian_pop,0.031140374,0.0334415405,0.0023011665,0.07389655949539978,False,increase
Colorado,hispanic_pop,0.222504929,0.22974713,0.007242201000000004,0.032548496936892594,False,increase
Colorado,other_race_pop,0.053869285,0.054664235,0.0007949499999999957,0.014757017844212999,False,increase
Colorado,diversity_index,0.520375671,0.5314952165,0.011119545499999939,0.021368303938252214,False,increase
Colorado,%_fem_age_18-29,0.210887622,0.209184086,-0.0017035360000000055,-0.008077932615694275,False,decrease
Colorado,%_fem_age_30-39,0.198544562,0.2009626765,0.002418114499999985,0.012179202873357895,False,increase
Colorado,%_fem_age_40-49,0.167074747,0.167231156,0.00015640899999999625,0.0009361618246233002,False,increase
Colorado,fem_age_50-59,0.151440645,0.14217702100000001,-0.009263623999999998,-0.06116999831848311,False,decrease
Colorado,fem_age_60-69,0.147218649,0.14361386,-0.003604788999999997,-0.02448595354247543,False,decrease
Colorado,fem_age_70-79,0.086072497,0.0959936,0.009921103,0.11526449616071904,False,increase
Colorado,fem_age_80+,0.038761278,0.0408376015,0.0020763234999999977,0.05356695153343493,False,increase
Colorado,age_coef_variation,0.450332911,0.425328396,-0.025004515000000005,-0.055524511731721966,False,decrease
Colorado,fem_poverty_rate,0.106,0.10300000000000001,-0.002999999999999989,-0.028301886792452727,False,decrease
Colorado,male_poverty_rate,0.088,0.0865,-0.0015000000000000013,-0.01704545454545456,False,decrease
Colorado,poverty_gender_disparity_score,1.204545455,1.1906575785,-0.013887876500000118,-0.011529557844705924,False,decrease
Colorado,fem_labor_force_part,0.630102304,0.6426769155000001,0.012574611500000055,0.01995646011794309,False,increase
Colorado,all_labor_force_part,0.680595328,0.688380268,0.0077849399999999624,0.011438427035455586,False,increase
Colorado,labor_force_ratio,0.925810504,0.933597966,0.007787462000000023,0.008411507502187535,False,increase
Colorado,unemployment_rate,0.053,0.040499999999999994,-0.012500000000000004,-0.23584905660377367,False,decrease
Colorado,mhhi,82254.0,95012.0,12758.0,0.15510491890971867,True,increase
Colorado,%_at_least_bach_degree,0.444154096,0.470996321,0.026842224999999997,0.06043448713349251,False,increase
Colorado,%_at_least_high_school,0.924342178,0.9322222684999999,0.007880090499999937,0.008525079443037096,False,increase
Colorado,avg_years_schooling,14.15364764,14.30983627,0.15618862999999905,0.011035221023772713,True,increase
Colorado,gun_deaths_per_100k,15.4,16.950000000000003,1.5500000000000025,0.10064935064935081,True,increase
Colorado,white_adj_rate,1932.412107,1907.229569,-25.182538000000022,-0.0130316602285705,True,decrease
Colorado,black_adj_rate,5534.413056,5061.313002,-473.10005400000045,-0.08548332934548505,True,decrease
Colorado,nat_amer_adj_rate,6413.057393,3912.828308,-2500.229085,-0.3898653842906595,True,decrease
Colorado,asian_adj_rate,625.4022955,596.6053932,-28.796902300000056,-0.0460454055049116,True,decrease
Colorado,hispanic_adj_rate,1738.439559,2017.2255215,278.7859625000001,0.1603656342590166,True,increase
Connecticut,total_incidents,12971.0,12451.5,-519.5,-0.04005088273841647,True,decrease
Connecticut,white_victims,8534.0,8250.0,-284.0,-0.03327865010546051,True,decrease
Connecticut,black_victims,3811.0,3618.5,-192.5,-0.05051167672526896,True,decrease
Connecticut,nat_amer_victims,50.0,65.0,15.0,0.3,True,increase
Connecticut,asian_victims,103.0,84.0,-19.0,-0.18446601941747573,True,decrease
Connecticut,hispanic_victims,3746.0,4285.5,539.5,0.14402028830752803,True,increase
Connecticut,other_race_victims,473.0,434.0,-39.0,-0.0824524312896406,True,decrease
Connecticut,victims_age_18_29,5334.0,4855.0,-479.0,-0.08980127484064492,True,decrease
Connecticut,victims_age_30_39,3752.0,3670.0,-82.0,-0.02185501066098081,True,decrease
Connecticut,victims_age_40_49,2052.0,2109.5,57.5,0.028021442495126704,True,increase
Connecticut,victims_age_50_59,1210.0,1109.0,-101.0,-0.0834710743801653,True,decrease
Connecticut,victims_age_60_69,430.0,519.5,89.5,0.20813953488372092,True,increase
Connecticut,victims_age_70_79,126.0,136.5,10.5,0.08333333333333333,True,increase
Connecticut,victims_age_80_plus,67.0,52.0,-15.0,-0.22388059701492538,True,decrease
Connecticut,involving_firearm,271.0,185.0,-86.0,-0.3173431734317343,True,decrease
Connecticut,sex_assaults,789.0,418.5,-370.5,-0.4695817490494297,True,decrease
Connecticut,victim_offender_nonmarried_partner,3706.0,3102.0,-604.0,-0.16297895304910956,True,decrease
Connecticut,victim_offender_rel_spouse,1038.0,1030.0,-8.0,-0.007707129094412331,True,decrease
Connecticut,dv_total,6064.0,5572.5,-491.5,-0.08105211081794195,True,decrease
Connecticut,firearm_nonmarried,20.0,27.0,7.0,0.35,True,increase
Connecticut,near_school,84.0,177.5,93.5,1.1130952380952381,True,increase
Connecticut,on_tribal_lands,1.0,1.0,0.0,0.0,False,decrease
Connecticut,fem_pop,1477512.2,1499314.1,21801.90000000014,0.01475581724469019,True,increase
Connecticut,white_pop,0.627463358,0.6089614555,-0.018501902499999945,-0.02948682542829847,False,decrease
Connecticut,black_pop,0.098528205,0.09936228750000001,0.0008340825000000135,0.008465418607798788,False,increase
Connecticut,nat_amer_pop,0.001004272,0.0009348225,-6.944950000000003e-05,-0.06915407379674035,False,decrease
Connecticut,asian_pop,0.04715197,0.047606023,0.00045405299999999593,0.009629565848468174,False,increase
Connecticut,hispanic_pop,0.176701112,0.1892250685,0.012523956500000016,0.07087650076588095,False,increase
Connecticut,other_race_pop,0.049151084,0.053910344,0.004759260000000001,0.0968291970935982,False,increase
Connecticut,diversity_index,0.560718499,0.578278435,0.017559935999999943,0.03131684799291764,False,increase
Connecticut,%_fem_age_18-29,0.195530461,0.1911777515,-0.004352709499999996,-0.02226103021359928,False,decrease
Connecticut,%_fem_age_30-39,0.159131621,0.161870025,0.002738404,0.01720842144880809,False,increase
Connecticut,%_fem_age_40-49,0.151342222,0.15400804099999998,0.002665818999999986,0.017614509452623116,False,increase
Connecticut,fem_age_50-59,0.176373532,0.1624647575,-0.013908774499999998,-0.07885976054502326,False,decrease
Connecticut,fem_age_60-69,0.165153092,0.166348099,0.001195006999999998,0.007235753115660698,False,increase
Connecticut,fem_age_70-79,0.097802943,0.1063021445,0.008499201499999998,0.08690128578237158,False,increase
Connecticut,fem_age_80+,0.054666128,0.0578291815,0.0031630534999999987,0.057861304901638516,False,increase
Connecticut,age_coef_variation,0.558941548,0.5439980535,-0.014943494499999987,-0.026735343889661946,False,decrease
Connecticut,fem_poverty_rate,0.108,0.1145,0.006500000000000006,0.06018518518518524,False,increase
Connecticut,male_poverty_rate,0.094,0.0905,-0.003500000000000003,-0.03723404255319152,False,decrease
Connecticut,poverty_gender_disparity_score,1.14893617,1.2666177905,0.11768162049999997,0.10242659563933823,False,increase
Connecticut,fem_labor_force_part,0.61400919,0.6250263899999999,0.01101719999999995,0.017943053914225533,False,increase
Connecticut,all_labor_force_part,0.656328816,0.6624941449999999,0.006165328999999886,0.009393658863821524,False,increase
Connecticut,labor_force_ratio,0.935520695,0.9434398225,0.007919127500000012,0.008464941013410731,False,increase
Connecticut,unemployment_rate,0.067,0.0475,-0.019500000000000003,-0.291044776119403,False,decrease
Connecticut,mhhi,83771.0,93857.0,10086.0,0.12039966098053026,True,increase
Connecticut,%_at_least_bach_degree,0.421275691,0.4273479915,0.006072300500000016,0.014414077597465779,False,increase
Connecticut,%_at_least_high_school,0.911145386,0.917847985,0.006702599000000031,0.007356234364995217,False,increase
Connecticut,avg_years_schooling,13.95923454,14.06403427,0.10479972999999987,0.0075075556399383965,True,increase
Connecticut,gun_deaths_per_100k,6.0,6.6,0.5999999999999996,0.09999999999999994,False,increase
Connecticut,white_adj_rate,920.5199253,903.65983465,-16.86009064999996,-0.0183158345480737,True,decrease
Connecticut,black_adj_rate,2617.865335,2429.0162705000002,-188.8490644999997,-0.0721385710621359,True,decrease
Connecticut,nat_amer_adj_rate,3369.671575,4682.720821999999,1313.0492469999995,0.3896668318484419,True,increase
Connecticut,asian_adj_rate,147.8448861,117.68632015,-30.158565949999996,-0.2039878872076861,True,decrease
Connecticut,hispanic_adj_rate,1434.819977,1512.068618,77.2486409999999,0.05383855970664388,True,increase
Delaware,total_incidents,9686.0,9760.0,74.0,0.007639892628536031,True,increase
Delaware,white_victims,4960.0,4898.5,-61.5,-0.012399193548387097,True,decrease
Delaware,black_victims,4576.0,4667.5,91.5,0.019995629370629372,True,increase
Delaware,nat_amer_victims,8.0,9.5,1.5,0.1875,False,increase
Delaware,asian_victims,64.0,70.5,6.5,0.1015625,True,increase
Delaware,hispanic_victims,714.0,805.5,91.5,0.12815126050420167,True,increase
Delaware,other_race_victims,78.0,114.0,36.0,0.46153846153846156,True,increase
Delaware,victims_age_18_29,3913.0,3730.5,-182.5,-0.046639407104523384,True,decrease
Delaware,victims_age_30_39,2851.0,2597.5,-253.5,-0.08891616976499474,True,decrease
Delaware,victims_age_40_49,1434.0,1720.0,286.0,0.199442119944212,True,increase
Delaware,victims_age_50_59,959.0,981.5,22.5,0.02346193952033368,True,increase
Delaware,victims_age_60_69,375.0,529.5,154.5,0.412,True,increase
Delaware,victims_age_70_79,109.0,148.5,39.5,0.3623853211009174,True,increase
Delaware,victims_age_80_plus,45.0,52.5,7.5,0.16666666666666666,True,increase
Delaware,involving_firearm,701.0,647.5,-53.5,-0.07631954350927246,True,decrease
Delaware,sex_assaults,234.0,105.5,-128.5,-0.5491452991452992,True,decrease
Delaware,victim_offender_nonmarried_partner,1745.0,1601.5,-143.5,-0.0822349570200573,True,decrease
Delaware,victim_offender_rel_spouse,526.0,542.0,16.0,0.030418250950570342,True,increase
Delaware,dv_total,3231.0,3354.0,123.0,0.03806870937790158,True,increase
Delaware,firearm_nonmarried,33.0,33.0,0.0,0.0,True,decrease
Delaware,near_school,142.0,331.5,189.5,1.3345070422535212,True,increase
Delaware,on_tribal_lands,0.0,0.0,0.0,,False,decrease
Delaware,fem_pop,413238.0,432063.4,18825.400000000023,0.045555829812360005,True,increase
Delaware,white_pop,0.593204596,0.5730889795,-0.020115616499999933,-0.03391008201156947,False,decrease
Delaware,black_pop,0.204524888,0.21557646600000002,0.011051578000000034,0.05403537001325743,False,increase
Delaware,nat_amer_pop,0.002141752,0.0009406035000000001,-0.0012011484999999997,-0.5608252029179848,False,decrease
Delaware,asian_pop,0.040793953,0.0455467435,0.0047527904999999995,0.11650723086335858,False,increase
Delaware,hispanic_pop,0.10087165,0.1139161225,0.013044472500000001,0.1293175287605586,False,increase
Delaware,other_race_pop,0.058463161,0.0509310855,-0.007532075499999999,-0.1288345578850928,False,decrease
Delaware,diversity_index,0.591016113,0.607368388,0.016352275000000027,0.02766806968594446,False,increase
Delaware,%_fem_age_18-29,0.181713289,0.178199767,-0.003513521999999991,-0.019335525867896164,False,decrease
Delaware,%_fem_age_30-39,0.160594831,0.160603944,9.113000000005034e-06,5.674528839601963e-05,False,increase
Delaware,%_fem_age_40-49,0.145505181,0.14560665299999997,0.00010147199999996359,0.0006973772294744857,False,increase
Delaware,fem_age_50-59,0.162373047,0.151408304,-0.010964742999999999,-0.0675280978129332,False,decrease
Delaware,fem_age_60-69,0.18583744,0.1814155105,-0.004421929500000005,-0.02379461049398875,False,decrease
Delaware,fem_age_70-79,0.112638407,0.12546066649999998,0.012822259499999988,0.11383558984458994,False,increase
Delaware,fem_age_80+,0.051337805,0.057305154999999997,0.005967349999999996,0.11623695247586055,False,increase
Delaware,age_coef_variation,0.455775316,0.45681809949999996,0.0010427834999999774,0.0022879332499875387,False,increase
Delaware,fem_poverty_rate,0.13,0.109,-0.021000000000000005,-0.16153846153846158,False,decrease
Delaware,male_poverty_rate,0.101,0.091,-0.010000000000000009,-0.0990099009900991,False,decrease
Delaware,poverty_gender_disparity_score,1.287128713,1.1969294,-0.09019931300000006,-0.07007792778529995,False,decrease
Delaware,fem_labor_force_part,0.570383694,0.5955195575,0.025135863499999966,0.044068341652137,False,increase
Delaware,all_labor_force_part,0.60056253,0.6241774154999999,0.023614885499999905,0.039321276836901405,False,increase
Delaware,labor_force_ratio,0.949749053,0.954057849,0.004308796000000004,0.0045367731469588566,False,increase
Delaware,unemployment_rate,0.056,0.043,-0.013000000000000005,-0.23214285714285723,False,decrease
Delaware,mhhi,71091.0,84447.5,13356.5,0.1878789157558622,True,increase
Delaware,%_at_least_bach_degree,0.356195437,0.362274054,0.006078617000000008,0.017065398285829272,False,increase
Delaware,%_at_least_high_school,0.913562573,0.916035245,0.002472672000000009,0.0027066257671657145,False,increase
Delaware,avg_years_schooling,13.7598326,13.768013405,0.00818080500000029,0.0005945424801171121,True,increase
Delaware,gun_deaths_per_100k,14.3,12.05,-2.25,-0.15734265734265734,True,decrease
Delaware,white_adj_rate,2023.377509,1978.60457,-44.77293899999995,-0.022127822811536427,True,decrease
Delaware,black_adj_rate,5414.266158,5010.908705,-403.35745300000053,-0.07449900710994942,True,decrease
Delaware,nat_amer_adj_rate,903.9003507,2414.989473,1511.0891223,1.671743042393755,True,increase
Delaware,asian_adj_rate,379.6504612,358.1093462,-21.54111499999999,-0.056739335787747466,True,decrease
Delaware,hispanic_adj_rate,1712.887484,1636.4324609999999,-76.45502300000021,-0.04463516939329811,True,decrease
District of Columbia,total_incidents,4787.0,10552.5,5765.5,1.2044077710465846,True,increase
District of Columbia,white_victims,618.0,1490.5,872.5,1.411812297734628,True,increase
District of Columbia,black_victims,3860.0,8261.5,4401.5,1.1402849740932643,True,increase
District of Columbia,nat_amer_victims,3.0,12.0,9.0,3.0,False,increase
District of Columbia,asian_victims,62.0,149.0,87.0,1.403225806451613,True,increase
District of Columbia,hispanic_victims,349.0,804.0,455.0,1.3037249283667622,True,increase
District of Columbia,other_race_victims,244.0,639.5,395.5,1.6209016393442623,True,increase
District of Columbia,victims_age_18_29,2040.0,4126.0,2086.0,1.022549019607843,True,increase
District of Columbia,victims_age_30_39,1345.0,3379.0,2034.0,1.5122676579925651,True,increase
District of Columbia,victims_age_40_49,697.0,1577.5,880.5,1.2632711621233859,True,increase
District of Columbia,victims_age_50_59,470.0,868.0,398.0,0.8468085106382979,True,increase
District of Columbia,victims_age_60_69,184.0,469.5,285.5,1.5516304347826086,True,increase
District of Columbia,victims_age_70_79,41.0,107.5,66.5,1.6219512195121952,True,increase
District of Columbia,victims_age_80_plus,10.0,25.0,15.0,1.5,True,increase
District of Columbia,involving_firearm,233.0,498.0,265.0,1.1373390557939915,True,increase
District of Columbia,sex_assaults,255.0,204.0,-51.0,-0.2,True,decrease
District of Columbia,victim_offender_nonmarried_partner,630.0,1465.5,835.5,1.3261904761904761,True,increase
District of Columbia,victim_offender_rel_spouse,117.0,204.0,87.0,0.7435897435897436,True,increase
District of Columbia,dv_total,1085.0,2490.0,1405.0,1.294930875576037,True,increase
District of Columbia,firearm_nonmarried,12.0,31.5,19.5,1.625,True,increase
District of Columbia,near_school,65.0,121.5,56.5,0.8692307692307693,True,increase
District of Columbia,on_tribal_lands,0.0,0.0,0.0,,False,decrease
District of Columbia,fem_pop,285426.6,297170.0,11743.400000000023,0.04114332721617405,True,increase
District of Columbia,white_pop,0.364245952,0.366827993,0.002582041000000035,0.007088729430821609,False,increase
District of Columbia,black_pop,0.426751735,0.4043278765,-0.022423858500000005,-0.05254544190663924,False,decrease
District of Columbia,nat_amer_pop,0.000413402,0.0010757574999999998,0.0006623554999999998,1.6022068108040113,False,increase
District of Columbia,asian_pop,0.040158197,0.045231875000000005,0.005073678000000005,0.12634227577498075,False,increase
District of Columbia,hispanic_pop,0.114795911,0.1229481815,0.008152270500000003,0.07101533869093998,False,increase
District of Columbia,other_race_pop,0.053634803,0.059588316,0.0059535130000000006,0.11100092975078142,False,increase
District of Columbia,diversity_index,0.667540198,0.681161892,0.013621694000000018,0.02040580333710483,False,increase
District of Columbia,%_fem_age_18-29,0.24805887,0.2565210885,0.008462218500000007,0.034113750901147,False,increase
District of Columbia,%_fem_age_30-39,0.249868092,0.2447710195,-0.005097072500000022,-0.02039905319323454,False,decrease
District of Columbia,%_fem_age_40-49,0.147319836,0.1560709965,0.008751160499999994,0.059402458878653606,False,increase
District of Columbia,fem_age_50-59,0.120598431,0.1121826685,-0.008415762500000007,-0.06978334983479186,False,decrease
District of Columbia,fem_age_60-69,0.110921687,0.10309057699999999,-0.007831110000000016,-0.07060035067804203,False,decrease
District of Columbia,fem_age_70-79,0.081800365,0.0834107545,0.0016103895000000035,0.01968682535829765,False,increase
District of Columbia,fem_age_80+,0.041432719,0.043952895500000005,0.0025201765000000056,0.06082575705446716,False,increase
District of Columbia,age_coef_variation,0.411082938,0.41602562600000004,0.004942688000000028,0.01202357856068458,False,increase
District of Columbia,fem_poverty_rate,0.183,0.16299999999999998,-0.020000000000000018,-0.10928961748633889,False,decrease
District of Columbia,male_poverty_rate,0.145,0.15000000000000002,0.005000000000000032,0.03448275862068988,False,increase
District of Columbia,poverty_gender_disparity_score,1.262068966,1.0869447939999999,-0.17512417200000008,-0.1387595897829882,False,decrease
District of Columbia,fem_labor_force_part,0.681843254,0.7030721225000001,0.021228868500000053,0.03113452890449812,False,increase
District of Columbia,all_labor_force_part,0.70728737,0.7203261005,0.01303873050000004,0.01843484141389382,False,increase
District of Columbia,labor_force_ratio,0.964025774,0.976082601,0.012056826999999992,0.0125067475633696,False,increase
District of Columbia,unemployment_rate,0.082,0.0545,-0.027500000000000004,-0.3353658536585366,False,decrease
District of Columbia,mhhi,90088.0,108958.5,18870.5,0.20946740964390373,True,increase
District of Columbia,%_at_least_bach_degree,0.630468655,0.657045747,0.026577091999999913,0.042154501717456376,False,increase
District of Columbia,%_at_least_high_school,0.927855314,0.9235026319999999,-0.004352682000000052,-0.004691121486641668,False,decrease
District of Columbia,avg_years_schooling,15.28501548,15.43256788,0.14755240000000036,0.009653402065118508,True,increase
District of Columbia,white_adj_rate,594.4280528,1367.506632,773.0785792,1.3005418831740574,True,increase
District of Columbia,black_adj_rate,3168.965893,6882.257606499999,3713.2917134999993,1.171767648778541,True,increase
District of Columbia,nat_amer_adj_rate,2542.460633,3853.382329,1310.9216959999999,0.515611403765637,True,increase
District of Columbia,asian_adj_rate,540.907545,1133.91315295,593.00560795,1.0963160218998238,True,increase
District of Columbia,hispanic_adj_rate,1065.134775,2200.3691150000004,1135.2343400000004,1.06581285922244,True,increase
Florida,total_incidents,229.0,65040.5,64811.5,283.01965065502185,True,increase
Florida,white_victims,129.0,37895.0,37766.0,292.7596899224806,True,increase
Florida,black_victims,49.0,25817.0,25768.0,525.8775510204082,True,increase
Florida,nat_amer_victims,41.0,180.5,139.5,3.402439024390244,True,increase
Florida,asian_victims,8.0,446.5,438.5,54.8125,False,increase
Florida,hispanic_victims,58.0,12732.5,12674.5,218.52586206896552,True,increase
Florida,other_race_victims,2.0,701.5,699.5,349.75,False,increase
Florida,victims_age_18_29,102.0,22381.0,22279.0,218.42156862745097,True,increase
Florida,victims_age_30_39,70.0,18747.5,18677.5,266.82142857142856,True,increase
Florida,victims_age_40_49,41.0,11910.5,11869.5,289.5,True,increase
Florida,victims_age_50_59,13.0,6671.0,6658.0,512.1538461538462,True,increase
Florida,victims_age_60_69,3.0,3649.5,3646.5,1215.5,False,increase
Florida,victims_age_70_79,0.0,1236.5,1236.5,,False,increase
Florida,victims_age_80_plus,0.0,444.5,444.5,,False,increase
Florida,involving_firearm,2.0,4095.0,4093.0,2046.5,False,increase
Florida,sex_assaults,3.0,1839.0,1836.0,612.0,False,increase
Florida,victim_offender_nonmarried_partner,33.0,9267.5,9234.5,279.8333333333333,True,increase
Florida,victim_offender_rel_spouse,23.0,5868.5,5845.5,254.15217391304347,True,increase
Florida,dv_total,68.0,23400.5,23332.5,343.125,True,increase
Florida,firearm_nonmarried,0.0,237.5,237.5,,False,increase
Florida,near_school,0.0,1058.5,1058.5,,False,increase
Florida,on_tribal_lands,0.0,3.0,3.0,,False,increase
Florida,fem_pop,8980076.2,9526456.6,546380.4000000004,0.06084362624896217,True,increase
Florida,white_pop,0.511444173,0.4968012355,-0.014642937500000008,-0.028630568638818,False,decrease
Florida,black_pop,0.146288796,0.1432784155,-0.003010380499999993,-0.02057833943756016,False,decrease
Florida,nat_amer_pop,0.000934479,0.001041248,0.00010676900000000005,0.11425510899656391,False,increase
Florida,asian_pop,0.027804483,0.029706482,0.001901998999999998,0.06840619910105855,False,increase
Florida,hispanic_pop,0.267704914,0.28049429449999996,0.012789380499999947,0.047774171601496815,False,increase
Florida,other_race_pop,0.045823155,0.0486783245,0.0028551695000000044,0.062308444278880507,False,increase
Florida,diversity_index,0.642484801,0.6506506295,0.008165828499999916,0.01270976136289941,False,increase
Florida,%_fem_age_18-29,0.174516396,0.17394414149999998,-0.0005722545000000079,-0.0032790873128047404,False,decrease
Florida,%_fem_age_30-39,0.159076207,0.16171802200000002,0.0026418150000000196,0.01660722901194155,False,increase
Florida,%_fem_age_40-49,0.153285828,0.1531118215,-0.00017400650000001794,-0.0011351766974832006,False,decrease
Florida,fem_age_50-59,0.164137976,0.15537548150000002,-0.008762494499999968,-0.053384930858413705,False,decrease
Florida,fem_age_60-69,0.163452155,0.1642199965,0.000767841500000005,0.00469765296150427,False,increase
Florida,fem_age_70-79,0.122390725,0.125349038,0.00295831299999999,0.02417105544558209,False,increase
Florida,fem_age_80+,0.063140713,0.066281499,0.0031407859999999926,0.04974264386276399,False,increase
Florida,age_coef_variation,0.515894595,0.5287744320000001,0.01287983700000006,0.024966024309675237,False,increase
Florida,fem_poverty_rate,0.142,0.1315,-0.010499999999999982,-0.07394366197183086,False,decrease
Florida,male_poverty_rate,0.12,0.1125,-0.007499999999999993,-0.062499999999999944,False,decrease
Florida,poverty_gender_disparity_score,1.183333333,1.1693675890000002,-0.013965743999999836,-0.01180203718642297,False,decrease
Florida,fem_labor_force_part,0.546389662,0.5616597114999999,0.015270049499999883,0.027947178656538858,False,increase
Florida,all_labor_force_part,0.591454705,0.604060003,0.012605297999999987,0.021312364063449267,False,increase
Florida,labor_force_ratio,0.923806435,0.9298026355,0.005996200499999937,0.00649075420220464,False,increase
Florida,unemployment_rate,0.056,0.0435,-0.012500000000000004,-0.22321428571428578,False,decrease
Florida,mhhi,63062.0,75523.0,12461.0,0.1975991881005994,True,increase
Florida,%_at_least_bach_degree,0.331608016,0.353762931,0.022154914999999997,0.06681055321654226,False,increase
Florida,%_at_least_high_school,0.897948829,0.903033002,0.005084173000000081,0.0056619852221000905,False,increase
Florida,avg_years_schooling,13.49929172,13.629246185,0.12995446499999908,0.009626761736503836,True,increase
Florida,gun_deaths_per_100k,13.7,14.05,0.3500000000000014,0.025547445255474557,True,increase
Florida,white_adj_rate,2.808739446,800.48907305,797.680333604,283.99940576189704,False,increase
Florida,black_adj_rate,3.729967027,1888.8059495,1885.075982473,505.3867685230345,False,increase
Florida,nat_amer_adj_rate,488.5784289,1815.139496,1326.5610671,2.715144567652442,True,increase
Florida,asian_adj_rate,3.204019429,156.63989995,153.435880521,47.88856120291648,False,increase
Florida,hispanic_adj_rate,2.412635026,475.08410119999996,472.671466174,195.91503110922673,False,increase
Georgia,total_incidents,59471.0,63693.0,4222.0,0.07099258462107581,True,increase
Georgia,white_victims,21566.0,23316.5,1750.5,0.08116943336733748,True,increase
Georgia,black_victims,36613.0,38911.5,2298.5,0.06277824816322071,True,increase
Georgia,nat_amer_victims,114.0,123.0,9.0,0.07894736842105263,True,increase
Georgia,asian_victims,454.0,696.0,242.0,0.5330396475770925,True,increase
Georgia,hispanic_victims,2974.0,5028.5,2054.5,0.6908204438466712,True,increase
Georgia,other_race_victims,724.0,646.0,-78.0,-0.10773480662983426,True,decrease
Georgia,victims_age_18_29,24462.0,24164.0,-298.0,-0.012182160085029842,True,decrease
Georgia,victims_age_30_39,16367.0,18101.5,1734.5,0.10597543838211035,True,increase
Georgia,victims_age_40_49,9773.0,10983.0,1210.0,0.12381049831167502,True,increase
Georgia,victims_age_50_59,5466.0,5949.5,483.5,0.08845590925722649,True,increase
Georgia,victims_age_60_69,2308.0,3097.5,789.5,0.34207105719237435,True,increase
Georgia,victims_age_70_79,814.0,1039.0,225.0,0.2764127764127764,True,increase
Georgia,victims_age_80_plus,281.0,358.5,77.5,0.27580071174377224,True,increase
Georgia,involving_firearm,6563.0,6226.0,-337.0,-0.05134846868809995,True,decrease
Georgia,sex_assaults,2706.0,1805.5,-900.5,-0.3327790096082779,True,decrease
Georgia,victim_offender_nonmarried_partner,13280.0,12551.5,-728.5,-0.05485692771084337,True,decrease
Georgia,victim_offender_rel_spouse,5391.0,5884.5,493.5,0.09154145798553144,True,increase
Georgia,dv_total,25589.0,26886.5,1297.5,0.05070538121849232,True,increase
Georgia,firearm_nonmarried,521.0,415.5,-105.5,-0.20249520153550865,True,decrease
Georgia,near_school,670.0,898.5,228.5,0.341044776119403,True,increase
Georgia,on_tribal_lands,1.0,0.0,-1.0,-1.0,False,decrease
Georgia,fem_pop,4296736.8,4463209.199999999,166472.39999999944,0.03874391375333938,True,increase
Georgia,white_pop,0.502263332,0.4833345025,-0.018928829499999966,-0.03768706233167737,False,decrease
Georgia,black_pop,0.304058422,0.30353920450000005,-0.0005192174999999466,-0.0017076241354694217,False,decrease
Georgia,nat_amer_pop,0.00171118,0.0014673870000000001,-0.00024379299999999996,-0.14247069273834428,False,decrease
Georgia,asian_pop,0.042780238,0.046789337,0.004009099000000002,0.09371380776329487,False,increase
Georgia,hispanic_pop,0.100330328,0.113523613,0.013193284999999999,0.1314984737217245,False,increase
Georgia,other_race_pop,0.0488565,0.0513459565,0.0024894565000000007,0.05095445846509678,False,increase
Georgia,diversity_index,0.640993812,0.6565138930000001,0.015520081000000019,0.024212528591461686,False,increase
Georgia,%_fem_age_18-29,0.212988951,0.20978634699999998,-0.0032026040000000255,-0.015036479521419049,False,decrease
Georgia,%_fem_age_30-39,0.178008957,0.179143015,0.0011340579999999933,0.0063707917798765225,False,increase
Georgia,%_fem_age_40-49,0.169584206,0.16830239,-0.0012818159999999912,-0.007558581251369548,False,decrease
Georgia,fem_age_50-59,0.168168853,0.1613598565,-0.0068089964999999975,-0.040489046446668675,False,decrease
Georgia,fem_age_60-69,0.145211312,0.14564534899999998,0.0004340369999999705,0.002989002674942917,False,increase
Georgia,fem_age_70-79,0.088578712,0.0951050945,0.006526382499999997,0.07367890492695352,False,increase
Georgia,fem_age_80+,0.037459008,0.040657949,0.003198940999999997,0.08539844408052655,False,increase
Georgia,age_coef_variation,0.422889505,0.42740242949999996,0.00451292449999996,0.010671639864886123,False,increase
Georgia,fem_poverty_rate,0.152,0.14150000000000001,-0.010499999999999982,-0.06907894736842093,False,decrease
Georgia,male_poverty_rate,0.128,0.119,-0.009000000000000008,-0.07031250000000006,False,decrease
Georgia,poverty_gender_disparity_score,1.1875,1.1888653235,0.0013653234999999597,0.001149746105263124,False,increase
Georgia,fem_labor_force_part,0.593929351,0.601912563,0.007983211999999962,0.013441349525088485,False,increase
Georgia,all_labor_force_part,0.6387771,0.642992225,0.004215124999999986,0.00659874156415436,False,increase
Georgia,labor_force_ratio,0.92979124,0.936092806,0.006301565999999981,0.006777398763189015,False,increase
Georgia,unemployment_rate,0.055,0.0455,-0.009500000000000001,-0.17272727272727276,False,decrease
Georgia,mhhi,66559.0,77311.5,10752.5,0.16154840066707732,True,increase
Georgia,%_at_least_bach_degree,0.346278982,0.3586293425,0.01235036049999999,0.03566592586321046,False,increase
Georgia,%_at_least_high_school,0.889708721,0.8955773579999999,0.005868636999999954,0.006596132938209059,False,increase
Georgia,avg_years_schooling,13.57012877,13.623715415,0.05358664499999932,0.003948867833772171,True,increase
Georgia,gun_deaths_per_100k,17.7,19.3,1.6000000000000014,0.09039548022598878,True,increase
Georgia,white_adj_rate,999.3080272,1080.905984,81.59795680000002,0.08165445946494847,True,increase
Georgia,black_adj_rate,2802.460673,2872.2057925,69.74511949999987,0.02488710017305562,True,increase
Georgia,nat_amer_adj_rate,1550.495122,1883.720392,333.2252699999999,0.21491539397439,True,increase
Georgia,asian_adj_rate,246.9868919,334.37791295,87.39102105,0.3538285792323864,True,increase
Georgia,hispanic_adj_rate,689.8743227,992.2283406,302.35401790000003,0.4382740565218605,True,increase
Hawaii,total_incidents,4968.0,4976.5,8.5,0.001710950080515298,True,increase
Hawaii,white_victims,1256.0,1345.0,89.0,0.07085987261146497,True,increase
Hawaii,black_victims,265.0,213.5,-51.5,-0.19433962264150945,True,decrease
Hawaii,nat_amer_victims,9.0,7.0,-2.0,-0.2222222222222222,False,decrease
Hawaii,asian_victims,737.0,793.0,56.0,0.07598371777476255,True,increase
Hawaii,hispanic_victims,128.0,122.5,-5.5,-0.04296875,True,decrease
Hawaii,other_race_victims,2701.0,2618.0,-83.0,-0.030729359496482783,True,decrease
Hawaii,victims_age_18_29,1666.0,1550.0,-116.0,-0.06962785114045618,True,decrease
Hawaii,victims_age_30_39,1439.0,1423.0,-16.0,-0.011118832522585128,True,decrease
Hawaii,victims_age_40_49,981.0,1083.5,102.5,0.10448521916411825,True,increase
Hawaii,victims_age_50_59,508.0,526.0,18.0,0.03543307086614173,True,increase
Hawaii,victims_age_60_69,237.0,281.0,44.0,0.18565400843881857,True,increase
Hawaii,victims_age_70_79,110.0,90.5,-19.5,-0.17727272727272728,True,decrease
Hawaii,victims_age_80_plus,27.0,22.5,-4.5,-0.16666666666666666,True,decrease
Hawaii,involving_firearm,107.0,88.5,-18.5,-0.17289719626168223,True,decrease
Hawaii,sex_assaults,389.0,271.0,-118.0,-0.3033419023136247,True,decrease
Hawaii,victim_offender_nonmarried_partner,1242.0,1214.5,-27.5,-0.02214170692431562,True,decrease
Hawaii,victim_offender_rel_spouse,490.0,427.5,-62.5,-0.12755102040816327,True,decrease
Hawaii,dv_total,2153.0,2008.5,-144.5,-0.06711565257779842,True,decrease
Hawaii,firearm_nonmarried,11.0,8.5,-2.5,-0.22727272727272727,True,decrease
Hawaii,near_school,87.0,211.5,124.5,1.4310344827586208,True,increase
Hawaii,on_tribal_lands,0.0,0.0,0.0,,False,decrease
Hawaii,fem_pop,570588.4,577240.2,6651.79999999993,0.011657790449297479,True,increase
Hawaii,white_pop,0.207793956,0.2080314445,0.00023748849999999377,0.0011429037907146528,False,increase
Hawaii,black_pop,0.01813669,0.0159712165,-0.002165473500000001,-0.1193973927987963,False,decrease
Hawaii,nat_amer_pop,0.000985049,0.001073522,8.847299999999994e-05,0.08981583657259683,False,increase
Hawaii,asian_pop,0.364536025,0.35851038550000003,-0.006025639499999957,-0.016529613225469163,False,decrease
Hawaii,hispanic_pop,0.111084365,0.101690995,-0.009393369999999998,-0.08456068502529585,False,decrease
Hawaii,other_race_pop,0.297463916,0.314722436,0.01725852,0.05801886908528428,False,increase
Hawaii,diversity_index,0.722780732,0.7185337985,-0.00424693350000005,-0.005875825560884002,False,decrease
Hawaii,%_fem_age_18-29,0.187043807,0.1787071535,-0.008336653500000013,-0.04457059356153937,False,decrease
Hawaii,%_fem_age_30-39,0.176746981,0.16837412149999997,-0.008372859500000024,-0.04737200857761765,False,decrease
Hawaii,%_fem_age_40-49,0.152345526,0.15897079749999998,0.006625271499999974,0.04348845465931158,False,increase
Hawaii,fem_age_50-59,0.154301331,0.147412645,-0.006888686000000005,-0.0446443718622233,False,decrease
Hawaii,fem_age_60-69,0.156957958,0.1563205375,-0.0006374205000000133,-0.004061090677543175,False,decrease
Hawaii,fem_age_70-79,0.116227683,0.124407011,0.008179328,0.07037332061416039,False,increase
Hawaii,fem_age_80+,0.056376715,0.065807734,0.009431019000000006,0.1672857136142112,False,increase
Hawaii,age_coef_variation,0.485054101,0.528992545,0.04393844400000002,0.0905846253220319,False,increase
Hawaii,fem_poverty_rate,0.116,0.1065,-0.009500000000000008,-0.081896551724138,False,decrease
Hawaii,male_poverty_rate,0.108,0.095,-0.012999999999999998,-0.12037037037037035,False,decrease
Hawaii,poverty_gender_disparity_score,1.074074074,1.1211214534999998,0.04704737949999971,0.043802732640951636,False,increase
Hawaii,fem_labor_force_part,0.59775674,0.596210702,-0.0015460379999999718,-0.002586399945904369,False,decrease
Hawaii,all_labor_force_part,0.633959287,0.635658819,0.001699531999999948,0.002680821994173181,False,increase
Hawaii,labor_force_ratio,0.942894523,0.937949412,-0.0049451109999999465,-0.0052446067713556406,False,decrease
Hawaii,unemployment_rate,0.077,0.0345,-0.042499999999999996,-0.5519480519480519,False,decrease
Hawaii,mhhi,84857.0,98033.5,13176.5,0.155278880940877,True,increase
Hawaii,%_at_least_bach_degree,0.353024948,0.37378605099999995,0.020761102999999947,0.05880916665413671,False,increase
Hawaii,%_at_least_high_school,0.929321798,0.9335154594999999,0.00419366149999989,0.004512604255086988,False,increase
Hawaii,avg_years_schooling,13.76180083,13.896801205,0.13500037499999884,0.009809789915408828,True,increase
Hawaii,gun_deaths_per_100k,3.4,4.7,1.3000000000000003,0.3823529411764707,False,increase
Hawaii,white_adj_rate,1059.336143,1119.57798625,60.2418432500001,0.05686754260965502,True,increase
Hawaii,black_adj_rate,2560.736582,2319.705786,-241.030796,-0.0941255721866358,True,decrease
Hawaii,nat_amer_adj_rate,1601.259564,1329.23177545,-272.02778854999997,-0.16988363077780186,True,decrease
Hawaii,asian_adj_rate,354.3268767,383.23162490000004,28.90474820000003,0.08157650491885486,True,increase
Hawaii,hispanic_adj_rate,201.9454602,208.06083015,6.115369949999973,0.03028228485029332,True,increase
Idaho,total_incidents,8664.0,9105.0,441.0,0.05090027700831025,True,increase
Idaho,white_victims,8015.0,8362.5,347.5,0.04335620711166563,True,increase
Idaho,black_victims,162.0,179.5,17.5,0.10802469135802469,True,increase
Idaho,nat_amer_victims,224.0,263.5,39.5,0.17633928571428573,True,increase
Idaho,asian_victims,59.0,88.5,29.5,0.5,True,increase
Idaho,hispanic_victims,1013.0,1084.0,71.0,0.0700888450148075,True,increase
Idaho,other_race_victims,204.0,211.0,7.0,0.03431372549019608,True,increase
Idaho,victims_age_18_29,3250.0,3295.5,45.5,0.014,True,increase
Idaho,victims_age_30_39,2598.0,2640.0,42.0,0.016166281755196306,True,increase
Idaho,victims_age_40_49,1495.0,1768.0,273.0,0.1826086956521739,True,increase
Idaho,victims_age_50_59,859.0,820.0,-39.0,-0.04540162980209546,True,decrease
Idaho,victims_age_60_69,306.0,385.0,79.0,0.2581699346405229,True,increase
Idaho,victims_age_70_79,115.0,151.5,36.5,0.3173913043478261,True,increase
Idaho,victims_age_80_plus,41.0,45.0,4.0,0.0975609756097561,True,increase
Idaho,involving_firearm,303.0,302.0,-1.0,-0.0033003300330033004,True,decrease
Idaho,sex_assaults,719.0,532.0,-187.0,-0.26008344923504867,True,decrease
Idaho,victim_offender_nonmarried_partner,2037.0,1986.0,-51.0,-0.025036818851251842,True,decrease
Idaho,victim_offender_rel_spouse,1313.0,1395.0,82.0,0.062452399086062454,True,increase
Idaho,dv_total,4401.0,4455.5,54.5,0.012383549193365144,True,increase
Idaho,firearm_nonmarried,42.0,45.0,3.0,0.07142857142857142,True,increase
Idaho,near_school,82.0,160.5,78.5,0.9573170731707317,True,increase
Idaho,on_tribal_lands,1.0,0.5,-0.5,-0.5,False,decrease
Idaho,fem_pop,717568.4,758358.0,40789.59999999998,0.05684419770993256,True,increase
Idaho,white_pop,0.786710456,0.781076972,-0.005633483999999966,-0.007160809872342622,False,decrease
Idaho,black_pop,0.007193874,0.007460692499999999,0.00026681849999999913,0.03708968213788553,False,increase
Idaho,nat_amer_pop,0.00713022,0.006597065,-0.0005331549999999996,-0.07477399014336159,False,decrease
Idaho,asian_pop,0.013598131,0.013881712000000001,0.0002835810000000015,0.020854410065618688,False,increase
Idaho,hispanic_pop,0.13252299,0.1406219385,0.00809894849999998,0.061113535847629005,False,increase
Idaho,other_race_pop,0.052844329,0.050361619499999996,-0.0024827095000000063,-0.04698156920490004,False,decrease
Idaho,diversity_index,0.360444292,0.3673024325,0.006858140499999998,0.019026908324574047,False,increase
Idaho,%_fem_age_18-29,0.205696872,0.212532639,0.006835766999999993,0.033232236025446185,False,increase
Idaho,%_fem_age_30-39,0.177282026,0.172867653,-0.004414372999999999,-0.024900285153555267,False,decrease
Idaho,%_fem_age_40-49,0.165461643,0.16303722199999998,-0.00242442100000001,-0.014652465405532146,False,decrease
Idaho,fem_age_50-59,0.150294616,0.1410413055,-0.0092533105,-0.061567810918789004,False,decrease
Idaho,fem_age_60-69,0.155950058,0.1530071855,-0.002942872499999999,-0.018870608563672345,False,decrease
Idaho,fem_age_70-79,0.102066669,0.10838658400000001,0.006319915000000009,0.06191947931601461,False,increase
Idaho,fem_age_80+,0.043248115,0.049127411999999995,0.005879296999999999,0.13594342782338603,False,increase
Idaho,age_coef_variation,0.423724178,0.453213059,0.029488880999999967,0.06959452051848683,False,increase
Idaho,fem_poverty_rate,0.121,0.1145,-0.006499999999999992,-0.05371900826446274,False,decrease
Idaho,male_poverty_rate,0.099,0.091,-0.008000000000000007,-0.08080808080808087,False,decrease
Idaho,poverty_gender_disparity_score,1.222222222,1.2580917870000001,0.03586956500000005,0.029347825914426914,False,increase
Idaho,fem_labor_force_part,0.574647053,0.5794970445000001,0.004849991500000095,0.008439948442579231,False,increase
Idaho,all_labor_force_part,0.631253822,0.62941118,-0.001842642000000061,-0.002919019158033804,False,decrease
Idaho,labor_force_ratio,0.910326454,0.9206873785,0.010360924500000035,0.011381548294541856,False,increase
Idaho,unemployment_rate,0.033,0.0365,0.003499999999999996,0.10606060606060594,False,increase
Idaho,mhhi,66474.0,78054.0,11580.0,0.17420344796461776,True,increase
Idaho,%_at_least_bach_degree,0.30715207,0.32584572,0.018693650000000006,0.060861220958074634,False,increase
Idaho,%_at_least_high_school,0.912598623,0.9232463205,0.010647697499999942,0.011667448571199456,False,increase
Idaho,avg_years_schooling,13.52525593,13.607027689999999,0.08177175999999875,0.006045856760360671,True,increase
Idaho,gun_deaths_per_100k,17.6,17.7,0.09999999999999787,0.0056818181818180605,True,increase
Idaho,white_adj_rate,1419.793878,1411.7298875,-8.063990500000045,-0.005679690992441401,True,decrease
Idaho,black_adj_rate,3138.259719,3163.8186505,25.558931499999744,0.008144300914694225,True,increase
Idaho,nat_amer_adj_rate,4378.060746,5275.8941625,897.8334164999997,0.205075595929157,True,increase
Idaho,asian_adj_rate,604.657558,848.6997232,244.0421652,0.40360392749775237,True,increase
Idaho,hispanic_adj_rate,1065.258269,1016.8040327,-48.454236299999934,-0.04548590488340996,True,decrease
Illinois,total_incidents,48419.0,98432.5,50013.5,1.0329312873045706,True,increase
Illinois,white_victims,23031.0,49109.5,26078.5,1.1323216534236464,True,increase
Illinois,black_victims,23806.0,46213.5,22407.5,0.9412543056372343,True,increase
Illinois,nat_amer_victims,53.0,131.0,78.0,1.471698113207547,True,increase
Illinois,asian_victims,595.0,1407.0,812.0,1.3647058823529412,True,increase
Illinois,hispanic_victims,6333.0,17578.0,11245.0,1.7756197694615505,True,increase
Illinois,other_race_victims,934.0,1571.5,637.5,0.6825481798715204,True,increase
Illinois,victims_age_18_29,20728.0,38692.0,17964.0,0.8666538016209957,True,increase
Illinois,victims_age_30_39,13731.0,28821.5,15090.5,1.0990095404559026,True,increase
Illinois,victims_age_40_49,7551.0,16521.0,8970.0,1.187922129519269,True,increase
Illinois,victims_age_50_59,3949.0,8610.5,4661.5,1.1804254241580148,True,increase
Illinois,victims_age_60_69,1739.0,4046.0,2307.0,1.3266244968372627,True,increase
Illinois,victims_age_70_79,516.0,1264.0,748.0,1.449612403100775,True,increase
Illinois,victims_age_80_plus,205.0,477.5,272.5,1.329268292682927,True,increase
Illinois,involving_firearm,2085.0,2711.0,626.0,0.30023980815347723,True,increase
Illinois,sex_assaults,2155.0,3310.5,1155.5,0.5361948955916473,True,increase
Illinois,victim_offender_nonmarried_partner,10775.0,21156.5,10381.5,0.9634802784222738,True,increase
Illinois,victim_offender_rel_spouse,3156.0,6459.0,3303.0,1.046577946768061,True,increase
Illinois,dv_total,18887.0,39052.5,20165.5,1.0676920633239795,True,increase
Illinois,firearm_nonmarried,114.0,178.0,64.0,0.5614035087719298,True,increase
Illinois,near_school,425.0,1530.5,1105.5,2.601176470588235,True,increase
Illinois,on_tribal_lands,4.0,4.0,0.0,0.0,False,decrease
Illinois,fem_pop,5039617.2,5078208.6,38591.39999999944,0.00765760542288796,True,increase
Illinois,white_pop,0.589344061,0.574732043,-0.014612018000000004,-0.024793696869034883,False,decrease
Illinois,black_pop,0.133879742,0.13015745750000002,-0.0037222844999999782,-0.027803194451928196,False,decrease
Illinois,nat_amer_pop,0.00100312,0.0010649499999999998,6.182999999999991e-05,0.06163769040593341,False,increase
Illinois,asian_pop,0.056916447,0.0613857605,0.004469313499999995,0.07852411272263701,False,increase
Illinois,hispanic_pop,0.179721073,0.191632674,0.011911600999999994,0.06627826554318421,False,increase
Illinois,other_race_pop,0.039135557,0.041027115,0.0018915580000000015,0.04833348864818767,False,increase
Illinois,diversity_index,0.597678048,0.610542439,0.01286439100000003,0.021523947622048234,False,increase
Illinois,%_fem_age_18-29,0.201267167,0.2007773005,-0.0004898664999999913,-0.0024339116374604277,False,decrease
Illinois,%_fem_age_30-39,0.174608821,0.17313734549999998,-0.0014714755000000135,-0.008427268975145383,False,decrease
Illinois,%_fem_age_40-49,0.161380086,0.1627943815,0.0014142954999999957,0.008763754779508517,False,increase
Illinois,fem_age_50-59,0.165444029,0.155164961,-0.010279068000000002,-0.06213018422079169,False,decrease
Illinois,fem_age_60-69,0.154128632,0.155970648,0.0018420160000000019,0.01195116037881918,False,increase
Illinois,fem_age_70-79,0.09546122,0.100127509,0.004666289000000004,0.048881514399250335,False,increase
Illinois,fem_age_80+,0.047710044,0.052027854,0.004317809999999998,0.09050106933458285,False,increase
Illinois,age_coef_variation,0.499784563,0.51976109,0.01997652700000002,0.03997027615276709,False,increase
Illinois,fem_poverty_rate,0.131,0.1275,-0.003500000000000003,-0.02671755725190842,False,decrease
Illinois,male_poverty_rate,0.11,0.1045,-0.005500000000000005,-0.050000000000000044,False,decrease
Illinois,poverty_gender_disparity_score,1.190909091,1.2201465205000002,0.02923742950000019,0.024550513318736762,False,increase
Illinois,fem_labor_force_part,0.603041811,0.6142592225,0.011217411499999996,0.01860138268256825,False,increase
Illinois,all_labor_force_part,0.645375439,0.6543066710000001,0.008931232000000011,0.01383881607555259,False,increase
Illinois,labor_force_ratio,0.93440465,0.9387934634999999,0.004388813499999977,0.004696908882035184,False,increase
Illinois,unemployment_rate,0.074,0.049,-0.024999999999999994,-0.3378378378378378,False,decrease
Illinois,mhhi,72205.0,81758.5,9553.5,0.13231078180181427,True,increase
Illinois,%_at_least_bach_degree,0.371399786,0.387542552,0.016142765999999975,0.04346466155475915,False,increase
Illinois,%_at_least_high_school,0.901725601,0.906354186,0.004628584999999963,0.0051330304860668615,False,increase
Illinois,avg_years_schooling,13.69759688,13.755904935,0.05830805499999947,0.004256809096574863,True,increase
Illinois,gun_deaths_per_100k,14.1,13.95,-0.15000000000000036,-0.010638297872340451,True,decrease
Illinois,white_adj_rate,775.4366695,1682.6276755,907.1910059999999,1.1699098607046206,True,increase
Illinois,black_adj_rate,3528.369124,6991.925532,3463.5564080000004,0.981630970648977,True,increase
Illinois,nat_amer_adj_rate,1048.396182,2429.4636505,1381.0674685,1.317314477305107,True,increase
Illinois,asian_adj_rate,207.4348085,450.86041190000003,243.42560340000003,1.173504124791091,True,increase
Illinois,hispanic_adj_rate,699.2185408,1804.3130355,1105.0944947,1.5804708116515664,True,increase
Indiana,total_incidents,34708.0,41136.0,6428.0,0.185202258845223,True,increase
Indiana,white_victims,22720.0,25830.5,3110.5,0.13690580985915493,True,increase
Indiana,black_victims,11372.0,14319.5,2947.5,0.2591892367217728,True,increase
Indiana,nat_amer_victims,35.0,46.0,11.0,0.3142857142857143,True,increase
Indiana,asian_victims,265.0,346.0,81.0,0.30566037735849055,True,increase
Indiana,hispanic_victims,2053.0,3231.5,1178.5,0.5740379931807111,True,increase
Indiana,other_race_victims,316.0,594.0,278.0,0.879746835443038,True,increase
Indiana,victims_age_18_29,14753.0,16199.0,1446.0,0.09801396326170948,True,increase
Indiana,victims_age_30_39,9815.0,11884.0,2069.0,0.2107997962302598,True,increase
Indiana,victims_age_40_49,5585.0,7191.0,1606.0,0.2875559534467323,True,increase
Indiana,victims_age_50_59,2933.0,3595.5,662.5,0.22587794067507672,True,increase
Indiana,victims_age_60_69,1186.0,1659.5,473.5,0.39924114671163574,True,increase
Indiana,victims_age_70_79,337.0,485.0,148.0,0.4391691394658754,True,increase
Indiana,victims_age_80_plus,99.0,122.0,23.0,0.23232323232323232,True,increase
Indiana,involving_firearm,2181.0,3580.0,1399.0,0.6414488766620816,True,increase
Indiana,sex_assaults,1755.0,1283.5,-471.5,-0.26866096866096867,True,decrease
Indiana,victim_offender_nonmarried_partner,9394.0,9453.5,59.5,0.006333830104321907,True,increase
Indiana,victim_offender_rel_spouse,3261.0,3633.5,372.5,0.11422876418276602,True,increase
Indiana,dv_total,16196.0,17763.0,1567.0,0.09675228451469499,True,increase
Indiana,firearm_nonmarried,261.0,326.5,65.5,0.2509578544061303,True,increase
Indiana,near_school,227.0,484.5,257.5,1.1343612334801763,True,increase
Indiana,on_tribal_lands,3.0,0.0,-3.0,-1.0,False,decrease
Indiana,fem_pop,2658458.4,2706145.2,47686.80000000028,0.01793776423208288,True,increase
Indiana,white_pop,0.766260284,0.7468085325,-0.019451751500000003,-0.025385305628080813,False,decrease
Indiana,black_pop,0.087482708,0.08897327199999999,0.001490563999999986,0.017038384317046813,False,increase
Indiana,nat_amer_pop,0.001366738,0.0008178845,-0.0005488534999999999,-0.40157916147791306,False,decrease
Indiana,asian_pop,0.023719418,0.0265883135,0.0028688954999999995,0.12095134459032678,False,increase
Indiana,hispanic_pop,0.07610963,0.0888041425,0.012694512500000005,0.16679246108541068,False,increase
Indiana,other_race_pop,0.045061222,0.048007855,0.002946633000000004,0.06539176855878441,False,increase
Indiana,diversity_index,0.396804284,0.423438757,0.026634472999999992,0.06712244316394525,False,increase
Indiana,%_fem_age_18-29,0.211387657,0.208919007,-0.0024686500000000167,-0.011678307215449275,False,decrease
Indiana,%_fem_age_30-39,0.168173882,0.1711062525,0.0029323705000000033,0.017436539283787262,False,increase
Indiana,%_fem_age_40-49,0.159812974,0.158283793,-0.0015291809999999906,-0.009568566066482128,False,decrease
Indiana,fem_age_50-59,0.160936604,0.153688912,-0.007247692,-0.045034453442300795,False,decrease
Indiana,fem_age_60-69,0.158194424,0.156192636,-0.0020017880000000043,-0.012653973189345816,False,decrease
Indiana,fem_age_70-79,0.095585657,0.102541245,0.006955587999999999,0.07276811415336087,False,increase
Indiana,fem_age_80+,0.045908802,0.0492681555,0.003359353500000002,0.07317449712584533,False,increase
Indiana,age_coef_variation,0.480289649,0.48077059,0.0004809410000000125,0.0010013561628933055,False,increase
Indiana,fem_poverty_rate,0.135,0.1375,0.0025000000000000022,0.018518518518518535,False,increase
Indiana,male_poverty_rate,0.108,0.1075,-0.0005000000000000004,-0.004629629629629634,False,decrease
Indiana,poverty_gender_disparity_score,1.25,1.279075805,0.029075804999999955,0.023260643999999962,False,increase
Indiana,fem_labor_force_part,0.586040781,0.597946302,0.011905520999999974,0.020315174960494727,False,increase
Indiana,all_labor_force_part,0.634484011,0.642678518,0.008194507000000018,0.012915230104986866,False,increase
Indiana,labor_force_ratio,0.923649407,0.9304019480000001,0.006752541000000112,0.007310718708662704,False,increase
Indiana,unemployment_rate,0.047,0.0385,-0.0085,-0.18085106382978725,False,decrease
Indiana,mhhi,62743.0,70718.0,7975.0,0.12710581260060883,True,increase
Indiana,%_at_least_bach_degree,0.288792448,0.30435465949999996,0.015562211499999978,0.05388718301941185,False,increase
Indiana,%_at_least_high_school,0.906410409,0.9051106115,-0.0012997974999999773,-0.0014340054870221346,False,decrease
Indiana,avg_years_schooling,13.34784657,13.411966069999998,0.06411949999999855,0.004803733670726375,True,increase
Indiana,gun_deaths_per_100k,17.3,17.950000000000003,0.6500000000000021,0.037572254335260236,True,increase
Indiana,white_adj_rate,1115.326811,1278.165647,162.83883600000013,0.14600100561915044,True,increase
Indiana,black_adj_rate,4889.728707,5950.578275,1060.8495679999996,0.21695468840251134,True,increase
Indiana,nat_amer_adj_rate,963.2808045,2085.4322525,1122.1514479999996,1.1649266161620058,True,increase
Indiana,asian_adj_rate,420.2541169,480.43876754999997,60.18465064999998,0.14321013936508561,True,increase
Indiana,hispanic_adj_rate,1014.6575,1343.9539705,329.29647049999994,0.3245395323052359,True,increase
Iowa,total_incidents,15607.0,15461.0,-146.0,-0.009354776702761582,True,decrease
Iowa,white_victims,11718.0,11643.5,-74.5,-0.006357740228707971,True,decrease
Iowa,black_victims,3163.0,3216.0,53.0,0.016756244072083464,True,increase
Iowa,nat_amer_victims,227.0,219.0,-8.0,-0.03524229074889868,True,decrease
Iowa,asian_victims,145.0,178.0,33.0,0.22758620689655173,True,increase
Iowa,hispanic_victims,880.0,1201.0,321.0,0.36477272727272725,True,increase
Iowa,other_race_victims,354.0,204.5,-149.5,-0.422316384180791,True,decrease
Iowa,victims_age_18_29,6649.0,6137.5,-511.5,-0.07692886148292977,True,decrease
Iowa,victims_age_30_39,4552.0,4461.5,-90.5,-0.019881370826010544,True,decrease
Iowa,victims_age_40_49,2548.0,2721.5,173.5,0.06809262166405024,True,increase
Iowa,victims_age_50_59,1229.0,1307.5,78.5,0.06387306753458095,True,increase
Iowa,victims_age_60_69,453.0,584.0,131.0,0.2891832229580574,True,increase
Iowa,victims_age_70_79,119.0,176.0,57.0,0.4789915966386555,True,increase
Iowa,victims_age_80_plus,57.0,73.0,16.0,0.2807017543859649,True,increase
Iowa,involving_firearm,527.0,514.5,-12.5,-0.023719165085388995,True,decrease
Iowa,sex_assaults,871.0,600.5,-270.5,-0.3105625717566016,True,decrease
Iowa,victim_offender_nonmarried_partner,5064.0,4348.5,-715.5,-0.1412914691943128,True,decrease
Iowa,victim_offender_rel_spouse,1341.0,1382.5,41.5,0.030947054436987323,True,increase
Iowa,dv_total,7868.0,7292.0,-576.0,-0.07320793085917641,True,decrease
Iowa,firearm_nonmarried,98.0,94.5,-3.5,-0.03571428571428571,True,decrease
Iowa,near_school,241.0,386.0,145.0,0.6016597510373444,True,increase
Iowa,on_tribal_lands,0.0,0.0,0.0,,False,decrease
Iowa,fem_pop,1233174.0,1255249.2999999998,22075.299999999814,0.017901204533990998,True,increase
Iowa,white_pop,0.829753977,0.817817088,-0.011936889000000006,-0.01438605819421099,False,decrease
Iowa,black_pop,0.03514163,0.039975112,0.004833482,0.1375429085105045,False,increase
Iowa,nat_amer_pop,0.002677666,0.001811547,-0.000866119,-0.3234604315848205,False,decrease
Iowa,asian_pop,0.023179508,0.024573686,0.0013941779999999994,0.060147005708662986,False,increase
Iowa,hispanic_pop,0.066489429,0.075565562,0.009076133,0.13650490215519823,False,increase
Iowa,other_race_pop,0.04275779,0.040257005,-0.0025007849999999984,-0.0584872370625329,False,decrease
Iowa,diversity_index,0.303479871,0.321592834,0.018112962999999982,0.05968423190742684,False,increase
Iowa,%_fem_age_18-29,0.209386623,0.2069077895,-0.0024788334999999995,-0.011838547584770969,False,decrease
Iowa,%_fem_age_30-39,0.164410527,0.16221375,-0.002196777000000011,-0.013361534933830672,False,decrease
Iowa,%_fem_age_40-49,0.150859904,0.158108989,0.007249085000000016,0.04805176728735037,False,increase
Iowa,fem_age_50-59,0.154351025,0.1447867335,-0.009564291500000016,-0.06196454801644509,False,decrease
Iowa,fem_age_60-69,0.16554406,0.160902288,-0.0046417719999999885,-0.028039495950503986,False,decrease
Iowa,fem_age_70-79,0.10061051,0.10873258499999999,0.008122074999999992,0.08072789810925313,False,increase
Iowa,fem_age_80+,0.054837352,0.0583478655,0.0035105134999999996,0.06401683108258034,False,increase
Iowa,age_coef_variation,0.545045958,0.5367390185,-0.008306939499999944,-0.015240805620284856,False,decrease
Iowa,fem_poverty_rate,0.124,0.125,0.0010000000000000009,0.008064516129032265,False,increase
Iowa,male_poverty_rate,0.099,0.1015,0.0025000000000000022,0.025252525252525273,False,increase
Iowa,poverty_gender_disparity_score,1.252525253,1.231556979,-0.020968273999999898,-0.01674079939688042,False,decrease
Iowa,fem_labor_force_part,0.618837313,0.628595565,0.009758252000000023,0.01576868717352217,False,increase
Iowa,all_labor_force_part,0.660928043,0.66400116,0.003073117000000014,0.004649699816111471,False,increase
Iowa,labor_force_ratio,0.936315715,0.946676225,0.010360510000000045,0.011065188626039503,False,increase
Iowa,unemployment_rate,0.036,0.03,-0.005999999999999998,-0.16666666666666663,False,decrease
Iowa,mhhi,65600.0,73467.0,7867.0,0.11992378048780487,True,increase
Iowa,%_at_least_bach_degree,0.305410523,0.3180022715,0.0125917485,0.041228928120462964,False,increase
Iowa,%_at_least_high_school,0.933248209,0.931353951,-0.001894258000000093,-0.002029747265231658,False,decrease
Iowa,avg_years_schooling,13.57389013,13.61929393,0.045403799999998995,0.003344936460009419,True,increase
Iowa,gun_deaths_per_100k,11.2,10.9,-0.29999999999999893,-0.02678571428571419,True,decrease
Iowa,white_adj_rate,1145.195918,1134.2607189999999,-10.935199000000011,-0.009548758276310947,True,decrease
Iowa,black_adj_rate,7298.824657,6415.9036335,-882.9210235,-0.12096756190097362,True,decrease
Iowa,nat_amer_adj_rate,6874.562956,9725.934936000001,2851.3719800000017,0.4147713823045832,True,increase
Iowa,asian_adj_rate,507.2702923,580.11947345,72.84918114999999,0.14361018623759056,True,increase
Iowa,hispanic_adj_rate,1073.261892,1264.974608,191.712716,0.1786262210826731,True,increase
Kansas,total_incidents,18489.0,21770.0,3281.0,0.1774568662447942,True,increase
Kansas,white_victims,15055.0,17056.5,2001.5,0.13294586516107607,True,increase
Kansas,black_victims,3071.0,4094.5,1023.5,0.33327906219472486,True,increase
Kansas,nat_amer_victims,99.0,204.0,105.0,1.0606060606060606,True,increase
Kansas,asian_victims,175.0,202.5,27.5,0.15714285714285714,True,increase
Kansas,hispanic_victims,2296.0,3213.0,917.0,0.39939024390243905,True,increase
Kansas,other_race_victims,89.0,212.5,123.5,1.3876404494382022,True,increase
Kansas,victims_age_18_29,7528.0,8244.5,716.5,0.09517800212539851,True,increase
Kansas,victims_age_30_39,5138.0,5942.5,804.5,0.15657843518878942,True,increase
Kansas,victims_age_40_49,3135.0,3896.5,761.5,0.24290271132376395,True,increase
Kansas,victims_age_50_59,1586.0,1968.0,382.0,0.2408575031525851,True,increase
Kansas,victims_age_60_69,743.0,1111.5,368.5,0.4959623149394347,True,increase
Kansas,victims_age_70_79,245.0,410.5,165.5,0.6755102040816326,True,increase
Kansas,victims_age_80_plus,114.0,196.5,82.5,0.7236842105263158,True,increase
Kansas,involving_firearm,1050.0,1512.5,462.5,0.44047619047619047,True,increase
Kansas,sex_assaults,910.0,716.0,-194.0,-0.21318681318681318,True,decrease
Kansas,victim_offender_nonmarried_partner,4575.0,4877.0,302.0,0.06601092896174864,True,increase
Kansas,victim_offender_rel_spouse,1938.0,2045.0,107.0,0.05521155830753354,True,increase
Kansas,dv_total,8774.0,9670.0,896.0,0.10211989970366993,True,increase
Kansas,firearm_nonmarried,115.0,129.0,14.0,0.12173913043478261,True,increase
Kansas,near_school,288.0,391.5,103.5,0.359375,True,increase
Kansas,on_tribal_lands,0.0,0.0,0.0,,False,decrease
Kansas,fem_pop,1120461.2,1138125.1,17663.90000000014,0.015764847546706786,True,increase
Kansas,white_pop,0.733648267,0.7227749075000001,-0.010873359499999902,-0.014820943480808224,False,decrease
Kansas,black_pop,0.051465933,0.0517245595,0.0002586265000000046,0.005025197930444681,False,increase
Kansas,nat_amer_pop,0.003643449,0.004445753,0.0008023040000000002,0.2202045369648375,False,increase
Kansas,asian_pop,0.028578516,0.0279977945,-0.0005807215000000025,-0.02032021186824405,False,decrease
Kansas,hispanic_pop,0.127351357,0.1394570725,0.012105715500000003,0.09505760900529708,False,increase
Kansas,other_race_pop,0.055312477,0.053599913,-0.0017125639999999998,-0.030961621913985153,False,decrease
Kansas,diversity_index,0.439003633,0.451761446,0.012757813000000007,0.029060836952116992,False,increase
Kansas,%_fem_age_18-29,0.213194945,0.216015837,0.0028208919999999915,0.013231514471414843,False,increase
Kansas,%_fem_age_30-39,0.176373246,0.1689343355,-0.007438910500000007,-0.04217709130329215,False,decrease
Kansas,%_fem_age_40-49,0.150567703,0.159327493,0.00875978999999999,0.0581784129362722,False,increase
Kansas,fem_age_50-59,0.153048168,0.14093632550000001,-0.012111842499999997,-0.07913745494817027,False,decrease
Kansas,fem_age_60-69,0.159064721,0.15661132700000002,-0.00245339399999997,-0.015423872651183099,False,decrease
Kansas,fem_age_70-79,0.096987587,0.10665566300000001,0.009668076000000012,0.09968364302124572,False,increase
Kansas,fem_age_80+,0.050763628,0.0515190195,0.0007553915000000008,0.014880565668001524,False,increase
Kansas,age_coef_variation,0.52340335,0.483195632,-0.04020771800000006,-0.07681975669433537,False,decrease
Kansas,fem_poverty_rate,0.128,0.121,-0.007000000000000006,-0.05468750000000005,False,decrease
Kansas,male_poverty_rate,0.106,0.0995,-0.006499999999999992,-0.061320754716981056,False,decrease
Kansas,poverty_gender_disparity_score,1.20754717,1.216053748,0.008506577999999987,0.0070445099051492845,False,increase
Kansas,fem_labor_force_part,0.611682727,0.616772522,0.0050897949999999526,0.008320972254624337,False,increase
Kansas,all_labor_force_part,0.656636343,0.6644159064999999,0.007779563499999975,0.011847598115658938,False,increase
Kansas,labor_force_ratio,0.931539555,0.928293912,-0.0032456429999999648,-0.0034841708895549423,False,decrease
Kansas,unemployment_rate,0.044,0.035,-0.008999999999999994,-0.20454545454545442,False,decrease
Kansas,mhhi,64124.0,72923.5,8799.5,0.13722631152142722,True,increase
Kansas,%_at_least_bach_degree,0.353967519,0.359338476,0.0053709570000000095,0.015173587156170704,False,increase
Kansas,%_at_least_high_school,0.918943759,0.918418634,-0.0005251250000000152,-0.0005714441116303562,False,decrease
Kansas,avg_years_schooling,13.69975795,13.74234059,0.04258263999999912,0.003108276814481902,True,increase
Kansas,gun_deaths_per_100k,16.9,16.65,-0.25,-0.014792899408284025,True,decrease
Kansas,white_adj_rate,1831.454112,2073.5939335,242.13982149999993,0.1322117872970218,True,increase
Kansas,black_adj_rate,5325.533783,6955.1787535,1629.6449705000005,0.3060059398556632,True,increase
Kansas,nat_amer_adj_rate,2425.07781,4027.6018750000003,1602.524065,0.6608134627234908,True,increase
Kansas,asian_adj_rate,546.514329,649.53304385,103.01871485000004,0.18850139764587956,True,increase
Kansas,hispanic_adj_rate,1609.057206,2024.4509575,415.3937515,0.2581597161064515,True,increase
Kentucky,total_incidents,20749.0,20600.0,-149.0,-0.007181068967179141,True,decrease
Kentucky,white_victims,14824.0,14429.0,-395.0,-0.02664597949271452,True,decrease
Kentucky,black_victims,5581.0,5780.0,199.0,0.03565669234904139,True,increase
Kentucky,nat_amer_victims,16.0,18.5,2.5,0.15625,True,increase
Kentucky,asian_victims,83.0,96.0,13.0,0.1566265060240964,True,increase
Kentucky,hispanic_victims,664.0,1080.0,416.0,0.6265060240963856,True,increase
Kentucky,other_race_victims,245.0,276.5,31.5,0.12857142857142856,True,increase
Kentucky,victims_age_18_29,8039.0,7714.0,-325.0,-0.04042791391964175,True,decrease
Kentucky,victims_age_30_39,5880.0,5669.5,-210.5,-0.03579931972789115,True,decrease
Kentucky,victims_age_40_49,3837.0,3877.5,40.5,0.01055512118842846,True,increase
Kentucky,victims_age_50_59,1867.0,1971.0,104.0,0.05570433851098018,True,increase
Kentucky,victims_age_60_69,792.0,957.0,165.0,0.20833333333333334,True,increase
Kentucky,victims_age_70_79,249.0,311.5,62.5,0.25100401606425704,True,increase
Kentucky,victims_age_80_plus,85.0,99.5,14.5,0.17058823529411765,True,increase
Kentucky,involving_firearm,1742.0,1302.0,-440.0,-0.2525832376578645,True,decrease
Kentucky,sex_assaults,1443.0,1082.5,-360.5,-0.24982674982674982,True,decrease
Kentucky,victim_offender_nonmarried_partner,6585.0,5304.0,-1281.0,-0.19453302961275626,True,decrease
Kentucky,victim_offender_rel_spouse,2197.0,2110.5,-86.5,-0.03937187073281748,True,decrease
Kentucky,dv_total,10952.0,9974.5,-977.5,-0.08925310445580716,True,decrease
Kentucky,firearm_nonmarried,223.0,139.0,-84.0,-0.37668161434977576,True,decrease
Kentucky,near_school,207.0,460.0,253.0,1.2222222222222223,True,increase
Kentucky,on_tribal_lands,0.0,0.0,0.0,,False,decrease
Kentucky,fem_pop,1781732.8,1806579.0,24846.199999999953,0.013944964138281538,True,increase
Kentucky,white_pop,0.826558957,0.809196366,-0.01736259100000004,-0.0210058712121609,False,decrease
Kentucky,black_pop,0.070991801,0.072049891,0.0010580900000000115,0.014904397199333085,False,increase
Kentucky,nat_amer_pop,0.001619286,0.0012511945,-0.00036809150000000003,-0.22731716324355306,False,decrease
Kentucky,asian_pop,0.013979927,0.0163656005,0.002385673500000001,0.17064992542521867,False,increase
Kentucky,hispanic_pop,0.039195289,0.0517823985,0.012587109499999999,0.3211383260881173,False,increase
Kentucky,other_race_pop,0.04765474,0.04935455,0.001699809999999996,0.035669274452027146,False,increase
Kentucky,diversity_index,0.307755149,0.3345602035,0.02680505449999998,0.08709863859986947,False,increase
Kentucky,%_fem_age_18-29,0.20115093,0.2008432395,-0.00030769050000001297,-0.001529649900201868,False,decrease
Kentucky,%_fem_age_30-39,0.1667038,0.16886841,0.0021646099999999835,0.012984766993913656,False,increase
Kentucky,%_fem_age_40-49,0.158175316,0.1579692245,-0.0002060915000000052,-0.0013029308567969302,False,decrease
Kentucky,fem_age_50-59,0.167119362,0.15831904749999998,-0.008800314500000017,-0.05265885648845415,False,decrease
Kentucky,fem_age_60-69,0.161189719,0.159494202,-0.0016955170000000075,-0.010518766398494729,False,decrease
Kentucky,fem_age_70-79,0.09985273,0.10733834549999999,0.007485615499999987,0.07496655825033513,False,increase
Kentucky,fem_age_80+,0.045808143,0.047167532,0.0013593889999999956,0.029675706347668262,False,increase
Kentucky,age_coef_variation,0.458757043,0.439428523,-0.01932851999999996,-0.04213236678308601,False,decrease
Kentucky,fem_poverty_rate,0.18,0.176,-0.0040000000000000036,-0.022222222222222244,False,decrease
Kentucky,male_poverty_rate,0.149,0.143,-0.006000000000000005,-0.040268456375838965,False,decrease
Kentucky,poverty_gender_disparity_score,1.208053691,1.230487089,0.022433397999999993,0.018569868348674242,False,increase
Kentucky,fem_labor_force_part,0.546744341,0.5617232325,0.01497889149999998,0.027396518586005777,False,increase
Kentucky,all_labor_force_part,0.588362178,0.6026608865,0.014298708500000035,0.024302562324120085,False,increase
Kentucky,labor_force_ratio,0.929264936,0.93207189,0.0028069539999999726,0.0030206175776764407,False,increase
Kentucky,unemployment_rate,0.054,0.045,-0.009000000000000001,-0.16666666666666669,False,decrease
Kentucky,mhhi,55573.0,62822.0,7249.0,0.13044104151296493,True,increase
Kentucky,%_at_least_bach_degree,0.269801782,0.278952553,0.009150771000000002,0.03391664403461947,False,increase
Kentucky,%_at_least_high_school,0.87987785,0.892611328,0.01273347800000002,0.014471870157886145,False,increase
Kentucky,avg_years_schooling,13.20460208,13.28890099,0.08429890999999934,0.006384055308086901,True,increase
Kentucky,gun_deaths_per_100k,20.1,18.65,-1.4500000000000028,-0.0721393034825872,True,decrease
Kentucky,white_adj_rate,1006.581617,987.0719237999999,-19.50969320000013,-0.019382127460410525,True,decrease
Kentucky,black_adj_rate,4412.2616,4442.742268,30.48066800000015,0.006908173350374364,True,increase
Kentucky,nat_amer_adj_rate,554.5667748,818.4296366,263.8628618,0.4757999825993182,True,increase
Kentucky,asian_adj_rate,333.2196576,325.6080565,-7.61160110000003,-0.02284259324561538,True,decrease
Kentucky,hispanic_adj_rate,950.8053863,1151.5573995,200.75201319999996,0.21113891033076068,True,increase
Louisiana,total_incidents,31454.0,32579.5,1125.5,0.035782412411775925,True,increase
Louisiana,white_victims,13743.0,13688.5,-54.5,-0.003965655242668995,True,decrease
Louisiana,black_victims,17175.0,18275.0,1100.0,0.06404657933042213,True,increase
Louisiana,nat_amer_victims,47.0,49.0,2.0,0.0425531914893617,True,increase
Louisiana,asian_victims,79.0,114.5,35.5,0.44936708860759494,True,increase
Louisiana,hispanic_victims,1063.0,1310.0,247.0,0.2323612417685795,True,increase
Louisiana,other_race_victims,410.0,452.5,42.5,0.10365853658536585,True,increase
Louisiana,victims_age_18_29,12080.0,12470.0,390.0,0.03228476821192053,True,increase
Louisiana,victims_age_30_39,9346.0,9264.5,-81.5,-0.008720308153220628,True,decrease
Louisiana,victims_age_40_49,5286.0,5748.0,462.0,0.08740068104426787,True,increase
Louisiana,victims_age_50_59,2929.0,2944.5,15.5,0.005291908501194947,True,increase
Louisiana,victims_age_60_69,1327.0,1554.5,227.5,0.17143933685003768,True,increase
Louisiana,victims_age_70_79,386.0,478.0,92.0,0.23834196891191708,True,increase
Louisiana,victims_age_80_plus,100.0,120.0,20.0,0.2,True,increase
Louisiana,involving_firearm,3074.0,2667.0,-407.0,-0.1324007807417046,True,decrease
Louisiana,sex_assaults,807.0,625.5,-181.5,-0.22490706319702602,True,decrease
Louisiana,victim_offender_nonmarried_partner,8100.0,8257.0,157.0,0.019382716049382714,True,increase
Louisiana,victim_offender_rel_spouse,2581.0,2519.0,-62.0,-0.02402169701666021,True,decrease
Louisiana,dv_total,13851.0,14342.5,491.5,0.03548480254133276,True,increase
Louisiana,firearm_nonmarried,431.0,384.5,-46.5,-0.10788863109048724,True,decrease
Louisiana,near_school,300.0,552.5,252.5,0.8416666666666667,True,increase
Louisiana,on_tribal_lands,0.0,12.5,12.5,,False,increase
Louisiana,fem_pop,1831760.0,1829308.7000000002,-2451.2999999998137,-0.0013382211643445724,True,decrease
Louisiana,white_pop,0.568909659,0.5541354445,-0.014774214500000049,-0.025969350785798574,False,decrease
Louisiana,black_pop,0.310190186,0.3015359265,-0.008654259499999983,-0.027899849481375867,False,decrease
Louisiana,nat_amer_pop,0.00378305,0.0043531214999999995,0.0005700714999999994,0.15069097685729752,False,increase
Louisiana,asian_pop,0.017176296,0.0174951145,0.00031881849999999823,0.0185615396940061,False,increase
Louisiana,hispanic_pop,0.055381357,0.0746396335,0.019258276499999998,0.34773933943149854,False,increase
Louisiana,other_race_pop,0.044559452,0.047840759499999996,0.003281307499999997,0.07363886566648074,False,increase
Louisiana,diversity_index,0.574761873,0.5938077475000001,0.01904587450000006,0.03313698314849785,False,increase
Louisiana,%_fem_age_18-29,0.202905367,0.19771804250000002,-0.005187324499999979,-0.0255652404699575,False,decrease
Louisiana,%_fem_age_30-39,0.18139893,0.175012685,-0.006386245000000013,-0.03520552739754315,False,decrease
Louisiana,%_fem_age_40-49,0.156896488,0.16526985700000002,0.00837336900000002,0.05336874717042755,False,increase
Louisiana,fem_age_50-59,0.157176351,0.14849364399999998,-0.008682707000000012,-0.05524181560876173,False,decrease
Louisiana,fem_age_60-69,0.1600726,0.15998509,-8.751000000001286e-05,-0.0005466894396668315,False,decrease
Louisiana,fem_age_70-79,0.09582249,0.1075983195,0.011775829500000001,0.12289212584644797,False,increase
Louisiana,fem_age_80+,0.045727774,0.045922362,0.00019458800000000248,0.004255356930341776,False,increase
Louisiana,age_coef_variation,0.477213375,0.4268237585,-0.05038961650000001,-0.10559137513696051,False,decrease
Louisiana,fem_poverty_rate,0.215,0.20700000000000002,-0.00799999999999998,-0.0372093023255813,False,decrease
Louisiana,male_poverty_rate,0.176,0.167,-0.00899999999999998,-0.05113636363636353,False,decrease
Louisiana,poverty_gender_disparity_score,1.201183432,1.2399856555,0.038802223499999844,0.03230332892237215,False,increase
Louisiana,fem_labor_force_part,0.552472803,0.563148763,0.01067596000000004,0.019323955753166804,False,increase
Louisiana,all_labor_force_part,0.585183353,0.595723196,0.010539842999999993,0.018011180506018243,False,increase
Louisiana,labor_force_ratio,0.94410205,0.9453032465,0.0012011964999999458,0.0012723163772390344,False,increase
Louisiana,unemployment_rate,0.076,0.0505,-0.025499999999999995,-0.3355263157894736,False,decrease
Louisiana,mhhi,52087.0,59607.5,7520.5,0.1443834354061474,True,increase
Louisiana,%_at_least_bach_degree,0.264459355,0.2741399875,0.009680632500000008,0.036605369849744995,False,increase
Louisiana,%_at_least_high_school,0.866771826,0.8802077660000001,0.013435940000000035,0.01550112682135106,False,increase
Louisiana,avg_years_schooling,13.11077074,13.17616739,0.06539665000000028,0.004988009576010653,True,increase
Louisiana,gun_deaths_per_100k,26.3,28.25,1.9499999999999993,0.07414448669201518,True,increase
Louisiana,white_adj_rate,1318.771849,1350.4276009999999,31.655751999999893,0.024003964009395452,True,increase
Louisiana,black_adj_rate,3022.735325,3312.7875745,290.0522495,0.09595687955246297,True,increase
Louisiana,nat_amer_adj_rate,678.2459443,638.0027123,-40.243232000000035,-0.059334275918942685,True,decrease
Louisiana,asian_adj_rate,251.0897617,357.82578705000003,106.73602535000003,0.4250911093600358,True,increase
Louisiana,hispanic_adj_rate,1047.854784,959.90720875,-87.94757525000011,-0.08393107193181465,True,decrease
Maine,total_incidents,4552.0,4293.0,-259.0,-0.05689806678383128,True,decrease
Maine,white_victims,4125.0,3894.0,-231.0,-0.056,True,decrease
Maine,black_victims,185.0,218.0,33.0,0.1783783783783784,True,increase
Maine,nat_amer_victims,37.0,43.5,6.5,0.17567567567567569,True,increase
Maine,asian_victims,25.0,30.0,5.0,0.2,True,increase
Maine,hispanic_victims,47.0,81.0,34.0,0.723404255319149,True,increase
Maine,other_race_victims,180.0,107.5,-72.5,-0.4027777777777778,True,decrease
Maine,victims_age_18_29,1612.0,1363.0,-249.0,-0.15446650124069478,True,decrease
Maine,victims_age_30_39,1364.0,1270.0,-94.0,-0.0689149560117302,True,decrease
Maine,victims_age_40_49,790.0,846.0,56.0,0.07088607594936709,True,increase
Maine,victims_age_50_59,509.0,463.0,-46.0,-0.09037328094302555,True,decrease
Maine,victims_age_60_69,205.0,245.0,40.0,0.1951219512195122,True,increase
Maine,victims_age_70_79,50.0,76.0,26.0,0.52,True,increase
Maine,victims_age_80_plus,22.0,30.0,8.0,0.36363636363636365,True,increase
Maine,involving_firearm,41.0,55.0,14.0,0.34146341463414637,True,increase
Maine,sex_assaults,386.0,240.0,-146.0,-0.37823834196891193,True,decrease
Maine,victim_offender_nonmarried_partner,1458.0,1210.0,-248.0,-0.1700960219478738,True,decrease
Maine,victim_offender_rel_spouse,473.0,482.0,9.0,0.019027484143763214,True,increase
Maine,dv_total,2426.0,2245.5,-180.5,-0.07440230832646332,True,decrease
Maine,firearm_nonmarried,8.0,13.5,5.5,0.6875,False,increase
Maine,near_school,45.0,49.0,4.0,0.08888888888888889,True,increase
Maine,on_tribal_lands,0.0,0.0,0.0,,False,decrease
Maine,fem_pop,576711.6,591716.7,15005.099999999977,0.026018377296381724,True,increase
Maine,white_pop,0.900387467,0.8932526075,-0.007134859500000035,-0.007924210144519965,False,decrease
Maine,black_pop,0.014918597,0.018629978999999998,0.0037113819999999974,0.24877553834318317,False,increase
Maine,nat_amer_pop,0.003339049,0.003399042,5.999299999999994e-05,0.01796709182764312,False,increase
Maine,asian_pop,0.01225071,0.012142541,-0.00010816899999999997,-0.00882961069195173,False,decrease
Maine,hispanic_pop,0.019112448,0.022868331999999998,0.0037558839999999975,0.19651506703903118,False,increase
Maine,other_race_pop,0.049991729,0.049707498,-0.0002842309999999959,-0.005685560505418724,False,decrease
Maine,diversity_index,0.186054158,0.198591964,0.012537806000000012,0.06738793765630335,False,increase
Maine,%_fem_age_18-29,0.166609387,0.16388893,-0.0027204570000000095,-0.016328353695941572,False,decrease
Maine,%_fem_age_30-39,0.155638995,0.153027402,-0.0026115929999999954,-0.016779811511890032,False,decrease
Maine,%_fem_age_40-49,0.141098645,0.144913788,0.003815142999999993,0.027038835135518087,False,increase
Maine,fem_age_50-59,0.173314277,0.1590141215,-0.014300155499999995,-0.08250996829303332,False,decrease
Maine,fem_age_60-69,0.185468482,0.18645741300000002,0.0009889310000000262,0.005332070383797211,False,increase
Maine,fem_age_70-79,0.123831145,0.131773034,0.007941889000000008,0.06413482650103904,False,increase
Maine,fem_age_80+,0.054039067,0.060925311499999996,0.0068862444999999925,0.12743085479251506,False,increase
Maine,age_coef_variation,0.436393181,0.4627114075,0.026318226499999986,0.06030851911959638,False,increase
Maine,fem_poverty_rate,0.127,0.11649999999999999,-0.01050000000000001,-0.08267716535433078,False,decrease
Maine,male_poverty_rate,0.103,0.093,-0.009999999999999995,-0.09708737864077666,False,decrease
Maine,poverty_gender_disparity_score,1.233009709,1.2526595745,0.01964986549999992,0.015936505087163037,False,increase
Maine,fem_labor_force_part,0.578800847,0.585600153,0.006799306000000005,0.01174722883568967,False,increase
Maine,all_labor_force_part,0.613400202,0.6199645205,0.006564318499999944,0.010701526472597972,False,increase
Maine,labor_force_ratio,0.943594159,0.9445815555,0.0009873965000000151,0.001046420741991913,False,increase
Maine,unemployment_rate,0.049,0.0295,-0.019500000000000003,-0.39795918367346944,False,decrease
Maine,mhhi,64767.0,75087.5,10320.5,0.15934812481665045,True,increase
Maine,%_at_least_bach_degree,0.359878748,0.37052728,0.010648531999999988,0.029589221534137348,False,increase
Maine,%_at_least_high_school,0.945280067,0.948403358,0.0031232909999999725,0.0033040906171990323,False,increase
Maine,avg_years_schooling,13.92339998,13.976005520000001,0.05260554000000184,0.0037782107872765315,True,increase
Maine,gun_deaths_per_100k,10.4,13.0,2.5999999999999996,0.24999999999999994,True,increase
Maine,white_adj_rate,794.3937613,736.73029585,-57.6634654500001,-0.07258801397890598,True,decrease
Maine,black_adj_rate,2150.230704,1991.3726235000001,-158.85808049999991,-0.07387955171716305,True,decrease
Maine,nat_amer_adj_rate,1921.410877,2163.9139059999998,242.50302899999974,0.12621091714575514,True,increase
Maine,asian_adj_rate,353.8507027,431.382349,77.53164629999998,0.21910835758812236,True,increase
Maine,hispanic_adj_rate,426.4055554,597.2814773,170.87592189999998,0.40073568398916776,True,increase
Maryland,total_incidents,19427.0,49583.5,30156.5,1.5522983476604726,True,increase
Maryland,white_victims,8717.0,20036.5,11319.5,1.2985545485832282,True,increase
Maryland,black_victims,10122.0,27404.0,17282.0,1.7073700849634459,True,increase
Maryland,nat_amer_victims,32.0,108.5,76.5,2.390625,True,increase
Maryland,asian_victims,352.0,666.5,314.5,0.8934659090909091,True,increase
Maryland,hispanic_victims,1602.0,4354.5,2752.5,1.7181647940074907,True,increase
Maryland,other_race_victims,204.0,1368.0,1164.0,5.705882352941177,True,increase
Maryland,victims_age_18_29,8209.0,18885.5,10676.5,1.3005847240833233,True,increase
Maryland,victims_age_30_39,5452.0,14730.5,9278.5,1.7018525311812178,True,increase
Maryland,victims_age_40_49,2912.0,8155.0,5243.0,1.8004807692307692,True,increase
Maryland,victims_age_50_59,1689.0,4456.5,2767.5,1.6385435168738898,True,increase
Maryland,victims_age_60_69,766.0,2251.0,1485.0,1.9386422976501305,True,increase
Maryland,victims_age_70_79,248.0,760.0,512.0,2.064516129032258,True,increase
Maryland,victims_age_80_plus,151.0,345.0,194.0,1.2847682119205297,True,increase
Maryland,involving_firearm,564.0,1970.5,1406.5,2.493794326241135,True,increase
Maryland,sex_assaults,767.0,1265.5,498.5,0.6499348109517601,True,increase
Maryland,victim_offender_nonmarried_partner,3711.0,9669.5,5958.5,1.6056319051468606,True,increase
Maryland,victim_offender_rel_spouse,1492.0,3661.5,2169.5,1.454088471849866,True,increase
Maryland,dv_total,7167.0,18792.5,11625.5,1.6220873447746615,True,increase
Maryland,firearm_nonmarried,58.0,230.5,172.5,2.9741379310344827,True,increase
Maryland,near_school,139.0,928.0,789.0,5.676258992805756,True,increase
Maryland,on_tribal_lands,0.0,0.0,0.0,,False,decrease
Maryland,fem_pop,2497690.0,2534976.9,37286.89999999991,0.01492855398388107,True,increase
Maryland,white_pop,0.478384151,0.45816029049999996,-0.020223860500000024,-0.04227535644256748,False,decrease
Maryland,black_pop,0.290353373,0.28775831799999996,-0.0025950550000000683,-0.008937574835750464,False,decrease
Maryland,nat_amer_pop,0.001276859,0.0013411125,6.425349999999996e-05,0.05032153119490873,False,increase
Maryland,asian_pop,0.065720766,0.067440242,0.0017194759999999976,0.026163359081968058,False,increase
Maryland,hispanic_pop,0.110998975,0.129547826,0.018548851000000005,0.16710830888303252,False,increase
Maryland,other_race_pop,0.053265877,0.055752210999999996,0.002486333999999993,0.04667780087428191,False,increase
Maryland,diversity_index,0.667364648,0.6828035265000001,0.015438878500000142,0.023134096998197816,False,increase
Maryland,%_fem_age_18-29,0.190507608,0.1870470665,-0.0034605414999999973,-0.018164846728850836,False,decrease
Maryland,%_fem_age_30-39,0.175542785,0.1767756105,0.0012328255000000066,0.007022934608221047,False,increase
Maryland,%_fem_age_40-49,0.162257975,0.16561603949999998,0.00335806449999998,0.020695836367981172,False,increase
Maryland,fem_age_50-59,0.168966953,0.1621967555,-0.006770197499999991,-0.04006817534313938,False,decrease
Maryland,fem_age_60-69,0.157205657,0.15686885350000002,-0.0003368034999999825,-0.002142438805494019,False,decrease
Maryland,fem_age_70-79,0.096012699,0.1018043345,0.005791635499999989,0.06032155704736505,False,increase
Maryland,fem_age_80+,0.049506324,0.0496913395,0.00018501550000000339,0.0037372094118723782,False,increase
Maryland,age_coef_variation,0.515622671,0.48810429850000003,-0.0275183725,-0.05336920590910169,False,decrease
Maryland,fem_poverty_rate,0.112,0.10250000000000001,-0.009499999999999995,-0.08482142857142852,False,decrease
Maryland,male_poverty_rate,0.092,0.0825,-0.009499999999999995,-0.10326086956521734,False,decrease
Maryland,poverty_gender_disparity_score,1.217391304,1.242647059,0.025255755000000102,0.020745798755927455,False,increase
Maryland,fem_labor_force_part,0.625210486,0.640304313,0.01509382700000006,0.024141992717633436,False,increase
Maryland,all_labor_force_part,0.665525421,0.676843256,0.011317834999999943,0.017005864303416208,False,increase
Maryland,labor_force_ratio,0.939423898,0.9460021845,0.006578286499999919,0.007002468761977267,False,increase
Maryland,unemployment_rate,0.059,0.041499999999999995,-0.0175,-0.29661016949152547,False,decrease
Maryland,mhhi,90203.0,112390.0,22187.0,0.24596742902120772,True,increase
Maryland,%_at_least_bach_degree,0.425483589,0.44218137,0.016697781000000023,0.039244242155718076,False,increase
Maryland,%_at_least_high_school,0.910883494,0.9129066275,0.0020231334999999406,0.0022210672531957644,False,increase
Maryland,avg_years_schooling,14.05906568,14.1156173,0.05655162000000047,0.0040224308846105675,True,increase
Maryland,gun_deaths_per_100k,13.5,12.95,-0.5500000000000007,-0.04074074074074079,True,decrease
Maryland,white_adj_rate,729.5443997,1725.585978,996.0415783000001,1.3652926109906236,True,increase
Maryland,black_adj_rate,1395.728422,3756.304607,2360.576185,1.6912861755852386,True,increase
Maryland,nat_amer_adj_rate,1003.387072,3410.4130450000002,2407.0259730000002,2.398900723528557,True,increase
Maryland,asian_adj_rate,214.4378833,390.29049135,175.85260805000001,0.8200631592878627,True,increase
Maryland,hispanic_adj_rate,577.8365492,1323.5534535000002,745.7169043000001,1.2905326001486512,True,increase
Massachusetts,total_incidents,34889.0,34192.0,-697.0,-0.019977643383301328,True,decrease
Massachusetts,white_victims,23919.0,22983.5,-935.5,-0.03911116685480162,True,decrease
Massachusetts,black_victims,7410.0,7675.5,265.5,0.03582995951417004,True,increase
Massachusetts,nat_amer_victims,48.0,48.0,0.0,0.0,True,decrease
Massachusetts,asian_victims,746.0,707.5,-38.5,-0.05160857908847185,True,decrease
Massachusetts,hispanic_victims,8140.0,8336.0,196.0,0.02407862407862408,True,increase
Massachusetts,other_race_victims,2766.0,2777.5,11.5,0.0041576283441793205,True,increase
Massachusetts,victims_age_18_29,13011.0,11773.0,-1238.0,-0.0951502574744447,True,decrease
Massachusetts,victims_age_30_39,9780.0,9684.5,-95.5,-0.00976482617586912,True,decrease
Massachusetts,victims_age_40_49,5737.0,6132.5,395.5,0.06893846958340596,True,increase
Massachusetts,victims_age_50_59,3793.0,3632.0,-161.0,-0.04244661218033219,True,decrease
Massachusetts,victims_age_60_69,1817.0,1982.5,165.5,0.0910842047330765,True,increase
Massachusetts,victims_age_70_79,495.0,647.0,152.0,0.30707070707070705,True,increase
Massachusetts,victims_age_80_plus,256.0,340.5,84.5,0.330078125,True,increase
Massachusetts,involving_firearm,926.0,896.0,-30.0,-0.032397408207343416,True,decrease
Massachusetts,sex_assaults,2096.0,1421.5,-674.5,-0.3218034351145038,True,decrease
Massachusetts,victim_offender_nonmarried_partner,8368.0,7525.5,-842.5,-0.10068116634799235,True,decrease
Massachusetts,victim_offender_rel_spouse,2302.0,2416.5,114.5,0.0497393570807993,True,increase
Massachusetts,dv_total,14521.0,14182.0,-339.0,-0.023345499621238205,True,decrease
Massachusetts,firearm_nonmarried,108.0,97.0,-11.0,-0.10185185185185185,True,decrease
Massachusetts,near_school,400.0,598.5,198.5,0.49625,True,increase
Massachusetts,on_tribal_lands,0.0,0.0,0.0,,False,decrease
Massachusetts,fem_pop,2892850.4,2942901.4,50051.0,0.017301620574641536,True,increase
Massachusetts,white_pop,0.674788821,0.6546271565,-0.02016166450000001,-0.029878480307545,False,decrease
Massachusetts,black_pop,0.062649442,0.0642303885,0.0015809464999999995,0.025234805762515803,False,increase
Massachusetts,nat_amer_pop,0.000732456,0.000710731,-2.1725e-05,-0.02966048472536234,False,decrease
Massachusetts,asian_pop,0.070125616,0.0748157205,0.0046901045,0.06688147309821849,False,increase
Massachusetts,hispanic_pop,0.128473241,0.137423606,0.008950365000000016,0.0696671534891847,False,increase
Massachusetts,other_race_pop,0.063230424,0.068192397,0.004961973000000008,0.07847445400650815,False,increase
Massachusetts,diversity_index,0.515313495,0.538171119,0.02285762400000002,0.044356734729021643,False,increase
Massachusetts,%_fem_age_18-29,0.204588272,0.2025550485,-0.0020332234999999865,-0.009938123432608036,False,decrease
Massachusetts,%_fem_age_30-39,0.172707925,0.1733748585,0.0006669334999999943,0.0038616265003473017,False,increase
Massachusetts,%_fem_age_40-49,0.150044201,0.15163241300000002,0.0015882120000000333,0.010584960894290299,False,increase
Massachusetts,fem_age_50-59,0.169514397,0.15657275199999998,-0.01294164500000003,-0.07634540327568771,False,decrease
Massachusetts,fem_age_60-69,0.156872183,0.1591049105,0.0022327275000000035,0.014232781474074365,False,increase
Massachusetts,fem_age_70-79,0.096482353,0.103836534,0.007354180999999987,0.07622306848175632,False,increase
Massachusetts,fem_age_80+,0.049790667,0.0529234845,0.0031328175000000028,0.06291977369975789,False,increase
Massachusetts,age_coef_variation,0.516059834,0.5096984255,-0.006361408499999999,-0.012326881653804507,False,decrease
Massachusetts,fem_poverty_rate,0.115,0.1125,-0.0025000000000000022,-0.021739130434782625,False,decrease
Massachusetts,male_poverty_rate,0.092,0.0885,-0.003500000000000003,-0.0380434782608696,False,decrease
Massachusetts,poverty_gender_disparity_score,1.25,1.2730414749999999,0.023041474999999867,0.018433179999999893,False,increase
Massachusetts,fem_labor_force_part,0.631177447,0.6381636804999999,0.006986233499999939,0.011068572765401642,False,increase
Massachusetts,all_labor_force_part,0.667572153,0.6720017115,0.0044295585000000415,0.006635325455224676,False,increase
Massachusetts,labor_force_ratio,0.94548199,0.9496461135,0.004164123500000061,0.0044042335486475645,False,increase
Massachusetts,unemployment_rate,0.066,0.04,-0.026000000000000002,-0.393939393939394,False,decrease
Massachusetts,mhhi,89645.0,102343.0,12698.0,0.14164761001729043,True,increase
Massachusetts,%_at_least_bach_degree,0.466167621,0.4802764185,0.014108797500000048,0.030265502931616197,False,increase
Massachusetts,%_at_least_high_school,0.911000242,0.9139275840000001,0.0029273420000001105,0.003213327357162338,False,increase
Massachusetts,avg_years_schooling,14.1909266,14.271865295,0.0809386950000004,0.005703552507980726,True,increase
Massachusetts,gun_deaths_per_100k,3.7,3.7,0.0,0.0,False,decrease
Massachusetts,white_adj_rate,1225.31899,1193.207087,-32.111902999999984,-0.02620697407129876,True,decrease
Massachusetts,black_adj_rate,4088.603777,4061.109203,-27.49457399999983,-0.006724685369286111,True,decrease
Massachusetts,nat_amer_adj_rate,2265.341709,2342.8117604999998,77.47005149999995,0.03419795397410394,True,increase
Massachusetts,asian_adj_rate,367.7360129,321.68551260000004,-46.05050029999995,-0.12522706149131677,True,decrease
Massachusetts,hispanic_adj_rate,2190.209959,2063.5659535,-126.64400549999982,-0.05782276944710022,True,decrease
Michigan,total_incidents,81660.0,80366.5,-1293.5,-0.015840068577026696,True,decrease
Michigan,white_victims,42757.0,41500.5,-1256.5,-0.029387000958907315,True,decrease
Michigan,black_victims,35593.0,35484.0,-109.0,-0.0030623999100946814,True,decrease
Michigan,nat_amer_victims,390.0,275.0,-115.0,-0.2948717948717949,True,decrease
Michigan,asian_victims,333.0,460.0,127.0,0.3813813813813814,True,increase
Michigan,hispanic_victims,1024.0,1246.5,222.5,0.21728515625,True,increase
Michigan,other_race_victims,2587.0,2647.0,60.0,0.023192887514495556,True,increase
Michigan,victims_age_18_29,33511.0,30169.5,-3341.5,-0.09971352690161439,True,decrease
Michigan,victims_age_30_39,23445.0,23940.0,495.0,0.02111324376199616,True,increase
Michigan,victims_age_40_49,12901.0,13205.0,304.0,0.023564064801178203,True,increase
Michigan,victims_age_50_59,7391.0,7650.5,259.5,0.035110269246380735,True,increase
Michigan,victims_age_60_69,3146.0,3771.0,625.0,0.19866497139224412,True,increase
Michigan,victims_age_70_79,934.0,1204.5,270.5,0.2896145610278373,True,increase
Michigan,victims_age_80_plus,332.0,426.0,94.0,0.28313253012048195,True,increase
Michigan,involving_firearm,7173.0,5778.0,-1395.0,-0.1944792973651192,True,decrease
Michigan,sex_assaults,4115.0,2552.0,-1563.0,-0.3798298906439854,True,decrease
Michigan,victim_offender_nonmarried_partner,16895.0,15663.0,-1232.0,-0.07292098253921278,True,decrease
Michigan,victim_offender_rel_spouse,6665.0,6551.0,-114.0,-0.017104276069017255,True,decrease
Michigan,dv_total,33487.0,33507.0,20.0,0.0005972466927464389,True,increase
Michigan,firearm_nonmarried,590.0,437.5,-152.5,-0.2584745762711864,True,decrease
Michigan,near_school,483.0,976.5,493.5,1.0217391304347827,True,increase
Michigan,on_tribal_lands,18.0,12.5,-5.5,-0.3055555555555556,True,decrease
Michigan,fem_pop,4021310.2,4067434.4,46124.19999999972,0.011469943303553085,True,increase
Michigan,white_pop,0.728577226,0.7199328885,-0.008644337499999932,-0.011864682550480836,False,decrease
Michigan,black_pop,0.132266242,0.1294611525,-0.0028050894999999965,-0.021207902013274077,False,decrease
Michigan,nat_amer_pop,0.003355351,0.003343232,-1.2119000000000105e-05,-0.0036118426954438168,False,decrease
Michigan,asian_pop,0.031868075,0.035473651499999995,0.003605576499999992,0.11314070586315589,False,increase
Michigan,hispanic_pop,0.05568864,0.060473605,0.004784965000000002,0.08592353844518384,False,increase
Michigan,other_race_pop,0.048244465,0.05131547,0.0030710050000000017,0.063655074214213,False,increase
Michigan,diversity_index,0.445225281,0.4573556665,0.012130385500000007,0.02724550023923733,False,increase
Michigan,%_fem_age_18-29,0.200072895,0.19653078200000001,-0.0035421129999999856,-0.017704112293671692,False,decrease
Michigan,%_fem_age_30-39,0.160168937,0.16497684699999998,0.004807909999999971,0.030017743078359634,False,increase
Michigan,%_fem_age_40-49,0.149624416,0.14837430000000001,-0.0012501159999999956,-0.008355026762477024,False,decrease
Michigan,fem_age_50-59,0.167469049,0.15747333349999998,-0.00999571550000003,-0.059686942510792124,False,decrease
Michigan,fem_age_60-69,0.169230227,0.16703372649999998,-0.0021965005000000315,-0.01297936272342193,False,decrease
Michigan,fem_age_70-79,0.104524336,0.1117631445,0.007238808499999999,0.06925476666027325,False,increase
Michigan,fem_age_80+,0.048910139,0.053847865499999994,0.004937726499999996,0.10095506986802873,False,increase
Michigan,age_coef_variation,0.467930639,0.481815009,0.013884370000000035,0.02967185484941078,False,increase
Michigan,fem_poverty_rate,0.141,0.146,0.0050000000000000044,0.035460992907801456,False,increase
Michigan,male_poverty_rate,0.12,0.123,0.0030000000000000027,0.025000000000000022,False,increase
Michigan,poverty_gender_disparity_score,1.175,1.18699187,0.011991869999999905,0.010205846808510556,False,increase
Michigan,fem_labor_force_part,0.565278956,0.5792890035,0.014010047500000011,0.024784307555224136,False,increase
Michigan,all_labor_force_part,0.608931183,0.6167604605,0.007829277499999954,0.0128574093733018,False,increase
Michigan,labor_force_ratio,0.928313365,0.939243373,0.010930008000000102,0.011774050026738658,False,increase
Michigan,unemployment_rate,0.069,0.045,-0.024000000000000007,-0.34782608695652184,False,decrease
Michigan,mhhi,63498.0,70786.0,7288.0,0.11477526851239409,True,increase
Michigan,%_at_least_bach_degree,0.316724506,0.330008438,0.013283931999999998,0.04194159829236579,False,increase
Michigan,%_at_least_high_school,0.919634762,0.921365871,0.001731108999999953,0.001882387521145001,False,increase
Michigan,avg_years_schooling,13.60676258,13.659753365,0.05299078500000043,0.00389444474307866,True,increase
Michigan,gun_deaths_per_100k,14.6,14.5,-0.09999999999999964,-0.006849315068493127,True,decrease
Michigan,white_adj_rate,1459.365444,1417.3013704999998,-42.06407350000018,-0.028823536745330922,True,decrease
Michigan,black_adj_rate,6691.877847,6738.939227,47.0613800000001,0.007032611932851993,True,increase
Michigan,nat_amer_adj_rate,2890.407487,2022.5417364999998,-867.8657505000001,-0.3002572316890764,True,decrease
Michigan,asian_adj_rate,259.848867,317.43153695,57.582669950000025,0.22160061967866895,True,increase
Michigan,hispanic_adj_rate,457.2626925,505.87314719999995,48.610454699999934,0.10630750222422734,True,increase
Minnesota,total_incidents,23554.0,22862.5,-691.5,-0.029358070815997284,True,decrease
Minnesota,white_victims,11412.0,10745.0,-667.0,-0.05844724851033999,True,decrease
Minnesota,black_victims,7162.0,7293.0,131.0,0.018290980173135997,True,increase
Minnesota,nat_amer_victims,1227.0,1139.0,-88.0,-0.07171964140179299,True,decrease
Minnesota,asian_victims,460.0,485.0,25.0,0.05434782608695652,True,increase
Minnesota,hispanic_victims,1279.0,1798.5,519.5,0.4061767005473026,True,increase
Minnesota,other_race_victims,3293.0,3200.5,-92.5,-0.028089887640449437,True,decrease
Minnesota,victims_age_18_29,9877.0,9235.0,-642.0,-0.06499949377341298,True,decrease
Minnesota,victims_age_30_39,6949.0,6623.0,-326.0,-0.04691322492444956,True,decrease
Minnesota,victims_age_40_49,3639.0,3873.5,234.5,0.06444078043418522,True,increase
Minnesota,victims_age_50_59,2036.0,1931.5,-104.5,-0.051326129666011786,True,decrease
Minnesota,victims_age_60_69,757.0,846.5,89.5,0.11822985468956407,True,increase
Minnesota,victims_age_70_79,194.0,246.0,52.0,0.26804123711340205,True,increase
Minnesota,victims_age_80_plus,102.0,107.0,5.0,0.049019607843137254,True,increase
Minnesota,involving_firearm,1920.0,1711.5,-208.5,-0.10859375,True,decrease
Minnesota,sex_assaults,2316.0,1308.0,-1008.0,-0.43523316062176165,True,decrease
Minnesota,victim_offender_nonmarried_partner,5557.0,5050.0,-507.0,-0.09123627856757244,True,decrease
Minnesota,victim_offender_rel_spouse,1338.0,1555.0,217.0,0.16218236173393125,True,increase
Minnesota,dv_total,8891.0,8721.5,-169.5,-0.019064222247216288,True,decrease
Minnesota,firearm_nonmarried,154.0,143.5,-10.5,-0.06818181818181818,True,decrease
Minnesota,near_school,238.0,324.5,86.5,0.3634453781512605,True,increase
Minnesota,on_tribal_lands,8.0,1.0,-7.0,-0.875,False,decrease
Minnesota,fem_pop,2211516.0,2249232.6,37716.60000000009,0.0170546358244752,True,increase
Minnesota,white_pop,0.768611747,0.7514370025,-0.017174744500000005,-0.02234514963768828,False,decrease
Minnesota,black_pop,0.067377207,0.0728928525,0.005515645499999999,0.08186218671842542,False,increase
Minnesota,nat_amer_pop,0.006821507,0.007319604,0.0004980970000000003,0.07301861597444674,False,increase
Minnesota,asian_pop,0.050310913,0.052000361499999995,0.001689448499999996,0.03358015983530245,False,increase
Minnesota,hispanic_pop,0.05817703,0.0655027465,0.007325716500000003,0.1259211152580323,False,increase
Minnesota,other_race_pop,0.048701596,0.0508474325,0.002145836499999998,0.04406090716205682,False,increase
Minnesota,diversity_index,0.396362161,0.4203724245,0.024010263500000018,0.06057657834800234,False,increase
Minnesota,%_fem_age_18-29,0.197292693,0.1951809995,-0.0021116934999999837,-0.010703353823651156,False,decrease
Minnesota,%_fem_age_30-39,0.176413116,0.175762182,-0.0006509340000000197,-0.0036898276883223333,False,decrease
Minnesota,%_fem_age_40-49,0.157576172,0.161633031,0.004056859000000024,0.02574538363579504,False,increase
Minnesota,fem_age_50-59,0.162579643,0.14826377400000001,-0.014315868999999981,-0.08805449892641222,False,decrease
Minnesota,fem_age_60-69,0.160725883,0.161194512,0.0004686289999999982,0.002915703378030271,False,increase
Minnesota,fem_age_70-79,0.095338718,0.104490739,0.009152020999999996,0.09599479825184974,False,increase
Minnesota,fem_age_80+,0.050073773,0.053474762499999995,0.003400989499999993,0.06791957738035823,False,increase
Minnesota,age_coef_variation,0.525219703,0.511858989,-0.01336071399999994,-0.025438333565334544,False,decrease
Minnesota,fem_poverty_rate,0.102,0.1015,-0.0004999999999999866,-0.0049019607843135945,False,decrease
Minnesota,male_poverty_rate,0.084,0.08449999999999999,0.0004999999999999866,0.0059523809523807925,False,increase
Minnesota,poverty_gender_disparity_score,1.214285714,1.201667134,-0.012618580000000046,-0.010391771767151042,False,decrease
Minnesota,fem_labor_force_part,0.650068191,0.6500043710000001,-6.38199999999367e-05,-9.817431599254593e-05,False,decrease
Minnesota,all_labor_force_part,0.683807387,0.6825798555,-0.0012275314999999898,-0.0017951422042768745,False,decrease
Minnesota,labor_force_ratio,0.950659796,0.95227865,0.0016188540000000584,0.0017028741583598624,False,increase
Minnesota,unemployment_rate,0.049,0.0335,-0.0155,-0.31632653061224486,False,decrease
Minnesota,mhhi,77720.0,86101.5,8381.5,0.10784225424601132,True,increase
Minnesota,%_at_least_bach_degree,0.388952642,0.40009838200000003,0.011145740000000015,0.028655776555954117,False,increase
Minnesota,%_at_least_high_school,0.941302348,0.942597259,0.0012949110000000097,0.001375658950337612,False,increase
Minnesota,avg_years_schooling,13.97216487,14.033617,0.06145212999999927,0.00439818242711584,True,increase
Minnesota,gun_deaths_per_100k,8.9,9.3,0.40000000000000036,0.04494382022471914,False,increase
Minnesota,white_adj_rate,671.374218,635.7572435,-35.61697450000008,-0.05305085233404075,True,decrease
Minnesota,black_adj_rate,4806.525235,4448.681028,-357.8442070000001,-0.07444966779624118,True,decrease
Minnesota,nat_amer_adj_rate,8133.437763,6918.046794,-1215.390969,-0.1494313972043853,True,decrease
Minnesota,asian_adj_rate,413.4333889,414.5668512,1.1334622999999624,0.0027415838450196403,True,increase
Minnesota,hispanic_adj_rate,994.0973416,1217.670686,223.57334439999988,0.22490085733471382,True,increase
Mississippi,total_incidents,13133.0,10387.5,-2745.5,-0.20905352927739282,True,decrease
Mississippi,white_victims,5754.0,4368.5,-1385.5,-0.2407890163364616,True,decrease
Mississippi,black_victims,7141.0,5838.5,-1302.5,-0.1823974233300658,True,decrease
Mississippi,nat_amer_victims,12.0,16.5,4.5,0.375,True,increase
Mississippi,asian_victims,68.0,34.0,-34.0,-0.5,True,decrease
Mississippi,hispanic_victims,242.0,226.5,-15.5,-0.0640495867768595,True,decrease
Mississippi,other_race_victims,158.0,130.0,-28.0,-0.17721518987341772,True,decrease
Mississippi,victims_age_18_29,5513.0,4223.5,-1289.5,-0.23390168692182114,True,decrease
Mississippi,victims_age_30_39,3720.0,2846.5,-873.5,-0.23481182795698924,True,decrease
Mississippi,victims_age_40_49,2125.0,1773.0,-352.0,-0.16564705882352943,True,decrease
Mississippi,victims_age_50_59,1109.0,913.5,-195.5,-0.1762849413886384,True,decrease
Mississippi,victims_age_60_69,472.0,444.5,-27.5,-0.05826271186440678,True,decrease
Mississippi,victims_age_70_79,152.0,143.5,-8.5,-0.05592105263157895,True,decrease
Mississippi,victims_age_80_plus,42.0,43.0,1.0,0.023809523809523808,True,increase
Mississippi,involving_firearm,728.0,532.0,-196.0,-0.2692307692307692,True,decrease
Mississippi,sex_assaults,377.0,262.0,-115.0,-0.3050397877984085,True,decrease
Mississippi,victim_offender_nonmarried_partner,3264.0,2336.0,-928.0,-0.28431372549019607,True,decrease
Mississippi,victim_offender_rel_spouse,1111.0,885.0,-226.0,-0.20342034203420342,True,decrease
Mississippi,dv_total,5533.0,4170.5,-1362.5,-0.24624977408277607,True,decrease
Mississippi,firearm_nonmarried,56.0,44.0,-12.0,-0.21428571428571427,True,decrease
Mississippi,near_school,81.0,102.5,21.5,0.2654320987654321,True,increase
Mississippi,on_tribal_lands,0.0,0.0,0.0,,False,decrease
Mississippi,fem_pop,1176657.8,1188567.6,11909.800000000047,0.010121719330802928,True,increase
Mississippi,white_pop,0.554352679,0.550122691,-0.004229987999999962,-0.007630499788745429,False,decrease
Mississippi,black_pop,0.360377496,0.356740418,-0.003637078000000016,-0.01009241154170186,False,decrease
Mississippi,nat_amer_pop,0.004069201,0.0040341425,-3.5058499999999874e-05,-0.008615573425839587,False,decrease
Mississippi,asian_pop,0.008289929,0.0108193215,0.0025293925,0.3051163043736563,False,increase
Mississippi,hispanic_pop,0.031820039,0.038826863,0.007006824000000002,0.22020161571769292,False,increase
Mississippi,other_race_pop,0.041090657,0.039456564,-0.0016340930000000031,-0.03976799397488347,False,decrease
Mississippi,diversity_index,0.56003493,0.5668853665,0.006850436499999946,0.01223215934048961,False,increase
Mississippi,%_fem_age_18-29,0.204749141,0.2030836595,-0.0016654814999999823,-0.008134253906344752,False,decrease
Mississippi,%_fem_age_30-39,0.167288316,0.15758740799999998,-0.009700908000000008,-0.057989154484644395,False,decrease
Mississippi,%_fem_age_40-49,0.161264713,0.169000043,0.007735329999999985,0.047966662117830974,False,increase
Mississippi,fem_age_50-59,0.158429972,0.152548072,-0.0058818999999999955,-0.03712618215952216,False,decrease
Mississippi,fem_age_60-69,0.163350387,0.16262375699999998,-0.0007266300000000336,-0.004448290655105908,False,decrease
Mississippi,fem_age_70-79,0.099445353,0.107520459,0.008075105999999999,0.08120144135845139,False,increase
Mississippi,fem_age_80+,0.045472118,0.047636601,0.0021644830000000018,0.04760022394382425,False,increase
Mississippi,age_coef_variation,0.457257348,0.4431368965,-0.01412045150000002,-0.03088075361010933,False,decrease
Mississippi,fem_poverty_rate,0.211,0.1975,-0.013499999999999984,-0.06398104265402836,False,decrease
Mississippi,male_poverty_rate,0.175,0.159,-0.015999999999999986,-0.09142857142857136,False,decrease
Mississippi,poverty_gender_disparity_score,1.205714286,1.243162478,0.037448191999999825,0.031058927006857927,False,increase
Mississippi,fem_labor_force_part,0.53629026,0.5518287310000001,0.015538471000000054,0.028973994418619597,False,increase
Mississippi,all_labor_force_part,0.566491133,0.582424109,0.015932975999999988,0.02812572884525624,False,increase
Mississippi,labor_force_ratio,0.946687827,0.9474608915,0.0007730645000000314,0.000816599176573157,False,increase
Mississippi,unemployment_rate,0.064,0.047,-0.017,-0.265625,False,decrease
Mississippi,mhhi,48716.0,56665.0,7949.0,0.1631702110189671,True,increase
Mississippi,%_at_least_bach_degree,0.247775214,0.262772801,0.014997587000000007,0.06052900432567079,False,increase
Mississippi,%_at_least_high_school,0.864854456,0.8787939835,0.013939527500000048,0.016117772653298383,False,increase
Mississippi,avg_years_schooling,13.07450282,13.221408454999999,0.14690563499999953,0.011236039872604468,True,increase
Mississippi,gun_deaths_per_100k,28.6,29.549999999999997,0.9499999999999957,0.03321678321678306,True,increase
Mississippi,white_adj_rate,882.1319027,668.1200581,-214.0118445999999,-0.24260753289271092,True,decrease
Mississippi,black_adj_rate,1684.035303,1377.0817185,-306.95358450000003,-0.18227265423306865,True,decrease
Mississippi,nat_amer_adj_rate,250.6235778,356.3707874,105.74720959999999,0.4219363977174856,True,increase
Mississippi,asian_adj_rate,697.1206116,269.20131685,-427.91929474999995,-0.6138382478289643,True,decrease
Mississippi,hispanic_adj_rate,646.3451291,490.02522835,-156.31990075,-0.24185205970015872,True,decrease
Missouri,total_incidents,50508.0,52073.5,1565.5,0.030995089886750614,True,increase
Missouri,white_victims,31382.0,32051.0,669.0,0.02131795296666879,True,increase
Missouri,black_victims,17699.0,18388.5,689.5,0.03895700322052093,True,increase
Missouri,nat_amer_victims,62.0,68.5,6.5,0.10483870967741936,True,increase
Missouri,asian_victims,189.0,236.0,47.0,0.24867724867724866,True,increase
Missouri,hispanic_victims,1754.0,2343.5,589.5,0.33608893956670466,True,increase
Missouri,other_race_victims,1176.0,1329.5,153.5,0.13052721088435373,True,increase
Missouri,victims_age_18_29,20071.0,19509.0,-562.0,-0.028000597877534752,True,decrease
Missouri,victims_age_30_39,14570.0,15280.0,710.0,0.048730267673301304,True,increase
Missouri,victims_age_40_49,8593.0,9196.0,603.0,0.07017339695100663,True,increase
Missouri,victims_age_50_59,4630.0,4794.5,164.5,0.03552915766738661,True,increase
Missouri,victims_age_60_69,1901.0,2376.0,475.0,0.24986849026827984,True,increase
Missouri,victims_age_70_79,560.0,687.5,127.5,0.22767857142857142,True,increase
Missouri,victims_age_80_plus,183.0,230.5,47.5,0.25956284153005466,True,increase
Missouri,involving_firearm,5099.0,5138.0,39.0,0.00764855854089037,True,increase
Missouri,sex_assaults,2248.0,1825.0,-423.0,-0.18816725978647686,True,decrease
Missouri,victim_offender_nonmarried_partner,12000.0,11505.0,-495.0,-0.04125,True,decrease
Missouri,victim_offender_rel_spouse,4596.0,4292.0,-304.0,-0.06614447345517842,True,decrease
Missouri,dv_total,21641.0,21758.5,117.5,0.005429508802735549,True,increase
Missouri,firearm_nonmarried,537.0,476.5,-60.5,-0.11266294227188083,True,decrease
Missouri,near_school,360.0,769.0,409.0,1.136111111111111,True,increase
Missouri,on_tribal_lands,2.0,5.5,3.5,1.75,False,increase
Missouri,fem_pop,2449551.2,2490656.0999999996,41104.89999999944,0.016780584133125873,True,increase
Missouri,white_pop,0.765596763,0.7634142715,-0.00218249150000005,-0.002850706279697332,False,decrease
Missouri,black_pop,0.10719341,0.1053080695,-0.001885340499999999,-0.01758821274554097,False,decrease
Missouri,nat_amer_pop,0.002158333,0.0020115995,-0.0001467335000000002,-0.06798464370419216,False,decrease
Missouri,asian_pop,0.019920278,0.021547587,0.0016273090000000004,0.08169107880924154,False,increase
Missouri,hispanic_pop,0.04562848,0.054005313,0.008376833,0.18358781620601872,False,increase
Missouri,other_race_pop,0.059502736,0.053713158999999996,-0.005789577000000004,-0.09729934099164791,False,decrease
Missouri,diversity_index,0.39634716,0.3998314945,0.003484334500000019,0.008791117615173575,False,increase
Missouri,%_fem_age_18-29,0.198041377,0.2002192815,0.002177904500000022,0.010997219535592413,False,increase
Missouri,%_fem_age_30-39,0.170231283,0.1703282215,9.693849999997672e-05,0.0005694517381977126,False,increase
Missouri,%_fem_age_40-49,0.154340458,0.155702617,0.001362158999999974,0.008825676803421004,False,increase
Missouri,fem_age_50-59,0.159593397,0.1500172145,-0.009576182500000002,-0.06000362596455042,False,decrease
Missouri,fem_age_60-69,0.165864538,0.1620675485,-0.0037969895000000142,-0.022892111513312233,False,decrease
Missouri,fem_age_70-79,0.101104165,0.1086603965,0.00755623150000001,0.07473709416422172,False,increase
Missouri,fem_age_80+,0.050824782,0.053004719500000005,0.0021799375000000065,0.042891231683000755,False,increase
Missouri,age_coef_variation,0.502697211,0.48804980249999996,-0.014647408500000014,-0.02913763629374903,False,decrease
Missouri,fem_poverty_rate,0.139,0.132,-0.007000000000000006,-0.05035971223021587,False,decrease
Missouri,male_poverty_rate,0.114,0.11,-0.0040000000000000036,-0.03508771929824565,False,decrease
Missouri,poverty_gender_disparity_score,1.219298246,1.1999338785,-0.019364367499999924,-0.015881567584900738,False,decrease
Missouri,fem_labor_force_part,0.58810812,0.6004576985000001,0.012349578500000069,0.020998823311604794,False,increase
Missouri,all_labor_force_part,0.627725356,0.6373323870000001,0.009607031000000044,0.015304513204975653,False,increase
Missouri,labor_force_ratio,0.936887628,0.942139606,0.0052519779999999905,0.005605771538697265,False,increase
Missouri,unemployment_rate,0.046,0.0335,-0.012499999999999997,-0.27173913043478254,False,decrease
Missouri,mhhi,61847.0,70067.0,8220.0,0.13290862935954856,True,increase
Missouri,%_at_least_bach_degree,0.317189281,0.31509374749999997,-0.002095533500000024,-0.006606570983084464,False,decrease
Missouri,%_at_least_high_school,0.915917726,0.9124174775,-0.0035002484999999695,-0.0038215752361145695,False,decrease
Missouri,avg_years_schooling,13.58330246,13.576295465000001,-0.00700699499999935,-0.0005158535651130122,True,decrease
Missouri,gun_deaths_per_100k,23.9,22.9,-1.0,-0.041841004184100423,True,decrease
Missouri,white_adj_rate,1673.377819,1685.7214885,12.343669500000033,0.0073764988156569036,True,increase
Missouri,black_adj_rate,6740.531166,7013.2627115,272.7315454999998,0.040461432309027594,True,increase
Missouri,nat_amer_adj_rate,1172.699438,1380.5979585,207.8985204999999,0.17728201597381502,True,increase
Missouri,asian_adj_rate,387.3288869,439.61089895,52.28201204999999,0.13498092659300695,True,increase
Missouri,hispanic_adj_rate,1569.303943,1737.8134519999999,168.50950899999998,0.10737850354078922,True,increase
Montana,total_incidents,7383.0,6760.5,-622.5,-0.08431531897602601,True,decrease
Montana,white_victims,5138.0,4858.5,-279.5,-0.05439859867652783,True,decrease
Montana,black_victims,88.0,105.0,17.0,0.19318181818181818,True,increase
Montana,nat_amer_victims,1827.0,1486.5,-340.5,-0.1863711001642036,True,decrease
Montana,asian_victims,47.0,37.5,-9.5,-0.20212765957446807,True,decrease
Montana,hispanic_victims,203.0,302.0,99.0,0.4876847290640394,True,increase
Montana,other_race_victims,283.0,273.0,-10.0,-0.0353356890459364,True,decrease
Montana,victims_age_18_29,2763.0,2445.5,-317.5,-0.11491132826637712,True,decrease
Montana,victims_age_30_39,2211.0,1885.0,-326.0,-0.14744459520578923,True,decrease
Montana,victims_age_40_49,1321.0,1275.5,-45.5,-0.034443603330809994,True,decrease
Montana,victims_age_50_59,641.0,654.0,13.0,0.0202808112324493,True,increase
Montana,victims_age_60_69,323.0,351.5,28.5,0.08823529411764706,True,increase
Montana,victims_age_70_79,90.0,116.0,26.0,0.28888888888888886,True,increase
Montana,victims_age_80_plus,34.0,33.0,-1.0,-0.029411764705882353,True,decrease
Montana,involving_firearm,389.0,376.5,-12.5,-0.032133676092544985,True,decrease
Montana,sex_assaults,625.0,344.5,-280.5,-0.4488,True,decrease
Montana,victim_offender_nonmarried_partner,2209.0,1827.0,-382.0,-0.17292892711634222,True,decrease
Montana,victim_offender_rel_spouse,708.0,630.0,-78.0,-0.11016949152542373,True,decrease
Montana,dv_total,3875.0,3350.0,-525.0,-0.13548387096774195,True,decrease
Montana,firearm_nonmarried,51.0,58.5,7.5,0.14705882352941177,True,increase
Montana,near_school,67.0,124.0,57.0,0.8507462686567164,True,increase
Montana,on_tribal_lands,3.0,1.0,-2.0,-0.6666666666666666,False,decrease
Montana,fem_pop,429960.2,447248.2,17288.0,0.04020837277496847,True,increase
Montana,white_pop,0.838064207,0.8329650785,-0.005099128499999939,-0.006084412694646843,False,decrease
Montana,black_pop,0.005072125,0.0036098835,-0.0014622415000000001,-0.28828972077778053,False,decrease
Montana,nat_amer_pop,0.05531432,0.05241256,-0.0029017600000000032,-0.05245947161603005,False,decrease
Montana,asian_pop,0.008930779,0.0078210815,-0.0011096974999999995,-0.12425539810133018,False,decrease
Montana,hispanic_pop,0.042942357,0.0475852215,0.004642864499999996,0.10811852968387357,False,increase
Montana,other_race_pop,0.049676212,0.0556061745,0.005929962500000004,0.1193722762113988,False,increase
Montana,diversity_index,0.290171453,0.2979862135,0.007814760499999962,0.026931527616536288,False,increase
Montana,%_fem_age_18-29,0.195467871,0.1908031145,-0.004664756499999978,-0.023864569026794066,False,decrease
Montana,%_fem_age_30-39,0.16843919,0.163742278,-0.0046969119999999975,-0.027884912056392566,False,decrease
Montana,%_fem_age_40-49,0.1449666,0.1580750565,0.013108456500000004,0.0904239769712472,False,increase
Montana,fem_age_50-59,0.149171281,0.139987962,-0.009183318999999995,-0.0615622453493578,False,decrease
Montana,fem_age_60-69,0.180535558,0.16779812,-0.012737438000000018,-0.07055362467708448,False,decrease
Montana,fem_age_70-79,0.11186293,0.125625612,0.013762681999999998,0.12303166026493315,False,increase
Montana,fem_age_80+,0.04955657,0.053967857,0.004411287,0.0890151800255748,False,increase
Montana,age_coef_variation,0.443011549,0.4300134255,-0.012998123500000014,-0.029340371666021766,False,decrease
Montana,fem_poverty_rate,0.126,0.12,-0.006000000000000005,-0.04761904761904766,False,decrease
Montana,male_poverty_rate,0.111,0.0995,-0.011499999999999996,-0.10360360360360357,False,decrease
Montana,poverty_gender_disparity_score,1.135135135,1.2036306635,0.06849552849999996,0.060341298923850116,False,increase
Montana,fem_labor_force_part,0.582049219,0.59676799,0.014718771000000075,0.025287845975101423,False,increase
Montana,all_labor_force_part,0.618444931,0.6310266,0.012581669000000018,0.02034404094743889,False,increase
Montana,labor_force_ratio,0.941149631,0.9456988975,0.004549266499999982,0.004833733500130312,False,increase
Montana,unemployment_rate,0.04,0.028499999999999998,-0.011500000000000003,-0.2875000000000001,False,decrease
Montana,mhhi,63249.0,73072.0,9823.0,0.1553068032696169,True,increase
Montana,%_at_least_bach_degree,0.347984631,0.35478457750000003,0.0067999465000000425,0.01954093915141914,False,increase
Montana,%_at_least_high_school,0.943518033,0.9449812905,0.0014632574999999814,0.0015508527116831284,False,increase
Montana,avg_years_schooling,13.88888411,13.888181535000001,-0.0007025749999982622,-5.0585417405305304e-05,True,decrease
Montana,gun_deaths_per_100k,20.9,23.0,2.1000000000000014,0.10047846889952161,True,increase
Montana,white_adj_rate,1425.898299,1304.205712,-121.692587,-0.08534450674732168,True,decrease
Montana,black_adj_rate,4035.194454,6697.5313045,2662.3368505000003,0.6597790715787895,True,increase
Montana,nat_amer_adj_rate,7681.971884,6348.263607999999,-1333.7082760000003,-0.17361535503375716,True,decrease
Montana,asian_adj_rate,1223.996735,1072.78343425,-151.21330074999992,-0.12354060793307584,True,decrease
Montana,hispanic_adj_rate,1099.466253,1420.6192194999999,321.1529664999998,0.2920989758655192,True,increase
Nebraska,total_incidents,7508.0,11391.5,3883.5,0.5172482685135855,True,increase
Nebraska,white_victims,6034.0,7935.0,1901.0,0.3150480609877362,True,increase
Nebraska,black_victims,860.0,2487.5,1627.5,1.8924418604651163,True,increase
Nebraska,nat_amer_victims,373.0,505.0,132.0,0.353887399463807,True,increase
Nebraska,asian_victims,89.0,135.5,46.5,0.5224719101123596,True,increase
Nebraska,hispanic_victims,1042.0,1670.5,628.5,0.6031669865642995,True,increase
Nebraska,other_race_victims,152.0,328.5,176.5,1.1611842105263157,True,increase
Nebraska,victims_age_18_29,3359.0,4787.0,1428.0,0.42512652575171184,True,increase
Nebraska,victims_age_30_39,2085.0,3280.0,1195.0,0.5731414868105515,True,increase
Nebraska,victims_age_40_49,1226.0,1948.0,722.0,0.5889070146818923,True,increase
Nebraska,victims_age_50_59,578.0,896.0,318.0,0.5501730103806228,True,increase
Nebraska,victims_age_60_69,178.0,358.0,180.0,1.0112359550561798,True,increase
Nebraska,victims_age_70_79,54.0,92.0,38.0,0.7037037037037037,True,increase
Nebraska,victims_age_80_plus,28.0,30.5,2.5,0.08928571428571429,True,increase
Nebraska,involving_firearm,113.0,378.5,265.5,2.349557522123894,True,increase
Nebraska,sex_assaults,618.0,518.0,-100.0,-0.16181229773462782,True,decrease
Nebraska,victim_offender_nonmarried_partner,1993.0,2252.0,259.0,0.12995484194681384,True,increase
Nebraska,victim_offender_rel_spouse,773.0,762.5,-10.5,-0.013583441138421734,True,decrease
Nebraska,dv_total,3489.0,4016.5,527.5,0.15118945256520494,True,increase
Nebraska,firearm_nonmarried,20.0,19.5,-0.5,-0.025,True,decrease
Nebraska,near_school,151.0,197.5,46.5,0.3079470198675497,True,increase
Nebraska,on_tribal_lands,2.0,0.0,-2.0,-1.0,False,decrease
Nebraska,fem_pop,744529.2,760113.8999999999,15584.699999999953,0.020932288485125843,True,increase
Nebraska,white_pop,0.764247652,0.745620532,-0.018627119999999997,-0.024373146520311452,False,decrease
Nebraska,black_pop,0.045806573,0.043985037500000004,-0.0018215354999999989,-0.03976581046567266,False,decrease
Nebraska,nat_amer_pop,0.006394078,0.0058216335,-0.0005724444999999998,-0.08952729384908971,False,decrease
Nebraska,asian_pop,0.022527973,0.0258684145,0.0033404414999999993,0.14827971873013163,False,increase
Nebraska,hispanic_pop,0.119061441,0.132255912,0.013194471,0.11082068963032288,False,increase
Nebraska,other_race_pop,0.041962283,0.04644847,0.004486186999999996,0.10690998390149543,False,increase
Nebraska,diversity_index,0.397342431,0.4217131835,0.02437075249999998,0.0613343821314668,False,increase
Nebraska,%_fem_age_18-29,0.214029251,0.2148617155,0.0008324644999999908,0.0038894893857288264,False,increase
Nebraska,%_fem_age_30-39,0.170792109,0.1712054915,0.00041338250000000354,0.002420384070554475,False,increase
Nebraska,%_fem_age_40-49,0.160763982,0.1647896425,0.0040256605,0.025040811069235645,False,increase
Nebraska,fem_age_50-59,0.152906489,0.14019479550000002,-0.012711693499999982,-0.08313377400222682,False,decrease
Nebraska,fem_age_60-69,0.157820292,0.1534534015,-0.004366890499999998,-0.0276700191379699,False,decrease
Nebraska,fem_age_70-79,0.094131929,0.10443247450000001,0.010300545500000008,0.10942669091589537,False,increase
Nebraska,fem_age_80+,0.049555948,0.0510624795,0.0015065314999999982,0.03040061911437953,False,increase
Nebraska,age_coef_variation,0.526452066,0.489103242,-0.03734882400000006,-0.07094439629381197,False,decrease
Nebraska,fem_poverty_rate,0.12,0.1175,-0.0025000000000000022,-0.020833333333333353,False,decrease
Nebraska,male_poverty_rate,0.095,0.096,0.0010000000000000009,0.010526315789473693,False,increase
Nebraska,poverty_gender_disparity_score,1.263157895,1.2259009985,-0.03725689649999997,-0.029495043056355176,False,decrease
Nebraska,fem_labor_force_part,0.642379116,0.640540652,-0.0018384639999999841,-0.0028619610354829535,False,decrease
Nebraska,all_labor_force_part,0.68634357,0.688601936,0.002258365999999956,0.0032904307677858132,False,increase
Nebraska,labor_force_ratio,0.935943957,0.9301868705,-0.005757086499999953,-0.006151101737387416,False,decrease
Nebraska,unemployment_rate,0.027,0.0305,0.0034999999999999996,0.12962962962962962,False,increase
Nebraska,mhhi,66817.0,75483.0,8666.0,0.129697532065193,True,increase
Nebraska,%_at_least_bach_degree,0.344486343,0.35322634399999997,0.008740000999999997,0.02537111028520512,False,increase
Nebraska,%_at_least_high_school,0.921615336,0.9264981475,0.004882811500000028,0.0052981013979134005,False,increase
Nebraska,avg_years_schooling,13.64671235,13.693683395,0.046971045000001155,0.0034419311989089558,True,increase
Nebraska,gun_deaths_per_100k,10.1,11.45,1.3499999999999996,0.13366336633663364,True,increase
Nebraska,white_adj_rate,1060.448196,1400.3589105,339.91071450000004,0.3205349547315369,True,increase
Nebraska,black_adj_rate,2521.673849,7404.3262285,4882.6523795,1.936274344692227,True,increase
Nebraska,nat_amer_adj_rate,7835.183404,11590.246765,3755.0633609999995,0.4792566003091865,True,increase
Nebraska,asian_adj_rate,530.6231024,689.521334,158.89823160000003,0.2994559243299167,True,increase
Nebraska,hispanic_adj_rate,1175.478931,1654.722156,479.24322499999994,0.40770039543992465,True,increase
Nevada,total_incidents,38397.0,35013.5,-3383.5,-0.08811886345287392,True,decrease
Nevada,white_victims,23818.0,22150.5,-1667.5,-0.07001007641279705,True,decrease
Nevada,black_victims,12097.0,10487.5,-1609.5,-0.13304951640902704,True,decrease
Nevada,nat_amer_victims,364.0,325.5,-38.5,-0.10576923076923077,True,decrease
Nevada,asian_victims,1503.0,1192.0,-311.0,-0.20691949434464404,True,decrease
Nevada,hispanic_victims,8570.0,8691.5,121.5,0.014177362893815637,True,increase
Nevada,other_race_victims,615.0,858.0,243.0,0.3951219512195122,True,increase
Nevada,victims_age_18_29,14343.0,11953.0,-2390.0,-0.166631806456111,True,decrease
Nevada,victims_age_30_39,11486.0,10723.0,-763.0,-0.06642869580358697,True,decrease
Nevada,victims_age_40_49,6515.0,6409.0,-106.0,-0.01627014581734459,True,decrease
Nevada,victims_age_50_59,3831.0,3535.5,-295.5,-0.07713390759592796,True,decrease
Nevada,victims_age_60_69,1566.0,1660.5,94.5,0.0603448275862069,True,increase
Nevada,victims_age_70_79,521.0,554.0,33.0,0.06333973128598848,True,increase
Nevada,victims_age_80_plus,135.0,178.5,43.5,0.32222222222222224,True,increase
Nevada,involving_firearm,1699.0,1723.0,24.0,0.014125956444967627,True,increase
Nevada,sex_assaults,1584.0,921.5,-662.5,-0.4182449494949495,True,decrease
Nevada,victim_offender_nonmarried_partner,11934.0,9910.5,-2023.5,-0.16955756661639015,True,decrease
Nevada,victim_offender_rel_spouse,3975.0,3589.5,-385.5,-0.0969811320754717,True,decrease
Nevada,dv_total,20776.0,18441.5,-2334.5,-0.11236522911051212,True,decrease
Nevada,firearm_nonmarried,201.0,190.0,-11.0,-0.05472636815920398,True,decrease
Nevada,near_school,73.0,157.5,84.5,1.1575342465753424,True,increase
Nevada,on_tribal_lands,50.0,27.5,-22.5,-0.45,True,decrease
Nevada,fem_pop,1223179.2,1273533.1,50353.90000000014,0.04116641290172376,True,increase
Nevada,white_pop,0.451736662,0.436106935,-0.015629727000000038,-0.0345991997435002,False,decrease
Nevada,black_pop,0.087151331,0.090053484,0.0029021530000000045,0.03330015694195198,False,increase
Nevada,nat_amer_pop,0.005951671,0.0055085265,-0.0004431445000000001,-0.07445715665398844,False,decrease
Nevada,asian_pop,0.083546359,0.0910793195,0.007532960500000005,0.09016503639614032,False,increase
Nevada,hispanic_pop,0.299224457,0.302646023,0.003421565999999987,0.011434780546698383,False,increase
Nevada,other_race_pop,0.07238952,0.07460571199999999,0.002216191999999992,0.030614818277562718,False,increase
Nevada,diversity_index,0.686547699,0.696135676,0.009587977000000025,0.013965492876846747,False,increase
Nevada,%_fem_age_18-29,0.195070587,0.18994943749999998,-0.005121149500000005,-0.026252802017763987,False,decrease
Nevada,%_fem_age_30-39,0.187529896,0.1869634415,-0.0005664545000000076,-0.0030206090446507133,False,decrease
Nevada,%_fem_age_40-49,0.163682526,0.165194654,0.0015121280000000015,0.009238176101949951,False,increase
Nevada,fem_age_50-59,0.161961212,0.1560374015,-0.005923810499999987,-0.03657548882753475,False,decrease
Nevada,fem_age_60-69,0.15145321,0.14996946700000002,-0.0014837429999999818,-0.009796708831724212,False,decrease
Nevada,fem_age_70-79,0.10093118,0.10722678499999999,0.006295604999999996,0.06237522438556644,False,increase
Nevada,fem_age_80+,0.039371388,0.0446588135,0.005287425499999998,0.13429614165495,False,increase
Nevada,age_coef_variation,0.390081517,0.416452123,0.02637060600000002,0.06760280826122818,False,increase
Nevada,fem_poverty_rate,0.15,0.1285,-0.02149999999999999,-0.14333333333333328,False,decrease
Nevada,male_poverty_rate,0.132,0.1065,-0.02550000000000001,-0.19318181818181823,False,decrease
Nevada,poverty_gender_disparity_score,1.136363636,1.2089295175,0.0725658815000001,0.06385797574043464,False,increase
Nevada,fem_labor_force_part,0.585952361,0.5989017225,0.012949361499999923,0.022099683117412887,False,increase
Nevada,all_labor_force_part,0.62961104,0.640410972,0.010799931999999957,0.01715333962377781,False,increase
Nevada,labor_force_ratio,0.930657698,0.9351275569999999,0.004469858999999965,0.004802903376403346,False,increase
Nevada,unemployment_rate,0.097,0.0545,-0.0425,-0.4381443298969072,False,decrease
Nevada,mhhi,66274.0,78749.0,12475.0,0.18823369647222138,True,increase
Nevada,%_at_least_bach_degree,0.275729128,0.2862482675,0.010519139499999997,0.038150265720203476,False,increase
Nevada,%_at_least_high_school,0.871557068,0.877209387,0.005652318999999961,0.006485311412792032,False,increase
Nevada,avg_years_schooling,13.07316586,13.126496025000002,0.05333016500000198,0.004079361156365072,True,increase
Nevada,gun_deaths_per_100k,17.0,18.85,1.8500000000000014,0.10882352941176479,True,increase
Nevada,white_adj_rate,4310.521992,3988.9828315,-321.5391605,-0.07459401926187875,True,decrease
Nevada,black_adj_rate,11347.84955,9150.1824625,-2197.6670875,-0.19366374904926367,True,decrease
Nevada,nat_amer_adj_rate,5000.027354,4649.990759,-350.0365949999996,-0.07000693600605441,True,decrease
Nevada,asian_adj_rate,1470.758495,1030.6983736500001,-440.0601213499999,-0.29920624143666763,True,decrease
Nevada,hispanic_adj_rate,2341.497223,2256.036029,-85.46119399999998,-0.03649852460235012,True,decrease
New Hampshire,total_incidents,5500.0,5344.0,-156.0,-0.028363636363636365,True,decrease
New Hampshire,white_victims,5103.0,4915.5,-187.5,-0.036743092298647854,True,decrease
New Hampshire,black_victims,220.0,243.0,23.0,0.10454545454545454,True,increase
New Hampshire,nat_amer_victims,4.0,4.5,0.5,0.125,False,increase
New Hampshire,asian_victims,53.0,50.5,-2.5,-0.04716981132075472,True,decrease
New Hampshire,hispanic_victims,309.0,400.5,91.5,0.2961165048543689,True,increase
New Hampshire,other_race_victims,120.0,130.5,10.5,0.0875,True,increase
New Hampshire,victims_age_18_29,1836.0,1672.5,-163.5,-0.08905228758169935,True,decrease
New Hampshire,victims_age_30_39,1669.0,1553.0,-116.0,-0.0695026962252846,True,decrease
New Hampshire,victims_age_40_49,956.0,1021.5,65.5,0.06851464435146444,True,increase
New Hampshire,victims_age_50_59,638.0,596.5,-41.5,-0.06504702194357367,True,decrease
New Hampshire,victims_age_60_69,269.0,292.5,23.5,0.08736059479553904,True,increase
New Hampshire,victims_age_70_79,82.0,136.5,54.5,0.6646341463414634,True,increase
New Hampshire,victims_age_80_plus,50.0,71.5,21.5,0.43,True,increase
New Hampshire,involving_firearm,76.0,80.0,4.0,0.05263157894736842,True,increase
New Hampshire,sex_assaults,596.0,255.0,-341.0,-0.5721476510067114,True,decrease
New Hampshire,victim_offender_nonmarried_partner,1359.0,1257.5,-101.5,-0.07468727005150846,True,decrease
New Hampshire,victim_offender_rel_spouse,539.0,551.0,12.0,0.022263450834879406,True,increase
New Hampshire,dv_total,2728.0,2669.0,-59.0,-0.021627565982404694,True,decrease
New Hampshire,firearm_nonmarried,12.0,13.0,1.0,0.08333333333333333,True,increase
New Hampshire,near_school,110.0,152.0,42.0,0.38181818181818183,True,increase
New Hampshire,on_tribal_lands,0.0,0.0,0.0,,False,decrease
New Hampshire,fem_pop,570043.0,579760.9,9717.900000000023,0.017047661316777898,True,increase
New Hampshire,white_pop,0.872510425,0.864373637,-0.00813678799999995,-0.009325720090966192,False,decrease
New Hampshire,black_pop,0.013015194,0.013552126000000001,0.0005369320000000004,0.041254244846446415,False,increase
New Hampshire,nat_amer_pop,0.000499643,0.0009329214999999999,0.0004332784999999999,0.8671761637809393,False,increase
New Hampshire,asian_pop,0.026050546,0.026159350499999998,0.0001088044999999968,0.004176668696310504,False,increase
New Hampshire,hispanic_pop,0.043429336,0.0485041305,0.0050747945,0.11685176351763703,False,increase
New Hampshire,other_race_pop,0.044494857,0.046477834499999995,0.0019829774999999966,0.044566442813828946,False,increase
New Hampshire,diversity_index,0.234011383,0.2474707785,0.013459395499999999,0.057515986305674706,False,increase
New Hampshire,%_fem_age_18-29,0.184228278,0.17380266049999998,-0.010425617500000012,-0.056590755844767825,False,decrease
New Hampshire,%_fem_age_30-39,0.155218494,0.16313742650000002,0.007918932500000003,0.05101797019110366,False,increase
New Hampshire,%_fem_age_40-49,0.14329612,0.1426516845,-0.0006444355000000124,-0.004497229234120313,False,decrease
New Hampshire,fem_age_50-59,0.180565387,0.16221587999999998,-0.018349507000000015,-0.10162250531437686,False,decrease
New Hampshire,fem_age_60-69,0.178573453,0.189070856,0.010497403000000016,0.05878479036858864,False,increase
New Hampshire,fem_age_70-79,0.108644975,0.1153319655,0.00668699049999999,0.06154900859427681,False,increase
New Hampshire,fem_age_80+,0.049473293,0.053789526500000004,0.004316233500000002,0.0872437074281674,False,increase
New Hampshire,age_coef_variation,0.455366605,0.46640019899999996,0.01103359399999998,0.02423013431123255,False,increase
New Hampshire,fem_poverty_rate,0.085,0.0815,-0.003500000000000003,-0.04117647058823533,False,decrease
New Hampshire,male_poverty_rate,0.06,0.0625,0.0025000000000000022,0.041666666666666706,False,increase
New Hampshire,poverty_gender_disparity_score,1.416666667,1.3041474654999998,-0.11251920150000028,-0.07942531868719423,False,decrease
New Hampshire,fem_labor_force_part,0.620781699,0.6282303985,0.007448699499999933,0.011998903176428745,False,increase
New Hampshire,all_labor_force_part,0.66657419,0.6642550615,-0.002319128499999934,-0.0034791753638104923,False,decrease
New Hampshire,labor_force_ratio,0.931301734,0.945767163,0.014465428999999919,0.015532483696631792,False,increase
New Hampshire,unemployment_rate,0.036,0.027,-0.008999999999999998,-0.24999999999999994,False,decrease
New Hampshire,mhhi,88465.0,98310.0,9845.0,0.111286949641101,True,increase
New Hampshire,%_at_least_bach_degree,0.402467277,0.41133338799999997,0.008866110999999954,0.02202939594515147,False,increase
New Hampshire,%_at_least_high_school,0.944382625,0.947103558,0.002720932999999981,0.00288117647230113,False,increase
New Hampshire,avg_years_schooling,14.07596512,14.177665465,0.10170034500000114,0.007225106352068109,True,increase
New Hampshire,gun_deaths_per_100k,8.9,9.95,1.049999999999999,0.11797752808988751,False,increase
New Hampshire,white_adj_rate,1025.999919,980.82881165,-45.17110735000006,-0.04402642389487367,True,decrease
New Hampshire,black_adj_rate,2965.271189,3090.8538165,125.58262749999994,0.042351144126669606,True,increase
New Hampshire,nat_amer_adj_rate,1404.405647,766.32490765,-638.08073935,-0.45434219145517296,True,decrease
New Hampshire,asian_adj_rate,356.9040058,331.10253915,-25.80146665000001,-0.07229245463963355,True,decrease
New Hampshire,hispanic_adj_rate,1248.152563,1422.0431505000001,173.89058750000004,0.13931837553739818,True,increase
New Jersey,total_incidents,8518.0,24892.0,16374.0,1.9222822258746184,True,increase
New Jersey,white_victims,4492.0,14324.0,9832.0,2.188780053428317,True,increase
New Jersey,black_victims,3567.0,9070.0,5503.0,1.542753013737034,True,increase
New Jersey,nat_amer_victims,22.0,61.5,39.5,1.7954545454545454,True,increase
New Jersey,asian_victims,210.0,610.5,400.5,1.9071428571428573,True,increase
New Jersey,hispanic_victims,2304.0,7798.5,5494.5,2.384765625,True,increase
New Jersey,other_race_victims,227.0,826.0,599.0,2.6387665198237884,True,increase
New Jersey,victims_age_18_29,3404.0,9037.0,5633.0,1.6548178613396005,True,increase
New Jersey,victims_age_30_39,2498.0,7527.0,5029.0,2.0132105684547636,True,increase
New Jersey,victims_age_40_49,1361.0,4324.0,2963.0,2.1770756796473183,True,increase
New Jersey,victims_age_50_59,806.0,2370.0,1564.0,1.9404466501240696,True,increase
New Jersey,victims_age_60_69,315.0,1116.5,801.5,2.5444444444444443,True,increase
New Jersey,victims_age_70_79,91.0,359.5,268.5,2.9505494505494507,True,increase
New Jersey,victims_age_80_plus,43.0,158.0,115.0,2.6744186046511627,True,increase
New Jersey,involving_firearm,187.0,416.0,229.0,1.2245989304812834,True,increase
New Jersey,sex_assaults,509.0,748.0,239.0,0.46954813359528486,True,increase
New Jersey,victim_offender_nonmarried_partner,3481.0,8151.0,4670.0,1.3415685147945993,True,increase
New Jersey,victim_offender_rel_spouse,873.0,2431.5,1558.5,1.7852233676975946,True,increase
New Jersey,dv_total,5087.0,13315.5,8228.5,1.617554550815805,True,increase
New Jersey,firearm_nonmarried,40.0,77.0,37.0,0.925,True,increase
New Jersey,near_school,43.0,315.0,272.0,6.325581395348837,True,increase
New Jersey,on_tribal_lands,0.0,0.5,0.5,,False,increase
New Jersey,fem_pop,3725502.4,3789189.2,63686.80000000028,0.017094821895699296,True,increase
New Jersey,white_pop,0.521067472,0.500554921,-0.020512551000000045,-0.039366400902492035,False,decrease
New Jersey,black_pop,0.123179992,0.1209388015,-0.0022411905000000037,-0.018194436154858686,False,decrease
New Jersey,nat_amer_pop,0.000648313,0.000784376,0.00013606300000000007,0.20987239188478415,False,increase
New Jersey,asian_pop,0.099100153,0.10331106500000001,0.004210912000000011,0.04249147829267238,False,increase
New Jersey,hispanic_pop,0.214913895,0.2306321455,0.015718250500000003,0.07313743255176686,False,increase
New Jersey,other_race_pop,0.041090176,0.043778691,0.0026885150000000024,0.06542962970029631,False,increase
New Jersey,diversity_index,0.655617734,0.6689827635000001,0.01336502950000007,0.020385399611536546,False,increase
New Jersey,%_fem_age_18-29,0.187854452,0.1868019695,-0.001052482500000007,-0.005602648693148923,False,decrease
New Jersey,%_fem_age_30-39,0.168392134,0.172456905,0.004064770999999995,0.02413872253676644,False,increase
New Jersey,%_fem_age_40-49,0.163714858,0.1628596765,-0.0008551814999999963,-0.005223603467927122,False,decrease
New Jersey,fem_age_50-59,0.17742031,0.1661203305,-0.011299979500000001,-0.06369045065922836,False,decrease
New Jersey,fem_age_60-69,0.158475069,0.1580405695,-0.0004344994999999907,-0.0027417530261494363,False,decrease
New Jersey,fem_age_70-79,0.093113752,0.101245035,0.008131283000000003,0.08732633821908502,False,increase
New Jersey,fem_age_80+,0.051029426,0.052475514,0.0014460879999999982,0.028338316013979816,False,increase
New Jersey,age_coef_variation,0.54803319,0.5183726264999999,-0.029660563500000015,-0.0541218379492673,False,decrease
New Jersey,fem_poverty_rate,0.113,0.10450000000000001,-0.008499999999999994,-0.07522123893805303,False,decrease
New Jersey,male_poverty_rate,0.091,0.08399999999999999,-0.007000000000000006,-0.076923076923077,False,decrease
New Jersey,poverty_gender_disparity_score,1.241758242,1.2437606350000001,0.0020023930000001577,0.0016125465749074188,False,increase
New Jersey,fem_labor_force_part,0.607350697,0.6237999165,0.0164492195,0.02708356075205097,False,increase
New Jersey,all_labor_force_part,0.656248544,0.668947918,0.012699373999999986,0.019351469982080427,False,increase
New Jersey,labor_force_ratio,0.92548883,0.93251003,0.00702119999999995,0.0075864772997854,False,increase
New Jersey,unemployment_rate,0.081,0.0505,-0.0305,-0.3765432098765432,False,decrease
New Jersey,mhhi,89296.0,102037.5,12741.5,0.14268836230066295,True,increase
New Jersey,%_at_least_bach_degree,0.431025943,0.441615081,0.010589137999999998,0.024567286892984066,False,increase
New Jersey,%_at_least_high_school,0.909809316,0.90515387,-0.0046554460000000075,-0.005116946944957428,False,decrease
New Jersey,avg_years_schooling,13.94634954,13.940547715000001,-0.005801824999998928,-0.00041601029598164856,True,decrease
New Jersey,gun_deaths_per_100k,5.0,4.8,-0.20000000000000018,-0.040000000000000036,False,decrease
New Jersey,white_adj_rate,231.398712,755.2899996,523.8912875999999,2.2640198948039085,True,increase
New Jersey,black_adj_rate,777.2810688,1978.2308225000002,1200.9497537000002,1.5450649731558215,True,increase
New Jersey,nat_amer_adj_rate,910.8630883,2087.918358,1177.0552696999998,1.292241704400176,True,increase
New Jersey,asian_adj_rate,56.88007001,155.36852820000001,98.48845819000002,1.7315108468165548,True,increase
New Jersey,hispanic_adj_rate,287.7617938,891.0391523999999,603.2773585999998,2.0964470322258597,True,increase
New Mexico,total_incidents,14539.0,22098.5,7559.5,0.5199463511933421,True,increase
New Mexico,white_victims,10434.0,16353.5,5919.5,0.5673279662641365,True,increase
New Mexico,black_victims,524.0,871.0,347.0,0.6622137404580153,True,increase
New Mexico,nat_amer_victims,2806.0,3224.5,418.5,0.1491446899501069,True,increase
New Mexico,asian_victims,57.0,90.5,33.5,0.5877192982456141,True,increase
New Mexico,hispanic_victims,6637.0,9638.5,3001.5,0.45223745668223597,True,increase
New Mexico,other_race_victims,718.0,1559.0,841.0,1.1713091922005572,True,increase
New Mexico,victims_age_18_29,5229.0,7690.0,2461.0,0.47064448269267545,True,increase
New Mexico,victims_age_30_39,4153.0,6324.5,2171.5,0.5228750300987238,True,increase
New Mexico,victims_age_40_49,2685.0,3983.0,1298.0,0.4834264432029795,True,increase
New Mexico,victims_age_50_59,1463.0,2295.0,832.0,0.5686944634313056,True,increase
New Mexico,victims_age_60_69,694.0,1219.5,525.5,0.7572046109510087,True,increase
New Mexico,victims_age_70_79,242.0,449.5,207.5,0.8574380165289256,True,increase
New Mexico,victims_age_80_plus,73.0,137.0,64.0,0.8767123287671232,True,increase
New Mexico,involving_firearm,1681.0,2222.0,541.0,0.321832242712671,True,increase
New Mexico,sex_assaults,675.0,711.5,36.5,0.05407407407407407,True,increase
New Mexico,victim_offender_nonmarried_partner,4068.0,5543.0,1475.0,0.36258603736479844,True,increase
New Mexico,victim_offender_rel_spouse,1137.0,1646.5,509.5,0.44810905892700087,True,increase
New Mexico,dv_total,7277.0,10449.5,3172.5,0.43596262195959873,True,increase
New Mexico,firearm_nonmarried,122.0,185.0,63.0,0.5163934426229508,True,increase
New Mexico,near_school,77.0,261.0,184.0,2.3896103896103895,True,increase
New Mexico,on_tribal_lands,4.0,10.0,6.0,1.5,False,increase
New Mexico,fem_pop,830762.2,848606.0,17843.800000000047,0.02147882992269033,True,increase
New Mexico,white_pop,0.349129935,0.354972329,0.005842393999999973,0.016734153718442887,False,increase
New Mexico,black_pop,0.016609661,0.018744674500000003,0.0021350135000000013,0.12854046208408476,False,increase
New Mexico,nat_amer_pop,0.081407379,0.082675847,0.0012684679999999948,0.015581732461869271,False,increase
New Mexico,asian_pop,0.014981022,0.017959082,0.002978060000000001,0.1987888409749349,False,increase
New Mexico,hispanic_pop,0.500613221,0.488540386,-0.01207283500000006,-0.024116093010655943,False,decrease
New Mexico,other_race_pop,0.037258782,0.037107682,-0.0001510999999999943,-0.00405541973970041,False,decrease
New Mexico,diversity_index,0.618979001,0.626408364,0.007429362999999967,0.012002609115975432,False,increase
New Mexico,%_fem_age_18-29,0.20081667,0.1978843935,-0.0029322764999999973,-0.01460175840979734,False,decrease
New Mexico,%_fem_age_30-39,0.170516587,0.171890051,0.001373463999999991,0.008054723731949848,False,increase
New Mexico,%_fem_age_40-49,0.153758512,0.15353236599999998,-0.00022614600000003815,-0.0014707868660958304,False,decrease
New Mexico,fem_age_50-59,0.14862309,0.138873303,-0.00974978700000001,-0.06560075557573193,False,decrease
New Mexico,fem_age_60-69,0.169864451,0.158927741,-0.010936709999999988,-0.06438492536616734,False,decrease
New Mexico,fem_age_70-79,0.105117064,0.12319790450000001,0.018080840500000014,0.1720067114888218,False,increase
New Mexico,fem_age_80+,0.051303627,0.055694240500000006,0.004390613500000008,0.085580957073464,False,increase
New Mexico,age_coef_variation,0.48806183,0.45204240949999996,-0.03601942050000001,-0.07380093727059134,False,decrease
New Mexico,fem_poverty_rate,0.198,0.1805,-0.017500000000000016,-0.08838383838383845,False,decrease
New Mexico,male_poverty_rate,0.171,0.161,-0.010000000000000009,-0.058479532163742735,False,decrease
New Mexico,poverty_gender_disparity_score,1.157894737,1.120403596,-0.03749114099999984,-0.03237871267740277,False,decrease
New Mexico,fem_labor_force_part,0.533895172,0.543572696,0.009677523999999993,0.018126262434154383,False,increase
New Mexico,all_labor_force_part,0.569285482,0.586807564,0.01752208200000005,0.030779077552517055,False,increase
New Mexico,labor_force_ratio,0.93783381,0.926321755,-0.011512054999999966,-0.012275154592688405,False,decrease
New Mexico,unemployment_rate,0.078,0.0505,-0.027499999999999997,-0.35256410256410253,False,decrease
New Mexico,mhhi,53992.0,65042.0,11050.0,0.20465994962216624,True,increase
New Mexico,%_at_least_bach_degree,0.300527593,0.31715578749999995,0.01662819449999997,0.05533000924810246,False,increase
New Mexico,%_at_least_high_school,0.874810158,0.8768523695,0.0020422115000000574,0.0023344624903178794,False,increase
New Mexico,avg_years_schooling,13.37740262,13.395749774999999,0.01834715499999895,0.0013715035363119654,True,increase
New Mexico,gun_deaths_per_100k,22.7,26.4,3.6999999999999993,0.16299559471365635,True,increase
New Mexico,white_adj_rate,3597.385809,5430.127896,1832.742087,0.5094649793788633,True,increase
New Mexico,black_adj_rate,3797.465094,5531.7067845,1734.2416905,0.4566840372647807,True,increase
New Mexico,nat_amer_adj_rate,4149.035651,4594.7140684999995,445.67841749999934,0.10741735067824303,True,increase
New Mexico,asian_adj_rate,457.9907283,597.46419195,139.47346364999999,0.3045333781487384,True,increase
New Mexico,hispanic_adj_rate,1595.852598,2324.818149,728.9655510000002,0.4567875202970345,True,increase
New York,total_incidents,18012.0,82894.5,64882.5,3.6021818787475017,True,increase
New York,white_victims,11547.0,28756.5,17209.5,1.4903871135359834,True,increase
New York,black_victims,5502.0,32761.0,27259.0,4.954380225372592,True,increase
New York,nat_amer_victims,74.0,289.0,215.0,2.9054054054054053,True,increase
New York,asian_victims,147.0,4370.0,4223.0,28.727891156462587,True,increase
New York,hispanic_victims,1990.0,24288.5,22298.5,11.205276381909547,True,increase
New York,other_race_victims,742.0,16718.0,15976.0,21.53099730458221,True,increase
New York,victims_age_18_29,7017.0,30274.5,23257.5,3.314450619923044,True,increase
New York,victims_age_30_39,5485.0,25003.0,19518.0,3.558432087511395,True,increase
New York,victims_age_40_49,2826.0,14020.0,11194.0,3.9610757254069355,True,increase
New York,victims_age_50_59,1793.0,7950.0,6157.0,3.433909648633575,True,increase
New York,victims_age_60_69,635.0,4029.5,3394.5,5.345669291338583,True,increase
New York,victims_age_70_79,200.0,1238.5,1038.5,5.1925,True,increase
New York,victims_age_80_plus,56.0,379.0,323.0,5.767857142857143,True,increase
New York,involving_firearm,596.0,1991.5,1395.5,2.341442953020134,True,increase
New York,sex_assaults,756.0,1995.5,1239.5,1.6395502645502646,True,increase
New York,victim_offender_nonmarried_partner,4493.0,16418.0,11925.0,2.6541286445582015,True,increase
New York,victim_offender_rel_spouse,0.0,6862.0,6862.0,,False,increase
New York,dv_total,7926.0,44535.5,36609.5,4.618912440070654,True,increase
New York,firearm_nonmarried,61.0,215.0,154.0,2.5245901639344264,True,increase
New York,near_school,91.0,427.5,336.5,3.697802197802198,True,increase
New York,on_tribal_lands,2.0,0.5,-1.5,-0.75,False,decrease
New York,fem_pop,8128073.4,8141985.699999999,13912.299999998882,0.0017116356257312934,True,increase
New York,white_pop,0.534568638,0.5234088109999999,-0.011159827000000067,-0.020876321966347876,False,decrease
New York,black_pop,0.133693266,0.1328351295,-0.0008581364999999952,-0.006418696510862373,False,decrease
New York,nat_amer_pop,0.001801077,0.0018337415,3.266449999999991e-05,0.018136093015456812,False,increase
New York,asian_pop,0.086391738,0.0923677485,0.0059760105000000036,0.0691734029010969,False,increase
New York,hispanic_pop,0.194815182,0.2000781295,0.005262947500000004,0.027015078835077668,False,increase
New York,other_race_pop,0.048730099,0.0494764395,0.0007463404999999979,0.015315801020638146,False,increase
New York,diversity_index,0.648568128,0.6573575730000001,0.008789445000000118,0.013552076675590384,False,increase
New York,%_fem_age_18-29,0.196914303,0.195833371,-0.0010809320000000067,-0.005489352391024671,False,decrease
New York,%_fem_age_30-39,0.174639775,0.1749204985,0.00028072349999999635,0.0016074430925028182,False,increase
New York,%_fem_age_40-49,0.152926366,0.1528844755,-4.1890500000002495e-05,-0.0002739259494337457,False,decrease
New York,fem_age_50-59,0.167288058,0.1570339875,-0.01025407049999999,-0.06129589058891455,False,decrease
New York,fem_age_60-69,0.157341011,0.1575339185,0.00019290750000000578,0.0012260471619824902,False,increase
New York,fem_age_70-79,0.098851389,0.10569932700000001,0.006847938000000012,0.06927508120295621,False,increase
New York,fem_age_80+,0.052039098,0.0560944215,0.004055323499999999,0.07792839722164284,False,increase
New York,age_coef_variation,0.526437702,0.5306939625,0.004256260500000053,0.008085022185588169,False,increase
New York,fem_poverty_rate,0.149,0.1515,0.0025000000000000022,0.0167785234899329,False,increase
New York,male_poverty_rate,0.129,0.129,0.0,0.0,False,decrease
New York,poverty_gender_disparity_score,1.15503876,1.174639423,0.01960066299999985,0.01696970151893418,False,increase
New York,fem_labor_force_part,0.589657586,0.5940357304999999,0.004378144499999959,0.007424893029358837,False,increase
New York,all_labor_force_part,0.625422683,0.6297553955,0.004332712500000002,0.00692765487688588,False,increase
New York,labor_force_ratio,0.94281452,0.94328083,0.0004663099999999698,0.0004945935707481147,False,increase
New York,unemployment_rate,0.087,0.051500000000000004,-0.03549999999999999,-0.40804597701149414,False,decrease
New York,mhhi,74314.0,83957.5,9643.5,0.1297669348978658,True,increase
New York,%_at_least_bach_degree,0.399202794,0.40928502050000004,0.010082226500000013,0.025255901640808688,False,increase
New York,%_at_least_high_school,0.88034827,0.8818562635,0.0015079934999999711,0.001712951057426365,False,increase
New York,avg_years_schooling,13.6996597,13.731246025,0.031586325000001025,0.002305628438347343,True,increase
New York,gun_deaths_per_100k,5.3,5.0,-0.2999999999999998,-0.05660377358490563,False,decrease
New York,white_adj_rate,265.752937,674.8066764,409.05373940000004,1.5392256583038255,True,increase
New York,black_adj_rate,506.3180807,3028.6819910000004,2522.3639103000005,4.981777278845654,True,increase
New York,nat_amer_adj_rate,505.4891319,1946.3909294999999,1440.9017975999998,2.850509945058622,True,increase
New York,asian_adj_rate,20.93425485,580.9340589,559.99980405,26.75040540313285,True,increase
New York,hispanic_adj_rate,125.6731964,1490.789589,1365.1163926,10.862430746609068,True,increase
North Carolina,total_incidents,74446.0,72905.5,-1540.5,-0.020692851194154153,True,decrease
North Carolina,white_victims,34424.0,34474.0,50.0,0.0014524750174297002,True,increase
North Carolina,black_victims,37910.0,35906.5,-2003.5,-0.052848852545502506,True,decrease
North Carolina,nat_amer_victims,733.0,832.5,99.5,0.13574351978171897,True,increase
North Carolina,asian_victims,603.0,674.5,71.5,0.11857379767827529,True,increase
North Carolina,hispanic_victims,5492.0,7096.0,1604.0,0.2920611798980335,True,increase
North Carolina,other_race_victims,776.0,1018.0,242.0,0.3118556701030928,True,increase
North Carolina,victims_age_18_29,30115.0,27358.0,-2757.0,-0.09154906192927113,True,decrease
North Carolina,victims_age_30_39,20794.0,20677.0,-117.0,-0.0056266230643454845,True,decrease
North Carolina,victims_age_40_49,11870.0,12346.0,476.0,0.040101095197978096,True,increase
North Carolina,victims_age_50_59,7270.0,7355.5,85.5,0.011760660247592848,True,increase
North Carolina,victims_age_60_69,3004.0,3356.5,352.5,0.11734354194407456,True,increase
North Carolina,victims_age_70_79,990.0,1256.0,266.0,0.2686868686868687,True,increase
North Carolina,victims_age_80_plus,403.0,556.5,153.5,0.38089330024813894,True,increase
North Carolina,involving_firearm,9095.0,8595.5,-499.5,-0.05492028587135789,True,decrease
North Carolina,sex_assaults,2722.0,1864.5,-857.5,-0.31502571638501103,True,decrease
North Carolina,victim_offender_nonmarried_partner,22409.0,19704.0,-2705.0,-0.12071042884555312,True,decrease
North Carolina,victim_offender_rel_spouse,5581.0,5516.0,-65.0,-0.011646658304963269,True,decrease
North Carolina,dv_total,35276.0,32912.5,-2363.5,-0.06700022678308198,True,decrease
North Carolina,firearm_nonmarried,850.0,756.5,-93.5,-0.11,True,decrease
North Carolina,near_school,743.0,1429.5,686.5,0.923956931359354,True,increase
North Carolina,on_tribal_lands,0.0,3.5,3.5,,False,increase
North Carolina,fem_pop,4268328.2,4449247.1,180918.89999999944,0.042386361011320414,True,increase
North Carolina,white_pop,0.609290711,0.593623091,-0.015667619999999993,-0.025714522997216667,False,decrease
North Carolina,black_pop,0.198660963,0.19675220100000002,-0.0019087619999999805,-0.009608138263177454,False,decrease
North Carolina,nat_amer_pop,0.008734109,0.008134207000000001,-0.0005999019999999994,-0.06868496832361484,False,decrease
North Carolina,asian_pop,0.030587721,0.034403654,0.0038159330000000005,0.12475375331166388,False,increase
North Carolina,hispanic_pop,0.101410726,0.117031946,0.015621219999999991,0.1540391299437102,False,increase
North Carolina,other_race_pop,0.05131577,0.050054901,-0.0012608689999999978,-0.024570789837120206,False,decrease
North Carolina,diversity_index,0.575369314,0.591416288,0.01604697399999999,0.027889867619877953,False,increase
North Carolina,%_fem_age_18-29,0.20257513,0.203177773,0.0006026430000000138,0.002974911086074652,False,increase
North Carolina,%_fem_age_30-39,0.172532219,0.16871426350000002,-0.00381795549999997,-0.022128942189052644,False,decrease
North Carolina,%_fem_age_40-49,0.15916627,0.1596458385,0.0004795684999999994,0.003013003320364292,False,increase
North Carolina,fem_age_50-59,0.155720743,0.1645311445,0.008810401500000009,0.05657821386069298,False,increase
North Carolina,fem_age_60-69,0.154703473,0.1554604945,0.0007570214999999825,0.004893371075127592,False,increase
North Carolina,fem_age_70-79,0.106658401,0.1035673045,-0.0030910965000000012,-0.028981275464649063,False,decrease
North Carolina,fem_age_80+,0.048643764,0.0449031815,-0.003740582499999999,-0.07689747240776842,False,decrease
North Carolina,age_coef_variation,0.45607063,0.433530868,-0.022539761999999963,-0.049421647695226424,False,decrease
North Carolina,fem_poverty_rate,0.146,0.138,-0.00799999999999998,-0.05479452054794507,False,decrease
North Carolina,male_poverty_rate,0.121,0.1145,-0.006499999999999992,-0.05371900826446274,False,decrease
North Carolina,poverty_gender_disparity_score,1.20661157,1.2051868799999998,-0.0014246900000001173,-0.0011807362331194265,False,decrease
North Carolina,fem_labor_force_part,0.57272103,0.587613889,0.014892859000000036,0.02600368804337434,False,increase
North Carolina,all_labor_force_part,0.621961557,0.633071945,0.011110387999999971,0.017863464188350102,False,increase
North Carolina,labor_force_ratio,0.920830273,0.9281909884999999,0.007360715499999948,0.007993563760690943,False,increase
North Carolina,unemployment_rate,0.058,0.04,-0.018000000000000002,-0.3103448275862069,False,decrease
North Carolina,mhhi,61972.0,72381.0,10409.0,0.16796295101013362,True,increase
North Carolina,%_at_least_bach_degree,0.349128551,0.3696671585,0.020538607499999972,0.058828209383540137,False,increase
North Carolina,%_at_least_high_school,0.896974205,0.907126052,0.010151846999999936,0.011317880651874416,False,increase
North Carolina,avg_years_schooling,13.63387749,13.76646603,0.13258854000000042,0.009724932624431292,True,increase
North Carolina,gun_deaths_per_100k,16.0,16.75,0.75,0.046875,True,increase
North Carolina,white_adj_rate,1323.667696,1305.3167990000002,-18.350896999999804,-0.01386367368143417,True,decrease
North Carolina,black_adj_rate,4470.78147,4102.207987,-368.5734830000001,-0.08244050519427426,True,decrease
North Carolina,nat_amer_adj_rate,1966.199409,2298.822552,332.623143,0.16917060470950432,True,increase
North Carolina,asian_adj_rate,461.8621641,442.05471065,-19.80745344999997,-0.04288607075792284,True,decrease
North Carolina,hispanic_adj_rate,1268.787323,1360.883423,92.09609999999998,0.07258592384280937,True,increase
North Dakota,total_incidents,6850.0,6582.0,-268.0,-0.03912408759124088,True,decrease
North Dakota,white_victims,4209.0,4269.0,60.0,0.014255167498218105,True,increase
North Dakota,black_victims,1071.0,825.5,-245.5,-0.2292250233426704,True,decrease
North Dakota,nat_amer_victims,1350.0,1300.5,-49.5,-0.03666666666666667,True,decrease
North Dakota,asian_victims,71.0,54.0,-17.0,-0.23943661971830985,True,decrease
North Dakota,hispanic_victims,307.0,447.5,140.5,0.4576547231270358,True,increase
North Dakota,other_race_victims,149.0,133.0,-16.0,-0.10738255033557047,True,decrease
North Dakota,victims_age_18_29,2917.0,2736.0,-181.0,-0.06205005142269455,True,decrease
North Dakota,victims_age_30_39,2266.0,2046.0,-220.0,-0.0970873786407767,True,decrease
North Dakota,victims_age_40_49,962.0,1127.5,165.5,0.17203742203742203,True,increase
North Dakota,victims_age_50_59,458.0,458.0,0.0,0.0,True,decrease
North Dakota,victims_age_60_69,207.0,157.5,-49.5,-0.2391304347826087,True,decrease
North Dakota,victims_age_70_79,32.0,38.0,6.0,0.1875,True,increase
North Dakota,victims_age_80_plus,8.0,19.0,11.0,1.375,False,increase
North Dakota,involving_firearm,46.0,44.0,-2.0,-0.043478260869565216,True,decrease
North Dakota,sex_assaults,497.0,262.5,-234.5,-0.47183098591549294,True,decrease
North Dakota,victim_offender_nonmarried_partner,1876.0,1719.0,-157.0,-0.08368869936034115,True,decrease
North Dakota,victim_offender_rel_spouse,518.0,538.0,20.0,0.03861003861003861,True,increase
North Dakota,dv_total,3104.0,2967.0,-137.0,-0.04413659793814433,True,decrease
North Dakota,firearm_nonmarried,7.0,10.5,3.5,0.5,False,increase
North Dakota,near_school,76.0,82.0,6.0,0.07894736842105263,True,increase
North Dakota,on_tribal_lands,0.0,2.0,2.0,,False,increase
North Dakota,fem_pop,284359.6,295334.6,10975.0,0.03859549668799647,True,increase
North Dakota,white_pop,0.822709395,0.808869168,-0.013840226999999983,-0.016822740914487773,False,decrease
North Dakota,black_pop,0.028834193,0.032378545,0.0035443520000000006,0.12292183797202164,False,increase
North Dakota,nat_amer_pop,0.044975921,0.041733146,-0.0032427750000000033,-0.07210024670756611,False,decrease
North Dakota,asian_pop,0.014132561,0.016944701,0.0028121399999999994,0.1989830434837677,False,increase
North Dakota,hispanic_pop,0.041348581,0.0493984825,0.008049901499999998,0.19468386351638034,False,increase
North Dakota,other_race_pop,0.04799935,0.0506759585,0.0026766084999999967,0.05576343221314448,False,increase
North Dakota,diversity_index,0.316081636,0.3375963515,0.021514715500000003,0.06806695818291704,False,increase
North Dakota,%_fem_age_18-29,0.232242359,0.231581177,-0.0006611820000000102,-0.0028469483467484505,False,decrease
North Dakota,%_fem_age_30-39,0.183661543,0.187611454,0.003949911,0.021506467469893792,False,increase
North Dakota,%_fem_age_40-49,0.147171145,0.1502640395,0.0030928944999999985,0.021015631155142527,False,increase
North Dakota,fem_age_50-59,0.143284272,0.12559034400000002,-0.01769392799999997,-0.12348827790394169,False,decrease
North Dakota,fem_age_60-69,0.152131664,0.1506424745,-0.0014891894999999877,-0.009788820163039745,False,decrease
North Dakota,fem_age_70-79,0.090184626,0.099549019,0.009364392999999999,0.10383580234617815,False,increase
North Dakota,fem_age_80+,0.051324391,0.054761492,0.003437101000000005,0.06696817893075449,False,increase
North Dakota,age_coef_variation,0.569103547,0.5503050119999999,-0.01879853500000006,-0.033031835944610725,False,decrease
North Dakota,fem_poverty_rate,0.127,0.1205,-0.006500000000000006,-0.05118110236220477,False,decrease
North Dakota,male_poverty_rate,0.096,0.0895,-0.006500000000000006,-0.0677083333333334,False,decrease
North Dakota,poverty_gender_disparity_score,1.322916667,1.3507040479999999,0.027787380999999778,0.021004634451400238,False,increase
North Dakota,fem_labor_force_part,0.629077816,0.6513490749999999,0.022271258999999932,0.03540302715109562,False,increase
North Dakota,all_labor_force_part,0.680853886,0.6892996845,0.008445798500000046,0.012404715128555566,False,increase
North Dakota,labor_force_ratio,0.923954212,0.9449700329999999,0.02101582099999988,0.0227455221558099,False,increase
North Dakota,unemployment_rate,0.029,0.024,-0.005000000000000001,-0.1724137931034483,False,decrease
North Dakota,mhhi,66519.0,77198.0,10679.0,0.1605405974232926,True,increase
North Dakota,%_at_least_bach_degree,0.317415869,0.33752015550000003,0.020104286500000013,0.06333737050808891,False,increase
North Dakota,%_at_least_high_school,0.936245286,0.943401933,0.0071566469999999605,0.007643987218964711,False,increase
North Dakota,avg_years_schooling,13.6831426,13.82222546,0.13908286000000025,0.010164540710114375,True,increase
North Dakota,gun_deaths_per_100k,13.8,14.65,0.8499999999999996,0.06159420289855069,True,increase
North Dakota,white_adj_rate,1799.138405,1787.2153635,-11.923041499999954,-0.00662708409028707,True,decrease
North Dakota,black_adj_rate,13062.12318,8743.0621015,-4319.061078500001,-0.3306553627600992,True,decrease
North Dakota,nat_amer_adj_rate,10555.6701,10547.099975000001,-8.57012499999837,-0.0008118977685744812,True,decrease
North Dakota,asian_adj_rate,1766.727566,1094.76218205,-671.9653839499999,-0.3803446535174512,True,decrease
North Dakota,hispanic_adj_rate,2611.01803,3064.6527575,453.6347274999998,0.1737386422796934,True,increase
Ohio,total_incidents,74375.0,72110.0,-2265.0,-0.03045378151260504,True,decrease
Ohio,white_victims,37092.0,36514.0,-578.0,-0.015582875013479996,True,decrease
Ohio,black_victims,34294.0,31973.0,-2321.0,-0.06767947745961393,True,decrease
Ohio,nat_amer_victims,52.0,60.0,8.0,0.15384615384615385,True,increase
Ohio,asian_victims,357.0,432.5,75.5,0.211484593837535,True,increase
Ohio,hispanic_victims,1113.0,1704.0,591.0,0.5309973045822103,True,increase
Ohio,other_race_victims,2580.0,3130.5,550.5,0.21337209302325583,True,increase
Ohio,victims_age_18_29,31196.0,27799.0,-3397.0,-0.1088921656622644,True,decrease
Ohio,victims_age_30_39,21449.0,21555.0,106.0,0.004941955335913096,True,increase
Ohio,victims_age_40_49,11799.0,12201.5,402.5,0.0341130604288499,True,increase
Ohio,victims_age_50_59,6373.0,6328.5,-44.5,-0.006982582771065432,True,decrease
Ohio,victims_age_60_69,2629.0,3008.0,379.0,0.14416127805249143,True,increase
Ohio,victims_age_70_79,713.0,933.5,220.5,0.30925666199158486,True,increase
Ohio,victims_age_80_plus,216.0,284.5,68.5,0.31712962962962965,True,increase
Ohio,involving_firearm,5691.0,4836.5,-854.5,-0.15014935863644352,True,decrease
Ohio,sex_assaults,3554.0,2856.5,-697.5,-0.1962577377602701,True,decrease
Ohio,victim_offender_nonmarried_partner,17348.0,14720.0,-2628.0,-0.15148720313580816,True,decrease
Ohio,victim_offender_rel_spouse,4575.0,4671.0,96.0,0.02098360655737705,True,increase
Ohio,dv_total,29775.0,28225.0,-1550.0,-0.052057094878253565,True,decrease
Ohio,firearm_nonmarried,639.0,468.0,-171.0,-0.2676056338028169,True,decrease
Ohio,near_school,437.0,764.5,327.5,0.7494279176201373,True,increase
Ohio,on_tribal_lands,1.0,2.0,1.0,1.0,False,increase
Ohio,fem_pop,4701031.6,4743753.0,42721.40000000037,0.009087664928693603,True,increase
Ohio,white_pop,0.765526654,0.7528056409999999,-0.012721013000000059,-0.016617335181643537,False,decrease
Ohio,black_pop,0.117799575,0.1186267315,0.0008271564999999953,0.007021727370408555,False,increase
Ohio,nat_amer_pop,0.000940151,0.0009683245000000001,2.8173500000000106e-05,0.0299669946636233,False,increase
Ohio,asian_pop,0.023800135,0.026449875,0.002649740000000001,0.11133298193476639,False,increase
Ohio,hispanic_pop,0.042878801,0.049558645,0.006679843999999997,0.15578430003208338,False,increase
Ohio,other_race_pop,0.049054683,0.051590783,0.0025360999999999995,0.05169944732901443,False,increase
Ohio,diversity_index,0.395279918,0.413378764,0.018098846000000002,0.0457874158939691,False,increase
Ohio,%_fem_age_18-29,0.198190892,0.1954056925,-0.002785199500000002,-0.014053115518547652,False,decrease
Ohio,%_fem_age_30-39,0.166030143,0.168854094,0.002823951000000019,0.017008664504974975,False,increase
Ohio,%_fem_age_40-49,0.152049223,0.1529991565,0.0009499334999999998,0.006247539324814568,False,increase
Ohio,fem_age_50-59,0.164767118,0.154050953,-0.010716165,-0.06503824992557071,False,decrease
Ohio,fem_age_60-69,0.166118872,0.1658283725,-0.00029049950000001323,-0.0017487447181799623,False,decrease
Ohio,fem_age_70-79,0.102282615,0.1088885275,0.006605912500000005,0.06458490037627612,False,increase
Ohio,fem_age_80+,0.050561136,0.053973204,0.0034120679999999973,0.0674840058973358,False,increase
Ohio,age_coef_variation,0.494327755,0.49601604450000003,0.0016882895000000508,0.003415324110215197,False,increase
Ohio,fem_poverty_rate,0.146,0.14200000000000002,-0.003999999999999976,-0.027397260273972438,False,decrease
Ohio,male_poverty_rate,0.121,0.11699999999999999,-0.0040000000000000036,-0.03305785123966945,False,decrease
Ohio,poverty_gender_disparity_score,1.20661157,1.2133985975,0.006787027499999931,0.005624865258005053,False,increase
Ohio,fem_labor_force_part,0.586570433,0.5966028445,0.010032411500000005,0.017103506988392653,False,increase
Ohio,all_labor_force_part,0.626236692,0.634616412,0.00837971999999998,0.013381074771006838,False,increase
Ohio,labor_force_ratio,0.936659318,0.9401001689999999,0.0034408509999999115,0.003673535226604036,False,increase
Ohio,unemployment_rate,0.054,0.04,-0.013999999999999999,-0.25925925925925924,False,decrease
Ohio,mhhi,62262.0,69990.5,7728.5,0.12412868202113649,True,increase
Ohio,%_at_least_bach_degree,0.307208462,0.321926186,0.014717723999999988,0.04790793816089606,False,increase
Ohio,%_at_least_high_school,0.917428402,0.920280811,0.0028524090000000557,0.0031091352674299,False,increase
Ohio,avg_years_schooling,13.51983543,13.60667355,0.08683811999999946,0.0064230160529401845,True,increase
Ohio,gun_deaths_per_100k,15.2,15.35,0.15000000000000036,0.009868421052631603,True,increase
Ohio,white_adj_rate,1030.686919,1022.514806,-8.172112999999968,-0.007928802480513452,True,decrease
Ohio,black_adj_rate,6192.717224,5682.399619,-510.3176050000002,-0.0824060887234208,True,decrease
Ohio,nat_amer_adj_rate,1176.555886,1375.5782135,199.02232749999985,0.16915671398884985,True,increase
Ohio,asian_adj_rate,319.0770919,344.76252815,25.685436249999952,0.08049915491285055,True,increase
Ohio,hispanic_adj_rate,552.1529044,723.79256895,171.63966455000002,0.31085531413895795,True,increase
Oklahoma,total_incidents,30093.0,31451.0,1358.0,0.04512677366829495,True,increase
Oklahoma,white_victims,20259.0,20777.0,518.0,0.02556888296559554,True,increase
Oklahoma,black_victims,6111.0,6681.0,570.0,0.09327442317133039,True,increase
Oklahoma,nat_amer_victims,2775.0,2890.5,115.5,0.04162162162162162,True,increase
Oklahoma,asian_victims,181.0,253.0,72.0,0.39779005524861877,True,increase
Oklahoma,hispanic_victims,11.0,17.5,6.5,0.5909090909090909,True,increase
Oklahoma,other_race_victims,767.0,849.5,82.5,0.1075619295958279,True,increase
Oklahoma,victims_age_18_29,11036.0,11336.0,300.0,0.027183762232693004,True,increase
Oklahoma,victims_age_30_39,8645.0,8758.5,113.5,0.013128976286871024,True,increase
Oklahoma,victims_age_40_49,5404.0,5807.5,403.5,0.07466691339748334,True,increase
Oklahoma,victims_age_50_59,3127.0,3361.0,234.0,0.07483210745123121,True,increase
Oklahoma,victims_age_60_69,1296.0,1447.5,151.5,0.11689814814814815,True,increase
Oklahoma,victims_age_70_79,410.0,499.0,89.0,0.21707317073170732,True,increase
Oklahoma,victims_age_80_plus,175.0,241.5,66.5,0.38,True,increase
Oklahoma,involving_firearm,2099.0,1971.5,-127.5,-0.06074321105288232,True,decrease
Oklahoma,sex_assaults,2027.0,1607.0,-420.0,-0.2072027627035027,True,decrease
Oklahoma,victim_offender_nonmarried_partner,7758.0,7572.0,-186.0,-0.02397525135344161,True,decrease
Oklahoma,victim_offender_rel_spouse,3334.0,3322.5,-11.5,-0.0034493101379724053,True,decrease
Oklahoma,dv_total,14624.0,15047.5,423.5,0.028959245076586433,True,increase
Oklahoma,firearm_nonmarried,246.0,217.5,-28.5,-0.11585365853658537,True,decrease
Oklahoma,near_school,244.0,460.0,216.0,0.8852459016393442,True,increase
Oklahoma,on_tribal_lands,32.0,22.5,-9.5,-0.296875,True,decrease
Oklahoma,fem_pop,1538933.6,1576076.0,37142.39999999991,0.024135154369233282,True,increase
Oklahoma,white_pop,0.628391485,0.613935645,-0.014455839999999998,-0.02300451286350578,False,decrease
Oklahoma,black_pop,0.066619526,0.06503787450000001,-0.0015816514999999892,-0.023741560394770586,False,decrease
Oklahoma,nat_amer_pop,0.067622877,0.0658733925,-0.0017494844999999953,-0.025871192969207674,False,decrease
Oklahoma,asian_pop,0.022330841,0.024133105000000002,0.0018022640000000013,0.08070739476403962,False,increase
Oklahoma,hispanic_pop,0.117202987,0.131841189,0.014638202000000003,0.12489615132419794,False,increase
Oklahoma,other_race_pop,0.097832284,0.099178794,0.0013465099999999952,0.0137634525633685,False,increase
Oklahoma,diversity_index,0.572306765,0.5866899029999999,0.014383137999999906,0.02513186787159489,False,increase
Oklahoma,%_fem_age_18-29,0.214058968,0.214522162,0.0004631940000000001,0.0021638616888034336,False,increase
Oklahoma,%_fem_age_30-39,0.179717953,0.178771668,-0.0009462850000000189,-0.005265389373759553,False,decrease
Oklahoma,%_fem_age_40-49,0.157330624,0.16191919999999999,0.004588575999999983,0.02916518020039114,False,increase
Oklahoma,fem_age_50-59,0.152082572,0.14416644550000002,-0.007916126499999981,-0.05205150331097755,False,decrease
Oklahoma,fem_age_60-69,0.152482358,0.15256986649999998,8.750849999997201e-05,0.0005738926204169273,False,increase
Oklahoma,fem_age_70-79,0.099009146,0.0995680095,0.0005588634999999925,0.00564456439206124,False,increase
Oklahoma,fem_age_80+,0.045318379,0.0484826485,0.003164269500000004,0.06982309539359305,False,increase
Oklahoma,age_coef_variation,0.457719123,0.487015237,0.029296113999999984,0.06400456639868198,False,increase
Oklahoma,fem_poverty_rate,0.169,0.16649999999999998,-0.00250000000000003,-0.0147928994082842,False,decrease
Oklahoma,male_poverty_rate,0.143,0.14150000000000001,-0.0014999999999999736,-0.010489510489510306,False,decrease
Oklahoma,poverty_gender_disparity_score,1.181818182,1.1761091124999998,-0.0057090695000001634,-0.004830751114641561,False,decrease
Oklahoma,fem_labor_force_part,0.56588225,0.5657760045,-0.00010624550000004618,-0.00018775195723146675,False,decrease
Oklahoma,all_labor_force_part,0.610399774,0.613269361,0.0028695869999999513,0.004701159997480522,False,increase
Oklahoma,labor_force_ratio,0.92706825,0.9225418125,-0.004526437500000036,-0.00488252887530129,False,decrease
Oklahoma,unemployment_rate,0.059,0.0465,-0.012499999999999997,-0.21186440677966098,False,decrease
Oklahoma,mhhi,55826.0,64143.0,8317.0,0.14898076165227672,True,increase
Oklahoma,%_at_least_bach_degree,0.279247726,0.290167708,0.01091998200000005,0.03910499883533537,False,increase
Oklahoma,%_at_least_high_school,0.887111163,0.8995077659999999,0.012396602999999895,0.013974125810882051,False,increase
Oklahoma,avg_years_schooling,13.23224423,13.310847485,0.07860325500000087,0.005940281454433287,True,increase
Oklahoma,gun_deaths_per_100k,20.7,20.0,-0.6999999999999993,-0.03381642512077292,True,decrease
Oklahoma,white_adj_rate,2094.921872,2147.2949435,52.37307150000015,0.025000011790415902,True,increase
Oklahoma,black_adj_rate,5960.612147,6520.768368,560.1562210000002,0.09397629088850028,True,increase
Oklahoma,nat_amer_adj_rate,2666.548344,2784.3101829999996,117.76183899999978,0.044162649165906065,True,increase
Oklahoma,asian_adj_rate,526.6882306,664.6125137500001,137.92428315000006,0.261870828199213,True,increase
Oklahoma,hispanic_adj_rate,6.098655802,8.4611213155,2.3624655135,0.38737479047846096,False,increase
Oregon,total_incidents,18920.0,19466.5,546.5,0.02888477801268499,True,increase
Oregon,white_victims,15546.0,15813.5,267.5,0.017206998584844976,True,increase
Oregon,black_victims,1685.0,1798.0,113.0,0.06706231454005934,True,increase
Oregon,nat_amer_victims,259.0,279.5,20.5,0.07915057915057915,True,increase
Oregon,asian_victims,373.0,390.5,17.5,0.04691689008042895,True,increase
Oregon,hispanic_victims,1861.0,2544.5,683.5,0.36727565824825364,True,increase
Oregon,other_race_victims,1057.0,1185.0,128.0,0.12109744560075686,True,increase
Oregon,victims_age_18_29,6644.0,6509.5,-134.5,-0.020243829018663454,True,decrease
Oregon,victims_age_30_39,5336.0,5616.5,280.5,0.052567466266866564,True,increase
Oregon,victims_age_40_49,3398.0,3823.5,425.5,0.12522071806945262,True,increase
Oregon,victims_age_50_59,2162.0,2044.0,-118.0,-0.0545790934320074,True,decrease
Oregon,victims_age_60_69,960.0,1000.5,40.5,0.0421875,True,increase
Oregon,victims_age_70_79,298.0,356.0,58.0,0.19463087248322147,True,increase
Oregon,victims_age_80_plus,122.0,116.5,-5.5,-0.045081967213114756,True,decrease
Oregon,involving_firearm,761.0,776.5,15.5,0.020367936925098553,True,increase
Oregon,sex_assaults,1764.0,1262.0,-502.0,-0.28458049886621317,True,decrease
Oregon,victim_offender_nonmarried_partner,4963.0,4711.5,-251.5,-0.05067499496272416,True,decrease
Oregon,victim_offender_rel_spouse,1539.0,1645.5,106.5,0.06920077972709551,True,increase
Oregon,dv_total,8576.0,8510.0,-66.0,-0.007695895522388059,True,decrease
Oregon,firearm_nonmarried,88.0,86.5,-1.5,-0.017045454545454544,True,decrease
Oregon,near_school,73.0,115.0,42.0,0.5753424657534246,True,increase
Oregon,on_tribal_lands,7.0,6.5,-0.5,-0.07142857142857142,False,decrease
Oregon,fem_pop,1709557.2,1735231.2999999998,25674.09999999986,0.015017982434281731,True,increase
Oregon,white_pop,0.720464043,0.7046778364999999,-0.015786206500000066,-0.02191116496843697,False,decrease
Oregon,black_pop,0.017912676,0.01896186,0.0010491840000000016,0.05857215303844058,False,increase
Oregon,nat_amer_pop,0.006901067,0.0061770645,-0.0007240025000000002,-0.10491167525253707,False,decrease
Oregon,asian_pop,0.04398968,0.046759722000000004,0.0027700420000000003,0.06297026939045704,False,increase
Oregon,hispanic_pop,0.140483802,0.15215476849999998,0.01167096649999999,0.08307695502147637,False,increase
Oregon,other_race_pop,0.070248731,0.07126874799999999,0.001020016999999998,0.014520077238121185,False,increase
Oregon,diversity_index,0.453957399,0.4725918735,0.018634474499999998,0.0410489498376917,False,increase
Oregon,%_fem_age_18-29,0.189603901,0.18609295599999998,-0.0035109450000000153,-0.01851726141436307,False,decrease
Oregon,%_fem_age_30-39,0.181007992,0.179307985,-0.0017000070000000034,-0.009391889171390859,False,decrease
Oregon,%_fem_age_40-49,0.162805047,0.166229328,0.0034242810000000012,0.021033015026862164,False,increase
Oregon,fem_age_50-59,0.151984363,0.1465985535,-0.005385809500000005,-0.03543660277735285,False,decrease
Oregon,fem_age_60-69,0.157595306,0.150746795,-0.006848511000000002,-0.04345631334984052,False,decrease
Oregon,fem_age_70-79,0.109313027,0.11772858850000001,0.008415561500000016,0.07698589757284845,False,increase
Oregon,fem_age_80+,0.047690364,0.0532957935,0.005605429500000002,0.11753798943535013,False,increase
Oregon,age_coef_variation,0.436273385,0.452579155,0.016305769999999997,0.03737511973140419,False,increase
Oregon,fem_poverty_rate,0.129,0.1285,-0.0005000000000000004,-0.0038759689922480654,False,decrease
Oregon,male_poverty_rate,0.115,0.111,-0.0040000000000000036,-0.0347826086956522,False,decrease
Oregon,poverty_gender_disparity_score,1.12173913,1.1581384015,0.03639927150000011,0.032448962977693493,False,increase
Oregon,fem_labor_force_part,0.574651895,0.5887281815000001,0.014076286500000035,0.024495327732278745,False,increase
Oregon,all_labor_force_part,0.615839416,0.6272035840000001,0.011364168000000063,0.01845313519198333,False,increase
Oregon,labor_force_ratio,0.933119706,0.9386353975,0.005515691499999975,0.005911022417095942,False,increase
Oregon,unemployment_rate,0.064,0.045,-0.019000000000000003,-0.29687500000000006,False,decrease
Oregon,mhhi,71562.0,82690.0,11128.0,0.15550152315474694,True,increase
Oregon,%_at_least_bach_degree,0.363310329,0.377475658,0.014165329000000004,0.03898961265150269,False,increase
Oregon,%_at_least_high_school,0.918742442,0.921400829,0.0026583869999999843,0.00289350625210366,False,increase
Oregon,avg_years_schooling,13.78716078,13.866046985,0.07888620499999988,0.005721715025941684,True,increase
Oregon,gun_deaths_per_100k,13.0,14.399999999999999,1.3999999999999986,0.10769230769230759,True,increase
Oregon,white_adj_rate,1262.184132,1293.2858575,31.10172549999993,0.024641195140615132,True,increase
Oregon,black_adj_rate,5502.446115,5475.7083915,-26.737723499999447,-0.004859243133178679,True,decrease
Oregon,nat_amer_adj_rate,2195.330362,2609.107546,413.77718400000003,0.1884806000783585,True,increase
Oregon,asian_adj_rate,495.9916813,483.29019365,-12.70148764999999,-0.025608267494949193,True,decrease
Oregon,hispanic_adj_rate,774.8836268,963.2678808000001,188.38425400000006,0.24311296236566712,True,increase
Pennsylvania,total_incidents,13958.0,35589.5,21631.5,1.549756412093423,True,increase
Pennsylvania,white_victims,5879.0,20746.5,14867.5,2.528916482394965,True,increase
Pennsylvania,black_victims,7858.0,14196.5,6338.5,0.8066301857979129,True,increase
Pennsylvania,nat_amer_victims,7.0,30.0,23.0,3.2857142857142856,False,increase
Pennsylvania,asian_victims,171.0,411.5,240.5,1.4064327485380117,True,increase
Pennsylvania,hispanic_victims,1433.0,4324.0,2891.0,2.0174459176552686,True,increase
Pennsylvania,other_race_victims,43.0,205.0,162.0,3.7674418604651163,True,increase
Pennsylvania,victims_age_18_29,5412.0,12864.0,7452.0,1.376940133037694,True,increase
Pennsylvania,victims_age_30_39,4183.0,10609.5,6426.5,1.5363375567774324,True,increase
Pennsylvania,victims_age_40_49,2241.0,6114.0,3873.0,1.7282463186077643,True,increase
Pennsylvania,victims_age_50_59,1320.0,3490.5,2170.5,1.6443181818181818,True,increase
Pennsylvania,victims_age_60_69,569.0,1735.0,1166.0,2.0492091388400704,True,increase
Pennsylvania,victims_age_70_79,163.0,529.5,366.5,2.2484662576687118,True,increase
Pennsylvania,victims_age_80_plus,70.0,247.0,177.0,2.5285714285714285,True,increase
Pennsylvania,involving_firearm,1425.0,2191.5,766.5,0.5378947368421053,True,increase
Pennsylvania,sex_assaults,817.0,1366.0,549.0,0.6719706242350061,True,increase
Pennsylvania,victim_offender_nonmarried_partner,3767.0,8377.0,4610.0,1.2237855057074596,True,increase
Pennsylvania,victim_offender_rel_spouse,636.0,2128.5,1492.5,2.3466981132075473,True,increase
Pennsylvania,dv_total,5591.0,13996.5,8405.5,1.5033983187265247,True,increase
Pennsylvania,firearm_nonmarried,222.0,294.5,72.5,0.32657657657657657,True,increase
Pennsylvania,near_school,99.0,382.5,283.5,2.8636363636363638,True,increase
Pennsylvania,on_tribal_lands,0.0,3.5,3.5,,False,increase
Pennsylvania,fem_pop,5251492.4,5303839.300000001,52346.90000000037,0.00996800452381886,True,increase
Pennsylvania,white_pop,0.735533617,0.722926203,-0.012607413999999983,-0.017140500051406875,False,decrease
Pennsylvania,black_pop,0.101523165,0.10133648,-0.000186684999999992,-0.0018388414112187302,False,decrease
Pennsylvania,nat_amer_pop,0.000546357,0.000693732,0.00014737499999999994,0.26974121316282196,False,increase
Pennsylvania,asian_pop,0.036080606,0.039795599,0.0037149929999999998,0.10296370853638101,False,increase
Pennsylvania,hispanic_pop,0.083503959,0.091552302,0.008048343,0.0963827715042828,False,increase
Pennsylvania,other_race_pop,0.042812296,0.043695684,0.0008833879999999988,0.0206339786121258,False,increase
Pennsylvania,diversity_index,0.438575433,0.4552059215,0.016630488499999985,0.03791933439190148,False,increase
Pennsylvania,%_fem_age_18-29,0.18836825,0.18687800850000003,-0.0014902414999999614,-0.007911319980941382,False,decrease
Pennsylvania,%_fem_age_30-39,0.166400758,0.1664674705,6.671249999998241e-05,0.0004009146400642142,False,increase
Pennsylvania,%_fem_age_40-49,0.147069621,0.150248467,0.003178845999999985,0.02161456579805822,False,increase
Pennsylvania,fem_age_50-59,0.16685498,0.15572741099999998,-0.011127569000000032,-0.06669006223248494,False,decrease
Pennsylvania,fem_age_60-69,0.169731263,0.166330254,-0.0034010089999999826,-0.020037610867244784,False,decrease
Pennsylvania,fem_age_70-79,0.1057918,0.1152733295,0.009481529499999988,0.08962442741308861,False,increase
Pennsylvania,fem_age_80+,0.055783327,0.059075059,0.0032917319999999986,0.05900924482327844,False,increase
Pennsylvania,age_coef_variation,0.527293485,0.5125635820000001,-0.014729902999999878,-0.027934923186088444,False,decrease
Pennsylvania,fem_poverty_rate,0.134,0.13,-0.0040000000000000036,-0.02985074626865674,False,decrease
Pennsylvania,male_poverty_rate,0.107,0.105,-0.0020000000000000018,-0.018691588785046745,False,decrease
Pennsylvania,poverty_gender_disparity_score,1.252336449,1.2381816534999999,-0.014154795500000095,-0.011302709835925327,False,decrease
Pennsylvania,fem_labor_force_part,0.584239453,0.590660304,0.006420851000000005,0.010990101690376609,False,increase
Pennsylvania,all_labor_force_part,0.624293553,0.629633542,0.0053399889999999894,0.008553650721425901,False,increase
Pennsylvania,labor_force_ratio,0.935840921,0.938089532,0.002248610999999956,0.002402770545230257,False,increase
Pennsylvania,unemployment_rate,0.064,0.042499999999999996,-0.021500000000000005,-0.33593750000000006,False,decrease
Pennsylvania,mhhi,68957.0,75684.5,6727.5,0.09756079875864669,True,increase
Pennsylvania,%_at_least_bach_degree,0.345449029,0.358550704,0.01310167499999998,0.03792650695220214,False,increase
Pennsylvania,%_at_least_high_school,0.918872685,0.9227295805,0.0038568955000000127,0.0041974209952709745,False,increase
Pennsylvania,avg_years_schooling,13.68606611,13.759164585,0.07309847500000011,0.005341087381317648,True,increase
Pennsylvania,gun_deaths_per_100k,13.6,14.2,0.5999999999999996,0.044117647058823505,True,increase
Pennsylvania,white_adj_rate,152.2012406,541.10362085,388.90238024999996,2.555185350112054,True,increase
Pennsylvania,black_adj_rate,1473.886818,2640.4044139999996,1166.5175959999997,0.7914566992212557,True,increase
Pennsylvania,nat_amer_adj_rate,243.9713262,815.0654347,571.0941085,2.340824708358699,True,increase
Pennsylvania,asian_adj_rate,90.24840722,194.70977355000002,104.46136633000002,1.1574870908840846,True,increase
Pennsylvania,hispanic_adj_rate,326.780688,888.99378595,562.21309795,1.7204599861482635,True,increase
Rhode Island,total_incidents,4786.0,4672.5,-113.5,-0.023715002089427496,True,decrease
Rhode Island,white_victims,3556.0,3551.5,-4.5,-0.001265466816647919,True,decrease
Rhode Island,black_victims,1038.0,1042.0,4.0,0.0038535645472061657,True,increase
Rhode Island,nat_amer_victims,9.0,7.5,-1.5,-0.16666666666666666,False,decrease
Rhode Island,asian_victims,64.0,63.0,-1.0,-0.015625,True,decrease
Rhode Island,hispanic_victims,1161.0,1167.0,6.0,0.00516795865633075,True,increase
Rhode Island,other_race_victims,119.0,8.5,-110.5,-0.9285714285714286,True,decrease
Rhode Island,victims_age_18_29,1968.0,1727.0,-241.0,-0.12245934959349593,True,decrease
Rhode Island,victims_age_30_39,1362.0,1323.5,-38.5,-0.02826725403817915,True,decrease
Rhode Island,victims_age_40_49,763.0,811.5,48.5,0.063564875491481,True,increase
Rhode Island,victims_age_50_59,442.0,489.5,47.5,0.1074660633484163,True,increase
Rhode Island,victims_age_60_69,185.0,203.0,18.0,0.0972972972972973,True,increase
Rhode Island,victims_age_70_79,47.0,83.5,36.5,0.776595744680851,True,increase
Rhode Island,victims_age_80_plus,19.0,34.5,15.5,0.8157894736842105,True,increase
Rhode Island,involving_firearm,159.0,85.5,-73.5,-0.46226415094339623,True,decrease
Rhode Island,sex_assaults,334.0,190.5,-143.5,-0.4296407185628742,True,decrease
Rhode Island,victim_offender_nonmarried_partner,1472.0,1231.0,-241.0,-0.1637228260869565,True,decrease
Rhode Island,victim_offender_rel_spouse,379.0,353.5,-25.5,-0.06728232189973615,True,decrease
Rhode Island,dv_total,2330.0,2097.5,-232.5,-0.09978540772532189,True,decrease
Rhode Island,firearm_nonmarried,25.0,8.0,-17.0,-0.68,True,decrease
Rhode Island,near_school,33.0,67.5,34.5,1.0454545454545454,True,increase
Rhode Island,on_tribal_lands,0.0,1.0,1.0,,False,increase
Rhode Island,fem_pop,454241.6,459683.0,5441.400000000023,0.011979087780599628,True,increase
Rhode Island,white_pop,0.688706748,0.6690489175000001,-0.019657830499999918,-0.028543107145510237,False,decrease
Rhode Island,black_pop,0.045137412,0.048097457999999996,0.002960045999999994,0.06557854934172995,False,increase
Rhode Island,nat_amer_pop,0.001972417,0.0013486560000000002,-0.000623761,-0.3162419508653596,False,decrease
Rhode Island,asian_pop,0.030947144,0.0348550185,0.003907874500000002,0.12627577200661882,False,increase
Rhode Island,hispanic_pop,0.171390367,0.18399815800000002,0.012607791000000035,0.07356184143067991,False,increase
Rhode Island,other_race_pop,0.061845912,0.0626517915,0.0008058794999999952,0.013030440880231423,False,increase
Rhode Island,diversity_index,0.489484439,0.5109791315000001,0.02149469250000008,0.04391292304187035,False,increase
Rhode Island,%_fem_age_18-29,0.201156453,0.1959122935,-0.005244159500000012,-0.026070053541856854,False,decrease
Rhode Island,%_fem_age_30-39,0.167302756,0.170519432,0.0032166760000000016,0.019226676696228493,False,increase
Rhode Island,%_fem_age_40-49,0.146730167,0.150000342,0.003270175000000014,0.02228699841935036,False,increase
Rhode Island,fem_age_50-59,0.163216855,0.155898572,-0.007318282999999981,-0.044837789577553015,False,decrease
Rhode Island,fem_age_60-69,0.166623665,0.165148868,-0.001474797,-0.008851065663451826,False,decrease
Rhode Island,fem_age_70-79,0.102078245,0.1057404905,0.003662245500000008,0.03587684623692353,False,increase
Rhode Island,fem_age_80+,0.052891859,0.056780002499999996,0.0038881434999999964,0.07351119006802155,False,increase
Rhode Island,age_coef_variation,0.518150163,0.5369893644999999,0.018839201499999847,0.0363585748789967,False,increase
Rhode Island,fem_poverty_rate,0.128,0.1325,0.004500000000000004,0.03515625000000003,False,increase
Rhode Island,male_poverty_rate,0.099,0.097,-0.0020000000000000018,-0.020202020202020218,False,decrease
Rhode Island,poverty_gender_disparity_score,1.292929293,1.370626003,0.07769670999999989,0.060093549137338546,False,increase
Rhode Island,fem_labor_force_part,0.613852959,0.602847043,-0.011005916000000004,-0.017929238327578062,False,decrease
Rhode Island,all_labor_force_part,0.651477984,0.650747462,-0.0007305220000000112,-0.0011213302950234634,False,decrease
Rhode Island,labor_force_ratio,0.942246668,0.926394097,-0.015852571000000037,-0.016824226116552356,False,decrease
Rhode Island,unemployment_rate,0.077,0.049,-0.027999999999999997,-0.3636363636363636,False,decrease
Rhode Island,mhhi,74008.0,84238.0,10230.0,0.13822829964328182,True,increase
Rhode Island,%_at_least_bach_degree,0.365015049,0.3902486365,0.025233587500000043,0.06913026618801145,False,increase
Rhode Island,%_at_least_high_school,0.891376974,0.8999307255,0.008553751499999929,0.009596110006763456,False,increase
Rhode Island,avg_years_schooling,13.62397216,13.682081105,0.058108945000000745,0.004265198454427901,True,increase
Rhode Island,gun_deaths_per_100k,5.1,3.95,-1.1499999999999995,-0.2254901960784313,False,decrease
Rhode Island,white_adj_rate,1136.685995,1154.7480315,18.062036499999977,0.015890084490748014,True,increase
Rhode Island,black_adj_rate,5062.602087,4713.3640305,-349.2380565000003,-0.06898390402769182,True,decrease
Rhode Island,nat_amer_adj_rate,1004.516021,1233.3853705000001,228.8693495000001,0.22784041739041622,True,increase
Rhode Island,asian_adj_rate,455.273627,396.09869990000004,-59.174927099999934,-0.12997661975267444,True,decrease
Rhode Island,hispanic_adj_rate,1491.279013,1379.9411425,-111.33787050000001,-0.074659315613932,True,decrease
South Carolina,total_incidents,52804.0,53357.0,553.0,0.010472691462767972,True,increase
South Carolina,white_victims,27019.0,26262.5,-756.5,-0.02799881564824753,True,decrease
South Carolina,black_victims,25192.0,26198.5,1006.5,0.03995315973324865,True,increase
South Carolina,nat_amer_victims,96.0,127.5,31.5,0.328125,True,increase
South Carolina,asian_victims,160.0,240.5,80.5,0.503125,True,increase
South Carolina,hispanic_victims,2063.0,2815.5,752.5,0.3647600581677169,True,increase
South Carolina,other_race_victims,337.0,528.0,191.0,0.5667655786350149,True,increase
South Carolina,victims_age_18_29,20445.0,19449.0,-996.0,-0.04871606749816581,True,decrease
South Carolina,victims_age_30_39,14883.0,15034.5,151.5,0.010179399314654303,True,increase
South Carolina,victims_age_40_49,9018.0,9366.5,348.5,0.03864493235750721,True,increase
South Carolina,victims_age_50_59,5246.0,5497.5,251.5,0.04794128860083873,True,increase
South Carolina,victims_age_60_69,2209.0,2745.5,536.5,0.2428700769578995,True,increase
South Carolina,victims_age_70_79,720.0,972.5,252.5,0.3506944444444444,True,increase
South Carolina,victims_age_80_plus,283.0,291.5,8.5,0.030035335689045935,True,increase
South Carolina,involving_firearm,5860.0,5548.5,-311.5,-0.053156996587030714,True,decrease
South Carolina,sex_assaults,1510.0,1162.0,-348.0,-0.2304635761589404,True,decrease
South Carolina,victim_offender_nonmarried_partner,16109.0,15222.5,-886.5,-0.05503134893537774,True,decrease
South Carolina,victim_offender_rel_spouse,4391.0,4133.0,-258.0,-0.058756547483488956,True,decrease
South Carolina,dv_total,25389.0,24381.0,-1008.0,-0.03970223325062035,True,decrease
South Carolina,firearm_nonmarried,908.0,796.5,-111.5,-0.12279735682819383,True,decrease
South Carolina,near_school,471.0,773.0,302.0,0.6411889596602972,True,increase
South Carolina,on_tribal_lands,0.0,2.0,2.0,,False,increase
South Carolina,fem_pop,2116531.2,2226061.2,109530.0,0.05174976867810878,True,increase
South Carolina,white_pop,0.625966608,0.617642841,-0.008323767000000037,-0.01329746170741433,False,decrease
South Carolina,black_pop,0.24881938,0.2377062035,-0.011113176500000016,-0.04466362909512923,False,decrease
South Carolina,nat_amer_pop,0.002201435,0.0018759705,-0.00032546449999999987,-0.1478419758021472,False,decrease
South Carolina,asian_pop,0.016145206,0.018473524999999998,0.002328318999999999,0.14421116707956522,False,increase
South Carolina,hispanic_pop,0.063464212,0.07684265800000001,0.013378446000000002,0.21080299555283222,False,increase
South Carolina,other_race_pop,0.04340316,0.047458801999999994,0.004055641999999991,0.09344116879969087,False,increase
South Carolina,diversity_index,0.540077668,0.553479202,0.013401533999999993,0.024814086554676786,False,increase
South Carolina,%_fem_age_18-29,0.193136601,0.1912934875,-0.0018431134999999932,-0.009543056522983923,False,decrease
South Carolina,%_fem_age_30-39,0.16470802,0.16382220749999998,-0.0008858125000000272,-0.005378077521665473,False,decrease
South Carolina,%_fem_age_40-49,0.153214057,0.154803205,0.0015891480000000124,0.010372077021627412,False,increase
South Carolina,fem_age_50-59,0.162644124,0.154039085,-0.008605039000000009,-0.052907161896608136,False,decrease
South Carolina,fem_age_60-69,0.165306453,0.16692153399999998,0.0016150809999999904,0.009770223549591199,False,increase
South Carolina,fem_age_70-79,0.115668423,0.11955054,0.0038821169999999905,0.03356246155443816,False,increase
South Carolina,fem_age_80+,0.045322321,0.049569941,0.0042476200000000006,0.09372026644443035,False,increase
South Carolina,age_coef_variation,0.391829678,0.4145916355,0.022761957499999985,0.05809145855460184,False,increase
South Carolina,fem_poverty_rate,0.157,0.1485,-0.008500000000000008,-0.05414012738853508,False,decrease
South Carolina,male_poverty_rate,0.135,0.1225,-0.012500000000000011,-0.09259259259259267,False,decrease
South Carolina,poverty_gender_disparity_score,1.162962963,1.2119768065,0.04901384350000004,0.04214566160693807,False,increase
South Carolina,fem_labor_force_part,0.552919365,0.5688204255,0.015901060499999953,0.028758371485144044,False,increase
South Carolina,all_labor_force_part,0.596096844,0.6119327585,0.015835914499999992,0.02656600963315953,False,increase
South Carolina,labor_force_ratio,0.927566334,0.9295500365,0.0019837025000000175,0.0021386098517025493,False,increase
South Carolina,unemployment_rate,0.056,0.044,-0.012000000000000004,-0.21428571428571436,False,decrease
South Carolina,mhhi,59318.0,70077.0,10759.0,0.1813783337266934,True,increase
South Carolina,%_at_least_bach_degree,0.315316983,0.3312481585,0.015931175500000005,0.05052431793691241,False,increase
South Carolina,%_at_least_high_school,0.896065694,0.9057875225,0.00972182850000003,0.010849459548665669,False,increase
South Carolina,avg_years_schooling,13.51375946,13.600924945,0.08716548499999988,0.006450128497403333,True,increase
South Carolina,gun_deaths_per_100k,22.0,20.200000000000003,-1.7999999999999972,-0.08181818181818169,True,decrease
South Carolina,white_adj_rate,2039.357808,1910.4502794999999,-128.90752850000013,-0.06320986341598381,True,decrease
South Carolina,black_adj_rate,4783.588016,4951.500196000001,167.91218000000117,0.035101722689824796,True,increase
South Carolina,nat_amer_adj_rate,2060.348526,3120.1434535,1059.7949274999996,0.5143765310219168,True,increase
South Carolina,asian_adj_rate,468.2218938,584.7659232999999,116.54402949999997,0.24890768894668883,True,increase
South Carolina,hispanic_adj_rate,1535.838892,1646.228636,110.38974400000006,0.07187586183356012,True,increase
South Dakota,total_incidents,6240.0,6273.5,33.5,0.005368589743589744,True,increase
South Dakota,white_victims,2686.0,2786.0,100.0,0.03723008190618019,True,increase
South Dakota,black_victims,241.0,277.0,36.0,0.14937759336099585,True,increase
South Dakota,nat_amer_victims,2848.0,2753.5,-94.5,-0.0331811797752809,True,decrease
South Dakota,asian_victims,24.0,33.0,9.0,0.375,True,increase
South Dakota,hispanic_victims,220.0,306.5,86.5,0.3931818181818182,True,increase
South Dakota,other_race_victims,441.0,424.0,-17.0,-0.03854875283446712,True,decrease
South Dakota,victims_age_18_29,2437.0,2433.5,-3.5,-0.001436192039392696,True,decrease
South Dakota,victims_age_30_39,1952.0,1832.5,-119.5,-0.06121926229508197,True,decrease
South Dakota,victims_age_40_49,1103.0,1141.5,38.5,0.034904805077062555,True,increase
South Dakota,victims_age_50_59,469.0,550.0,81.0,0.17270788912579957,True,increase
South Dakota,victims_age_60_69,192.0,229.5,37.5,0.1953125,True,increase
South Dakota,victims_age_70_79,54.0,60.0,6.0,0.1111111111111111,True,increase
South Dakota,victims_age_80_plus,33.0,26.5,-6.5,-0.19696969696969696,True,decrease
South Dakota,involving_firearm,201.0,168.0,-33.0,-0.16417910447761194,True,decrease
South Dakota,sex_assaults,455.0,262.5,-192.5,-0.4230769230769231,True,decrease
South Dakota,victim_offender_nonmarried_partner,2321.0,2194.0,-127.0,-0.05471779405428694,True,decrease
South Dakota,victim_offender_rel_spouse,554.0,576.0,22.0,0.039711191335740074,True,increase
South Dakota,dv_total,3775.0,3703.5,-71.5,-0.018940397350993378,True,decrease
South Dakota,firearm_nonmarried,30.0,46.5,16.5,0.55,True,increase
South Dakota,near_school,46.0,54.0,8.0,0.17391304347826086,True,increase
South Dakota,on_tribal_lands,13.0,27.5,14.5,1.1153846153846154,True,increase
South Dakota,fem_pop,334373.8,346677.4,12303.600000000035,0.036795945136849945,True,increase
South Dakota,white_pop,0.800028145,0.791824155,-0.008203989999999939,-0.0102546267294133,False,decrease
South Dakota,black_pop,0.01902776,0.0205772605,0.0015495004999999985,0.0814336790037292,False,increase
South Dakota,nat_amer_pop,0.078656341,0.07220169900000001,-0.0064546419999999965,-0.08206130514003945,False,decrease
South Dakota,asian_pop,0.015979879,0.015995887,1.6008000000001382e-05,0.0010017597755277987,False,increase
South Dakota,hispanic_pop,0.042200148,0.049605193500000005,0.007405045500000006,0.1754743964405055,False,increase
South Dakota,other_race_pop,0.044107727,0.049795805,0.005688077999999999,0.12895876498011333,False,increase
South Dakota,diversity_index,0.349424392,0.36214342899999996,0.012719036999999989,0.036399968895130794,False,increase
South Dakota,%_fem_age_18-29,0.203245565,0.20336416,0.00011859499999999912,0.0005835059672765756,False,increase
South Dakota,%_fem_age_30-39,0.175165648,0.1688284665,-0.006337181500000011,-0.036178220857550854,False,decrease
South Dakota,%_fem_age_40-49,0.144369966,0.1546613855,0.01029141950000001,0.07128504484097482,False,increase
South Dakota,fem_age_50-59,0.1509116,0.14171787800000002,-0.009193721999999988,-0.060921241309481754,False,decrease
South Dakota,fem_age_60-69,0.170913363,0.1656751455,-0.005238217500000003,-0.030648378851453544,False,decrease
South Dakota,fem_age_70-79,0.103559308,0.1112978205,0.007738512500000003,0.07472541724593218,False,increase
South Dakota,fem_age_80+,0.051834551,0.0544551445,0.002620593499999997,0.05055688627456226,False,increase
South Dakota,age_coef_variation,0.500530101,0.4892625515,-0.011267549499999974,-0.02251123254623197,False,decrease
South Dakota,fem_poverty_rate,0.133,0.1255,-0.007500000000000007,-0.05639097744360907,False,decrease
South Dakota,male_poverty_rate,0.113,0.0965,-0.0165,-0.14601769911504425,False,decrease
South Dakota,poverty_gender_disparity_score,1.17699115,1.31324712,0.1362559699999999,0.11576635049464891,False,increase
South Dakota,fem_labor_force_part,0.630052562,0.6401652085,0.010112646499999989,0.016050480721638567,False,increase
South Dakota,all_labor_force_part,0.666201834,0.676153505,0.00995167100000005,0.014937921951142588,False,increase
South Dakota,labor_force_ratio,0.945738259,0.9467926325,0.0010543735000000387,0.0011148681889161457,False,increase
South Dakota,unemployment_rate,0.028,0.027,-0.0010000000000000009,-0.03571428571428575,False,decrease
South Dakota,mhhi,66143.0,74345.5,8202.5,0.12401161120602332,True,increase
South Dakota,%_at_least_bach_degree,0.31665529,0.3374082335,0.02075294350000001,0.0655379655902796,False,increase
South Dakota,%_at_least_high_school,0.93053083,0.937400375,0.006869544999999921,0.007382393767651869,False,increase
South Dakota,avg_years_schooling,13.64915977,13.771312975,0.12215320500000004,0.008949503636735585,True,increase
South Dakota,gun_deaths_per_100k,13.6,14.200000000000001,0.6000000000000014,0.044117647058823636,True,increase
South Dakota,white_adj_rate,1004.080428,1014.9244865000001,10.844058500000074,0.010799989918735946,True,increase
South Dakota,black_adj_rate,3787.888065,3964.342845,176.45478000000003,0.046583947828458344,True,increase
South Dakota,nat_amer_adj_rate,10828.64221,10998.569169999999,169.92695999999887,0.015692360750738932,True,increase
South Dakota,asian_adj_rate,449.1645933,607.3552780499999,158.19068474999995,0.3521886789601498,True,increase
South Dakota,hispanic_adj_rate,1559.108955,1785.758785,226.64983000000007,0.1453713861838476,True,increase
Tennessee,total_incidents,78047.0,74203.0,-3844.0,-0.04925237356977206,True,decrease
Tennessee,white_victims,42095.0,39016.5,-3078.5,-0.07313220097398741,True,decrease
Tennessee,black_victims,35022.0,34257.0,-765.0,-0.021843412712009593,True,decrease
Tennessee,nat_amer_victims,132.0,138.5,6.5,0.04924242424242424,True,increase
Tennessee,asian_victims,383.0,419.0,36.0,0.09399477806788512,True,increase
Tennessee,hispanic_victims,3711.0,5219.0,1508.0,0.4063594718404743,True,increase
Tennessee,other_race_victims,415.0,372.0,-43.0,-0.10361445783132531,True,decrease
Tennessee,victims_age_18_29,32164.0,29361.5,-2802.5,-0.08713157567466732,True,decrease
Tennessee,victims_age_30_39,21503.0,20453.5,-1049.5,-0.04880714318932242,True,decrease
Tennessee,victims_age_40_49,12845.0,12520.0,-325.0,-0.0253016738030362,True,decrease
Tennessee,victims_age_50_59,7095.0,6901.0,-194.0,-0.027343199436222692,True,decrease
Tennessee,victims_age_60_69,3226.0,3459.0,233.0,0.0722256664600124,True,increase
Tennessee,victims_age_70_79,976.0,1182.0,206.0,0.21106557377049182,True,increase
Tennessee,victims_age_80_plus,238.0,326.0,88.0,0.3697478991596639,True,increase
Tennessee,involving_firearm,11393.0,10801.0,-592.0,-0.051961730887386995,True,decrease
Tennessee,sex_assaults,2534.0,1842.0,-692.0,-0.27308602999210735,True,decrease
Tennessee,victim_offender_nonmarried_partner,19052.0,14698.0,-4354.0,-0.22853243753936595,True,decrease
Tennessee,victim_offender_rel_spouse,6483.0,5764.0,-719.0,-0.11090544501002622,True,decrease
Tennessee,dv_total,34028.0,28944.0,-5084.0,-0.14940637122369813,True,decrease
Tennessee,firearm_nonmarried,1128.0,835.5,-292.5,-0.25930851063829785,True,decrease
Tennessee,near_school,433.0,801.5,368.5,0.851039260969977,True,increase
Tennessee,on_tribal_lands,3.0,0.0,-3.0,-1.0,False,decrease
Tennessee,fem_pop,2807510.8,2898468.8,90958.0,0.03239809442585226,True,increase
Tennessee,white_pop,0.721112802,0.707766774,-0.013346028000000065,-0.018507545508809405,False,decrease
Tennessee,black_pop,0.153752184,0.15028350000000001,-0.003468683999999972,-0.02256022587620591,False,decrease
Tennessee,nat_amer_pop,0.001245552,0.001059731,-0.00018582100000000008,-0.14918766940280298,False,decrease
Tennessee,asian_pop,0.016817539,0.018986747499999998,0.0021692084999999986,0.12898489487671166,False,increase
Tennessee,hispanic_pop,0.060269227,0.0766535645,0.01638433749999999,0.2718524579716277,False,increase
Tennessee,other_race_pop,0.046802695,0.045249683,-0.0015530119999999994,-0.033182106286828134,False,decrease
Tennessee,diversity_index,0.450249339,0.46817926899999995,0.017929929999999927,0.03982222392557455,False,increase
Tennessee,%_fem_age_18-29,0.201846067,0.2016949595,-0.00015110749999999729,-0.0007486274181403658,False,decrease
Tennessee,%_fem_age_30-39,0.170814512,0.17389380399999999,0.0030792919999999835,0.018027110015102134,False,increase
Tennessee,%_fem_age_40-49,0.158146526,0.15901354,0.0008670139999999993,0.00548234616295017,False,increase
Tennessee,fem_age_50-59,0.164296342,0.1587322235,-0.00556411850000002,-0.033866356561973975,False,decrease
Tennessee,fem_age_60-69,0.160122904,0.1549739945,-0.005148909500000021,-0.032155983756077894,False,decrease
Tennessee,fem_age_70-79,0.100136767,0.10520918800000001,0.0050724210000000075,0.05065493077083273,False,increase
Tennessee,fem_age_80+,0.044636882,0.04648229,0.0018454079999999998,0.041342672635602096,False,increase
Tennessee,age_coef_variation,0.44575917,0.4417907245,-0.003968445499999973,-0.008902667106096714,False,decrease
Tennessee,fem_poverty_rate,0.149,0.152,0.0030000000000000027,0.020134228187919483,False,increase
Tennessee,male_poverty_rate,0.123,0.123,0.0,0.0,False,decrease
Tennessee,poverty_gender_disparity_score,1.211382114,1.2359126985,0.024530584499999897,0.02025007981915762,False,increase
Tennessee,fem_labor_force_part,0.563309201,0.5827604285000001,0.019451227500000057,0.03453028543732247,False,increase
Tennessee,all_labor_force_part,0.612426532,0.6297446055,0.01731807350000003,0.02827779757262383,False,increase
Tennessee,labor_force_ratio,0.919798819,0.9253880065,0.005589187499999926,0.006076532590111888,False,increase
Tennessee,unemployment_rate,0.053,0.041,-0.011999999999999997,-0.2264150943396226,False,decrease
Tennessee,mhhi,59695.0,69814.0,10119.0,0.16951168439567804,True,increase
Tennessee,%_at_least_bach_degree,0.304802356,0.32050369349999996,0.015701337499999968,0.05151317629578942,False,increase
Tennessee,%_at_least_high_school,0.897384025,0.9035074515,0.006123426499999973,0.0068236410827571545,False,increase
Tennessee,avg_years_schooling,13.39789467,13.492366985,0.09447231500000086,0.007051280617359926,True,increase
Tennessee,gun_deaths_per_100k,21.3,21.45,0.14999999999999858,0.007042253521126694,True,increase
Tennessee,white_adj_rate,2079.24599,1902.0858389999999,-177.16015100000004,-0.0852040363920577,True,decrease
Tennessee,black_adj_rate,8113.312698,7865.160498,-248.15219999999954,-0.030585804989516942,True,decrease
Tennessee,nat_amer_adj_rate,3774.771194,4524.2430265,749.4718325000003,0.1985476189103292,True,increase
Tennessee,asian_adj_rate,811.1756302,761.6887155500001,-49.4869146499999,-0.06100641193794076,True,decrease
Tennessee,hispanic_adj_rate,2193.178084,2345.7578249999997,152.57974099999956,0.06957015579953221,True,increase
Texas,total_incidents,236100.0,229994.0,-6106.0,-0.025861922914019484,True,decrease
Texas,white_victims,159029.0,155859.0,-3170.0,-0.019933471253670714,True,decrease
Texas,black_victims,71288.0,68014.0,-3274.0,-0.04592638312198406,True,decrease
Texas,nat_amer_victims,347.0,455.0,108.0,0.3112391930835735,True,increase
Texas,asian_victims,3092.0,3701.5,609.5,0.19712160413971538,True,increase
Texas,hispanic_victims,90501.0,94588.0,4087.0,0.045159721992022187,True,increase
Texas,other_race_victims,2344.0,1964.5,-379.5,-0.16190273037542663,True,decrease
Texas,victims_age_18_29,97079.0,88729.5,-8349.5,-0.0860072724276105,True,decrease
Texas,victims_age_30_39,67643.0,66722.5,-920.5,-0.013608207796815635,True,decrease
Texas,victims_age_40_49,39589.0,40788.5,1199.5,0.03029882037939832,True,increase
Texas,victims_age_50_59,20248.0,20211.0,-37.0,-0.0018273409719478466,True,decrease
Texas,victims_age_60_69,8152.0,9536.5,1384.5,0.16983562315996076,True,increase
Texas,victims_age_70_79,2516.0,3065.0,549.0,0.2182034976152623,True,increase
Texas,victims_age_80_plus,873.0,941.0,68.0,0.07789232531500573,True,increase
Texas,involving_firearm,22273.0,18929.5,-3343.5,-0.15011448839401967,True,decrease
Texas,sex_assaults,9700.0,7957.0,-1743.0,-0.17969072164948455,True,decrease
Texas,victim_offender_nonmarried_partner,56749.0,50434.5,-6314.5,-0.11127068318384464,True,decrease
Texas,victim_offender_rel_spouse,25793.0,24968.5,-824.5,-0.03196603729694103,True,decrease
Texas,dv_total,112164.0,107264.0,-4900.0,-0.04368603116864591,True,decrease
Texas,firearm_nonmarried,2190.0,1840.0,-350.0,-0.1598173515981735,True,decrease
Texas,near_school,2265.0,4191.5,1926.5,0.850551876379691,True,increase
Texas,on_tribal_lands,9.0,9.0,0.0,0.0,False,decrease
Texas,fem_pop,11160355.4,11789285.6,628930.1999999993,0.05635395804689152,True,increase
Texas,white_pop,0.393770124,0.3825967305,-0.011173393500000017,-0.02837542215366247,False,decrease
Texas,black_pop,0.116160588,0.1198682825,0.003707694500000011,0.03191869603828117,False,increase
Texas,nat_amer_pop,0.001562791,0.0015857415,2.295050000000005e-05,0.014685584956657704,False,increase
Texas,asian_pop,0.051402365,0.058201119499999995,0.006798754499999997,0.13226540257437566,False,increase
Texas,hispanic_pop,0.401564979,0.400297942,-0.0012670369999999709,-0.0031552477587941524,False,decrease
Texas,other_race_pop,0.035539153,0.037450184,0.0019110310000000005,0.05377255333012581,False,increase
Texas,diversity_index,0.666289698,0.674186298,0.00789659999999992,0.011851601523636224,False,increase
Texas,%_fem_age_18-29,0.224024759,0.22277229799999998,-0.0012524610000000103,-0.005590725800088955,False,decrease
Texas,%_fem_age_30-39,0.194014553,0.19292420700000001,-0.001090345999999992,-0.005619918625382664,False,decrease
Texas,%_fem_age_40-49,0.174475266,0.17683135649999998,0.002356090499999991,0.013503865355906614,False,increase
Texas,fem_age_50-59,0.157602717,0.1508912475,-0.006711469500000011,-0.042584732216260024,False,decrease
Texas,fem_age_60-69,0.133964419,0.1345068735,0.0005424545000000114,0.004049243105365249,False,increase
Texas,fem_age_70-79,0.08022906,0.08442894949999999,0.004199889499999984,0.052348731245261806,False,increase
Texas,fem_age_80+,0.035689226,0.037645068,0.0019558419999999993,0.054802029049327086,False,increase
Texas,age_coef_variation,0.444841639,0.4458687865,0.0010271474999999919,0.0023090183336007173,False,increase
Texas,fem_poverty_rate,0.155,0.149,-0.006000000000000005,-0.038709677419354875,False,decrease
Texas,male_poverty_rate,0.13,0.1215,-0.008500000000000008,-0.06538461538461544,False,decrease
Texas,poverty_gender_disparity_score,1.192307692,1.226422764,0.03411507200000008,0.02861264103964204,False,increase
Texas,fem_labor_force_part,0.583768676,0.60113306,0.017364383999999955,0.0297453164479143,False,increase
Texas,all_labor_force_part,0.646478117,0.65852283,0.012044712999999985,0.018631277197585304,False,increase
Texas,labor_force_ratio,0.902998355,0.912852071,0.009853715999999957,0.01091221921439708,False,increase
Texas,unemployment_rate,0.062,0.046,-0.016,-0.25806451612903225,False,decrease
Texas,mhhi,66963.0,77750.5,10787.5,0.1610964263847199,True,increase
Texas,%_at_least_bach_degree,0.331159445,0.347027225,0.015867779999999998,0.04791583099796534,False,increase
Texas,%_at_least_high_school,0.853890789,0.8651243775,0.011233588500000002,0.01315576727693218,False,increase
Texas,avg_years_schooling,13.15444651,13.286609474999999,0.13216296499999913,0.010047018314265747,True,increase
Texas,gun_deaths_per_100k,14.2,15.3,1.1000000000000014,0.07746478873239447,True,increase
Texas,white_adj_rate,3618.724667,3456.0301425,-162.69452450000017,-0.04495907798226534,True,decrease
Texas,black_adj_rate,5498.947888,4813.2842545,-685.6636334999994,-0.12468996751110863,True,decrease
Texas,nat_amer_adj_rate,1989.530257,2444.9243485,455.3940915000003,0.22889528314421625,True,increase
Texas,asian_adj_rate,538.9870854,540.6043204499999,1.6172350499999766,0.0030005079784050366,True,increase
Texas,hispanic_adj_rate,2019.386845,2004.045728,-15.34111699999994,-0.007596918360632353,True,decrease
Utah,total_incidents,14857.0,15608.5,751.5,0.05058221713670324,True,increase
Utah,white_victims,12410.0,13305.0,895.0,0.07211925866236905,True,increase
Utah,black_victims,628.0,663.0,35.0,0.05573248407643312,True,increase
Utah,nat_amer_victims,430.0,375.5,-54.5,-0.12674418604651164,True,decrease
Utah,asian_victims,373.0,342.5,-30.5,-0.08176943699731903,True,decrease
Utah,hispanic_victims,1927.0,2880.0,953.0,0.4945511157239232,True,increase
Utah,other_race_victims,1016.0,922.5,-93.5,-0.09202755905511811,True,decrease
Utah,victims_age_18_29,6143.0,6201.5,58.5,0.009523034348038417,True,increase
Utah,victims_age_30_39,4083.0,4298.5,215.5,0.052779818760715164,True,increase
Utah,victims_age_40_49,2509.0,2871.5,362.5,0.14447987245914706,True,increase
Utah,victims_age_50_59,1330.0,1373.5,43.5,0.03270676691729323,True,increase
Utah,victims_age_60_69,591.0,586.0,-5.0,-0.008460236886632826,True,decrease
Utah,victims_age_70_79,141.0,208.0,67.0,0.475177304964539,True,increase
Utah,victims_age_80_plus,60.0,69.5,9.5,0.15833333333333333,True,increase
Utah,involving_firearm,447.0,420.0,-27.0,-0.06040268456375839,True,decrease
Utah,sex_assaults,2101.0,1335.0,-766.0,-0.364588291289862,True,decrease
Utah,victim_offender_nonmarried_partner,3214.0,2997.5,-216.5,-0.06736154324828873,True,decrease
Utah,victim_offender_rel_spouse,1777.0,1837.0,60.0,0.03376477208778841,True,increase
Utah,dv_total,6685.0,6640.0,-45.0,-0.006731488406881077,True,decrease
Utah,firearm_nonmarried,57.0,46.0,-11.0,-0.19298245614035087,True,decrease
Utah,near_school,114.0,245.5,131.5,1.1535087719298245,True,increase
Utah,on_tribal_lands,0.0,2.5,2.5,,False,increase
Utah,fem_pop,1189517.2,1254952.5,65435.30000000005,0.055009965387637985,True,increase
Utah,white_pop,0.760167766,0.7382408815,-0.02192688450000002,-0.028844796478781527,False,decrease
Utah,black_pop,0.009957534,0.010928269000000001,0.0009707350000000003,0.09748749037663344,False,increase
Utah,nat_amer_pop,0.005840667,0.006469601,0.0006289340000000003,0.10768187948396994,False,increase
Utah,asian_pop,0.024602042,0.025428698,0.0008266559999999985,0.033601113273442854,False,increase
Utah,hispanic_pop,0.147885769,0.16455918749999998,0.01667341849999998,0.11274525339892563,False,increase
Utah,other_race_pop,0.051546222,0.054373361999999995,0.002827139999999992,0.05484669662114115,False,increase
Utah,diversity_index,0.396879227,0.42407936150000003,0.02720013450000003,0.06853504202173834,False,increase
Utah,%_fem_age_18-29,0.2668249,0.269159268,0.002334368000000031,0.008748688746814975,False,increase
Utah,%_fem_age_30-39,0.197017504,0.190493946,-0.006523558000000013,-0.03311156555916987,False,decrease
Utah,%_fem_age_40-49,0.173898503,0.178641059,0.004742555999999981,0.02727197714864734,False,increase
Utah,fem_age_50-59,0.135367112,0.132636996,-0.0027301160000000047,-0.0201682370234803,False,decrease
Utah,fem_age_60-69,0.121316404,0.11741224,-0.0039041640000000016,-0.032181666050701614,False,decrease
Utah,fem_age_70-79,0.072630542,0.07668182800000001,0.004051286000000001,0.055779371713899656,False,increase
Utah,fem_age_80+,0.032945035,0.034974664,0.002029629000000005,0.06160652128613629,False,increase
Utah,age_coef_variation,0.453597539,0.45617161900000003,0.002574080000000034,0.005674810330044657,False,increase
Utah,fem_poverty_rate,0.093,0.0915,-0.0015000000000000013,-0.01612903225806453,False,decrease
Utah,male_poverty_rate,0.078,0.08249999999999999,0.00449999999999999,0.057692307692307564,False,increase
Utah,poverty_gender_disparity_score,1.192307692,1.109287607,-0.08302008500000002,-0.0696297487276464,False,decrease
Utah,fem_labor_force_part,0.611399996,0.632911577,0.021511581000000057,0.03518413663843083,False,increase
Utah,all_labor_force_part,0.686526562,0.6998028844999999,0.013276322499999993,0.019338395970176597,False,increase
Utah,labor_force_ratio,0.890570052,0.9044067705000001,0.013836718500000122,0.015536923197592685,False,increase
Utah,unemployment_rate,0.035,0.035500000000000004,0.0005000000000000004,0.014285714285714297,False,increase
Utah,mhhi,79449.0,95039.5,15590.5,0.19623280343364927,True,increase
Utah,%_at_least_bach_degree,0.368074333,0.3875227725,0.019448439500000025,0.05283834746499432,False,increase
Utah,%_at_least_high_school,0.931742101,0.9335080885,0.0017659875000000103,0.001895360849428881,False,increase
Utah,avg_years_schooling,13.8446343,13.923278114999999,0.0786438149999995,0.005680454484810734,True,increase
Utah,gun_deaths_per_100k,13.6,14.4,0.8000000000000007,0.05882352941176476,True,increase
Utah,white_adj_rate,1372.434433,1436.3387505,63.90431750000016,0.04656274716185306,True,increase
Utah,black_adj_rate,5301.968212,4844.9741795,-456.9940324999998,-0.08619328034930131,True,decrease
Utah,nat_amer_adj_rate,6189.210923,4624.7546685,-1564.4562545,-0.25277152030580424,True,decrease
Utah,asian_adj_rate,1274.579561,1081.43390215,-193.14565885000002,-0.15153676142308703,True,decrease
Utah,hispanic_adj_rate,1095.429934,1395.544648,300.11471400000005,0.2739697945847809,True,increase
Vermont,total_incidents,1805.0,1878.0,73.0,0.04044321329639889,True,increase
Vermont,white_victims,1735.0,1733.0,-2.0,-0.0011527377521613833,True,decrease
Vermont,black_victims,47.0,84.0,37.0,0.7872340425531915,True,increase
Vermont,nat_amer_victims,2.0,4.5,2.5,1.25,False,increase
Vermont,asian_victims,8.0,23.0,15.0,1.875,False,increase
Vermont,hispanic_victims,16.0,26.0,10.0,0.625,True,increase
Vermont,other_race_victims,13.0,33.5,20.5,1.5769230769230769,True,increase
Vermont,victims_age_18_29,650.0,589.0,-61.0,-0.09384615384615384,True,decrease
Vermont,victims_age_30_39,569.0,600.0,31.0,0.054481546572934976,True,increase
Vermont,victims_age_40_49,301.0,355.5,54.5,0.18106312292358803,True,increase
Vermont,victims_age_50_59,177.0,186.5,9.5,0.05367231638418079,True,increase
Vermont,victims_age_60_69,73.0,102.5,29.5,0.4041095890410959,True,increase
Vermont,victims_age_70_79,29.0,34.5,5.5,0.1896551724137931,True,increase
Vermont,victims_age_80_plus,6.0,10.0,4.0,0.6666666666666666,False,increase
Vermont,involving_firearm,65.0,65.0,0.0,0.0,True,decrease
Vermont,sex_assaults,146.0,95.5,-50.5,-0.3458904109589041,True,decrease
Vermont,victim_offender_nonmarried_partner,519.0,418.5,-100.5,-0.1936416184971098,True,decrease
Vermont,victim_offender_rel_spouse,157.0,209.0,52.0,0.33121019108280253,True,increase
Vermont,dv_total,865.0,855.5,-9.5,-0.010982658959537572,True,decrease
Vermont,firearm_nonmarried,21.0,13.5,-7.5,-0.35714285714285715,True,decrease
Vermont,near_school,14.0,16.5,2.5,0.17857142857142858,True,increase
Vermont,on_tribal_lands,0.0,0.0,0.0,,False,decrease
Vermont,fem_pop,267146.2,268749.8,1603.5999999999767,0.006002705634592507,True,increase
Vermont,white_pop,0.906271977,0.8930463735,-0.013225603499999905,-0.014593415481939707,False,decrease
Vermont,black_pop,0.010448131,0.0103702485,-7.788249999999934e-05,-0.00745420401026742,False,decrease
Vermont,nat_amer_pop,0.001696175,0.0015758249999999999,-0.00012035000000000019,-0.07095376361519312,False,decrease
Vermont,asian_pop,0.017527147,0.0185780945,0.0010509474999999997,0.059961127729458746,False,increase
Vermont,hispanic_pop,0.020456341,0.0258712365,0.005414895499999999,0.26470498805235987,False,increase
Vermont,other_race_pop,0.043600229,0.0505582215,0.006957992500000003,0.15958614575166574,False,increase
Vermont,diversity_index,0.175932421,0.198780724,0.022848302999999986,0.12986976971117783,False,increase
Vermont,%_fem_age_18-29,0.19127173,0.1777939135,-0.01347781649999999,-0.07046423692617822,False,decrease
Vermont,%_fem_age_30-39,0.1514728,0.1533336085,0.0018608085000000052,0.012284769938893355,False,increase
Vermont,%_fem_age_40-49,0.138384204,0.1461466945,0.007762490499999997,0.05609376125038083,False,increase
Vermont,fem_age_50-59,0.170127002,0.152089101,-0.018037900999999995,-0.10602609102580904,False,decrease
Vermont,fem_age_60-69,0.181941773,0.182025356,8.358299999999819e-05,0.0004593942260857169,False,increase
Vermont,fem_age_70-79,0.113176184,0.12810259699999998,0.014926412999999986,0.1318865195172156,False,increase
Vermont,fem_age_80+,0.053626307,0.06050873,0.006882422999999999,0.128340424411474,False,increase
Vermont,age_coef_variation,0.473830313,0.47232919149999997,-0.0015011215000000355,-0.0031680571268137407,False,decrease
Vermont,fem_poverty_rate,0.109,0.101,-0.007999999999999993,-0.07339449541284397,False,decrease
Vermont,male_poverty_rate,0.096,0.08549999999999999,-0.01050000000000001,-0.1093750000000001,False,decrease
Vermont,poverty_gender_disparity_score,1.135416667,1.1854395604999999,0.050022893499999777,0.04405686031734091,False,increase
Vermont,fem_labor_force_part,0.616172286,0.6240608625,0.007888576500000077,0.012802549999790282,False,increase
Vermont,all_labor_force_part,0.643107288,0.64884968,0.0057423919999999296,0.008929135320263902,False,increase
Vermont,labor_force_ratio,0.958117404,0.9617903715,0.003672967500000013,0.0038335254997622532,False,increase
Vermont,unemployment_rate,0.042,0.0265,-0.015500000000000003,-0.3690476190476191,False,decrease
Vermont,mhhi,72431.0,81970.5,9539.5,0.1317046568458257,True,increase
Vermont,%_at_least_bach_degree,0.444388974,0.4438410505,-0.0005479234999999916,-0.0012329817616041742,False,decrease
Vermont,%_at_least_high_school,0.945479301,0.9510463524999999,0.00556705149999992,0.005888073376235574,False,increase
Vermont,avg_years_schooling,14.33344572,14.339900725,0.006455004999999403,0.00045034565491760924,True,increase
Vermont,gun_deaths_per_100k,11.6,12.1,0.5,0.04310344827586207,True,increase
Vermont,white_adj_rate,716.6249539,722.0852176000001,5.460263700000041,0.0076194160840818035,True,increase
Vermont,black_adj_rate,1683.876546,3104.4330680000003,1420.5565220000003,0.8436227260095114,True,increase
Vermont,nat_amer_adj_rate,441.3776488,1036.2044549500001,594.8268061500002,1.3476595558637634,True,increase
Vermont,asian_adj_rate,170.8558121,460.5202415,289.6644294,1.6953735775196377,True,increase
Vermont,hispanic_adj_rate,292.7810925,367.5580579,74.7769654,0.2554023033437516,True,increase
Virginia,total_incidents,57476.0,60219.5,2743.5,0.047732966803535386,True,increase
Virginia,white_victims,31151.0,32978.0,1827.0,0.058649802574556195,True,increase
Virginia,black_victims,24612.0,25403.5,791.5,0.032159109377539415,True,increase
Virginia,nat_amer_victims,54.0,61.0,7.0,0.12962962962962962,True,increase
Virginia,asian_victims,820.0,961.5,141.5,0.17256097560975608,True,increase
Virginia,hispanic_victims,5031.0,6662.5,1631.5,0.3242894056847545,True,increase
Virginia,other_race_victims,839.0,815.5,-23.5,-0.02800953516090584,True,decrease
Virginia,victims_age_18_29,22440.0,21949.0,-491.0,-0.021880570409982175,True,decrease
Virginia,victims_age_30_39,16440.0,17359.5,919.5,0.05593065693430657,True,increase
Virginia,victims_age_40_49,9386.0,10383.0,997.0,0.1062220328148306,True,increase
Virginia,victims_age_50_59,5585.0,6048.5,463.5,0.0829901521933751,True,increase
Virginia,victims_age_60_69,2483.0,3028.5,545.5,0.21969391864679821,True,increase
Virginia,victims_age_70_79,867.0,1058.5,191.5,0.22087658592848905,True,increase
Virginia,victims_age_80_plus,275.0,392.5,117.5,0.42727272727272725,True,increase
Virginia,involving_firearm,3030.0,2742.5,-287.5,-0.09488448844884488,True,decrease
Virginia,sex_assaults,2482.0,1570.5,-911.5,-0.3672441579371475,True,decrease
Virginia,victim_offender_nonmarried_partner,12587.0,12038.0,-549.0,-0.043616429649638515,True,decrease
Virginia,victim_offender_rel_spouse,5910.0,6061.0,151.0,0.025549915397631132,True,increase
Virginia,dv_total,25238.0,26052.5,814.5,0.03227276329344639,True,increase
Virginia,firearm_nonmarried,246.0,230.0,-16.0,-0.06504065040650407,True,decrease
Virginia,near_school,515.0,1069.5,554.5,1.0766990291262135,True,increase
Virginia,on_tribal_lands,0.0,1.5,1.5,,False,increase
Virginia,fem_pop,3444457.0,3522476.8,78019.79999999981,0.02265082711150112,True,increase
Virginia,white_pop,0.592396747,0.577556163,-0.01484058399999999,-0.02505176484367155,False,decrease
Virginia,black_pop,0.180337143,0.1799500335,-0.0003871095000000102,-0.002146587738722301,False,decrease
Virginia,nat_amer_pop,0.001383548,0.0014095890000000002,2.6041000000000085e-05,0.018821898481295975,False,increase
Virginia,asian_pop,0.067370347,0.06998945349999999,0.002619106499999996,0.038876250704185863,False,increase
Virginia,hispanic_pop,0.10174984,0.1134074735,0.0116576335,0.11457151677093547,False,increase
Virginia,other_race_pop,0.056762375,0.057687288,0.0009249130000000064,0.016294473231608198,False,increase
Virginia,diversity_index,0.598428935,0.6129401194999999,0.014511184499999885,0.024248801572403722,False,increase
Virginia,%_fem_age_18-29,0.203305202,0.19868889899999997,-0.004616303000000016,-0.022706270939392963,False,decrease
Virginia,%_fem_age_30-39,0.176220524,0.1762273335,6.809500000010127e-06,3.864192345728201e-05,False,increase
Virginia,%_fem_age_40-49,0.163498651,0.16539578900000002,0.0018971380000000204,0.01160338625668551,False,increase
Virginia,fem_age_50-59,0.165124316,0.155774107,-0.009350208999999998,-0.05662527013889341,False,decrease
Virginia,fem_age_60-69,0.152865712,0.1533723145,0.0005066025000000085,0.003314036178368165,False,increase
Virginia,fem_age_70-79,0.094832028,0.1022346155,0.007402587500000002,0.07805999361312828,False,increase
Virginia,fem_age_80+,0.044153566,0.048306941,0.004153375000000001,0.09406658116809866,False,increase
Virginia,age_coef_variation,0.465597614,0.4724832015,0.006885587500000012,0.014788708732515138,False,increase
Virginia,fem_poverty_rate,0.11,0.1105,0.0005000000000000004,0.00454545454545455,False,increase
Virginia,male_poverty_rate,0.092,0.089,-0.0030000000000000027,-0.03260869565217394,False,decrease
Virginia,poverty_gender_disparity_score,1.195652174,1.2412878790000001,0.04563570500000025,0.038168044179042536,False,increase
Virginia,fem_labor_force_part,0.604691268,0.609878012,0.005186744000000076,0.008577507687774445,False,increase
Virginia,all_labor_force_part,0.652344787,0.652464141,0.00011935400000007146,0.00018296152951410258,False,increase
Virginia,labor_force_ratio,0.92695041,0.934730339,0.007779929000000019,0.00839303690474663,False,increase
Virginia,unemployment_rate,0.048,0.0365,-0.011500000000000003,-0.2395833333333334,False,decrease
Virginia,mhhi,80963.0,91010.5,10047.5,0.12409989748403592,True,increase
Virginia,%_at_least_bach_degree,0.418071198,0.42883346899999997,0.01076227099999999,0.025742675055075166,False,increase
Virginia,%_at_least_high_school,0.913848181,0.915782863,0.0019346820000000209,0.0021170715663984246,False,increase
Virginia,avg_years_schooling,14.02451675,14.05863226,0.03411550999999946,0.0024325622485351917,True,increase
Virginia,gun_deaths_per_100k,13.4,14.45,1.049999999999999,0.0783582089552238,True,increase
Virginia,white_adj_rate,1526.64676,1621.09935,94.45258999999987,0.06186931546627058,True,increase
Virginia,black_adj_rate,3962.241605,4007.9153690000003,45.67376400000012,0.01152725364913736,True,increase
Virginia,nat_amer_adj_rate,1133.127453,1226.8732985,93.74584549999986,0.082731951513313,True,increase
Virginia,asian_adj_rate,353.3656259,390.24846920000005,36.88284330000005,0.10437586623221137,True,increase
Virginia,hispanic_adj_rate,1435.488821,1667.5478644999998,232.05904349999992,0.1616585515018789,True,increase
Washington,total_incidents,36783.0,39680.5,2897.5,0.07877280265339967,True,increase
Washington,white_victims,26091.0,27825.5,1734.5,0.06647886244298801,True,increase
Washington,black_victims,4913.0,5370.0,457.0,0.09301852228780785,True,increase
Washington,nat_amer_victims,873.0,900.0,27.0,0.030927835051546393,True,increase
Washington,asian_victims,1559.0,1597.0,38.0,0.024374599101988453,True,increase
Washington,hispanic_victims,3476.0,4808.5,1332.5,0.3833429228998849,True,increase
Washington,other_race_victims,3347.0,3988.0,641.0,0.1915147893636092,True,increase
Washington,victims_age_18_29,13133.0,13375.5,242.5,0.018464935658265437,True,increase
Washington,victims_age_30_39,10361.0,11364.0,1003.0,0.09680532767107422,True,increase
Washington,victims_age_40_49,6402.0,7404.5,1002.5,0.15659169009684473,True,increase
Washington,victims_age_50_59,4116.0,4206.0,90.0,0.021865889212827987,True,increase
Washington,victims_age_60_69,1850.0,2196.0,346.0,0.18702702702702703,True,increase
Washington,victims_age_70_79,657.0,814.5,157.5,0.23972602739726026,True,increase
Washington,victims_age_80_plus,264.0,320.0,56.0,0.21212121212121213,True,increase
Washington,involving_firearm,2001.0,2562.5,561.5,0.2806096951524238,True,increase
Washington,sex_assaults,2618.0,1972.5,-645.5,-0.24656226126814362,True,decrease
Washington,victim_offender_nonmarried_partner,8739.0,8460.0,-279.0,-0.03192584963954686,True,decrease
Washington,victim_offender_rel_spouse,3360.0,3717.0,357.0,0.10625,True,increase
Washington,dv_total,16789.0,17485.5,696.5,0.04148549645601286,True,increase
Washington,firearm_nonmarried,157.0,186.0,29.0,0.18471337579617833,True,increase
Washington,near_school,183.0,345.5,162.5,0.8879781420765027,True,increase
Washington,on_tribal_lands,63.0,62.5,-0.5,-0.007936507936507936,True,decrease
Washington,fem_pop,3026702.0,3116679.7,89977.70000000019,0.029727967933414055,True,increase
Washington,white_pop,0.643020035,0.6195110770000001,-0.02350895799999997,-0.036560226307723,False,decrease
Washington,black_pop,0.038577837,0.0391703075,0.0005924705000000044,0.015357794684030741,False,increase
Washington,nat_amer_pop,0.007990756,0.007837685,-0.00015307099999999942,-0.01915600976928834,False,decrease
Washington,asian_pop,0.0935662,0.10254656649999999,0.00898036649999999,0.09597874552990278,False,increase
Washington,hispanic_pop,0.13686499,0.1481330495,0.01126805950000001,0.08232974334780582,False,increase
Washington,other_race_pop,0.079980183,0.0828013135,0.0028211305000000048,0.03527286878050785,False,increase
Washington,diversity_index,0.551089644,0.575254261,0.024164616999999944,0.04384879531505031,False,increase
Washington,%_fem_age_18-29,0.201747461,0.1975190845,-0.004228376499999992,-0.020958759426469274,False,decrease
Washington,%_fem_age_30-39,0.192468278,0.1979246085,0.005456330499999995,0.028349245687125622,False,increase
Washington,%_fem_age_40-49,0.16394614,0.1654865635,0.0015404234999999988,0.009395911974505768,False,increase
Washington,fem_age_50-59,0.154870248,0.1446273385,-0.01024290949999998,-0.0661386524027519,False,decrease
Washington,fem_age_60-69,0.150235238,0.146744709,-0.0034905289999999922,-0.023233756916602965,False,decrease
Washington,fem_age_70-79,0.09455925,0.10169497350000001,0.00713572350000001,0.07546298749196943,False,increase
Washington,fem_age_80+,0.042173385,0.046002721999999996,0.003829336999999995,0.09079984924141127,False,increase
Washington,age_coef_variation,0.445999571,0.45238086050000004,0.006381289500000054,0.014307837753503251,False,increase
Washington,fem_poverty_rate,0.109,0.112,0.0030000000000000027,0.02752293577981654,False,increase
Washington,male_poverty_rate,0.089,0.0905,0.0015000000000000013,0.01685393258426968,False,increase
Washington,poverty_gender_disparity_score,1.224719101,1.2373626375,0.012643536499999941,0.010323621546913344,False,increase
Washington,fem_labor_force_part,0.588312777,0.6013071645,0.012994387500000038,0.02208754935811982,False,increase
Washington,all_labor_force_part,0.638803603,0.650408463,0.011604859999999939,0.018166553766291043,False,increase
Washington,labor_force_ratio,0.920960331,0.9245087839999999,0.0035484529999999515,0.003852992230563242,False,increase
Washington,unemployment_rate,0.059,0.047,-0.011999999999999997,-0.20338983050847453,False,decrease
Washington,mhhi,84247.0,107435.0,23188.0,0.2752382874167626,True,increase
Washington,%_at_least_bach_degree,0.389669309,0.40734096200000003,0.01767165300000001,0.0453503845230983,False,increase
Washington,%_at_least_high_school,0.923478319,0.923146956,-0.00033136300000002894,-0.0003588205518012047,False,decrease
Washington,avg_years_schooling,13.8996495,14.003468115,0.10381861499999978,0.0074691534487973795,True,increase
Washington,gun_deaths_per_100k,10.9,12.8,1.9000000000000004,0.17431192660550462,True,increase
Washington,white_adj_rate,1340.591793,1441.2860575,100.69426449999992,0.07511180138934352,True,increase
Washington,black_adj_rate,4207.646313,4398.842329,191.19601599999987,0.04544013488236359,True,increase
Washington,nat_amer_adj_rate,3609.580322,3684.8631705,75.2828485,0.02085639929970784,True,increase
Washington,asian_adj_rate,550.5001728,500.58374395,-49.91642884999999,-0.09067468334498585,True,decrease
Washington,hispanic_adj_rate,839.1077534,1040.644998,201.5372446,0.2401804104221259,True,increase
West Virginia,total_incidents,7602.0,7984.0,382.0,0.05024993422783478,True,increase
West Virginia,white_victims,6347.0,6459.5,112.5,0.01772490940601859,True,increase
West Virginia,black_victims,734.0,792.5,58.5,0.07970027247956403,True,increase
West Virginia,nat_amer_victims,5.0,1.5,-3.5,-0.7,False,decrease
West Virginia,asian_victims,21.0,22.0,1.0,0.047619047619047616,True,increase
West Virginia,hispanic_victims,52.0,73.5,21.5,0.41346153846153844,True,increase
West Virginia,other_race_victims,495.0,708.5,213.5,0.4313131313131313,True,increase
West Virginia,victims_age_18_29,2570.0,2605.0,35.0,0.013618677042801557,True,increase
West Virginia,victims_age_30_39,2097.0,2171.0,74.0,0.03528850739151168,True,increase
West Virginia,victims_age_40_49,1529.0,1602.5,73.5,0.048070634401569654,True,increase
West Virginia,victims_age_50_59,810.0,927.5,117.5,0.14506172839506173,True,increase
West Virginia,victims_age_60_69,432.0,442.0,10.0,0.023148148148148147,True,increase
West Virginia,victims_age_70_79,128.0,178.0,50.0,0.390625,True,increase
West Virginia,victims_age_80_plus,36.0,58.0,22.0,0.6111111111111112,True,increase
West Virginia,involving_firearm,481.0,429.0,-52.0,-0.10810810810810811,True,decrease
West Virginia,sex_assaults,427.0,329.0,-98.0,-0.22950819672131148,True,decrease
West Virginia,victim_offender_nonmarried_partner,2402.0,2287.5,-114.5,-0.047668609492089925,True,decrease
West Virginia,victim_offender_rel_spouse,826.0,876.0,50.0,0.06053268765133172,True,increase
West Virginia,dv_total,4273.0,4344.5,71.5,0.016732974490989937,True,increase
West Virginia,firearm_nonmarried,51.0,64.5,13.5,0.2647058823529412,True,increase
West Virginia,near_school,49.0,86.0,37.0,0.7551020408163265,True,increase
West Virginia,on_tribal_lands,0.0,0.0,0.0,,False,decrease
West Virginia,fem_pop,719972.4,716915.9,-3056.5,-0.004245301625451198,True,decrease
West Virginia,white_pop,0.903558074,0.891444397,-0.01211367699999999,-0.01340663909556298,False,decrease
West Virginia,black_pop,0.028214334,0.031482321,0.003267987,0.1158271891160004,False,increase
West Virginia,nat_amer_pop,0.001042088,0.001268637,0.00022654899999999993,0.21739910640943944,False,increase
West Virginia,asian_pop,0.007850994,0.0069434019999999996,-0.0009075920000000005,-0.11560217725296956,False,decrease
West Virginia,hispanic_pop,0.017022265,0.022270613,0.005248348,0.3083225410954417,False,increase
West Virginia,other_race_pop,0.042312246,0.04659063,0.004278384000000003,0.10111455676448855,False,increase
West Virginia,diversity_index,0.180643951,0.2016071585,0.020963207499999997,0.11604710472702182,False,increase
West Virginia,%_fem_age_18-29,0.179745575,0.1809983705,0.0012527955000000146,0.006969826656372568,False,increase
West Virginia,%_fem_age_30-39,0.146808693,0.150519131,0.0037104380000000103,0.025273966576352603,False,increase
West Virginia,%_fem_age_40-49,0.156442413,0.1525058705,-0.003936542500000001,-0.025162885335960658,False,decrease
West Virginia,fem_age_50-59,0.166000848,0.159400511,-0.006600337000000012,-0.03976086314932567,False,decrease
West Virginia,fem_age_60-69,0.175927267,0.1700313245,-0.005895942500000001,-0.033513522949231066,False,decrease
West Virginia,fem_age_70-79,0.120082366,0.12843454799999998,0.008352181999999986,0.06955377611397152,False,increase
West Virginia,fem_age_80+,0.054992838,0.0581102435,0.0031174054999999964,0.05668748174080407,False,increase
West Virginia,age_coef_variation,0.457959313,0.452504686,-0.00545462699999999,-0.011910724042858345,False,decrease
West Virginia,fem_poverty_rate,0.187,0.185,-0.0020000000000000018,-0.01069518716577541,False,decrease
West Virginia,male_poverty_rate,0.149,0.148,-0.0010000000000000009,-0.00671140939597316,False,decrease
West Virginia,poverty_gender_disparity_score,1.255033557,1.25,-0.005033556999999966,-0.004010695149882727,False,decrease
West Virginia,fem_labor_force_part,0.491887738,0.5121593504999999,0.020271612499999925,0.04121186794048508,False,increase
West Virginia,all_labor_force_part,0.526301462,0.5462487014999999,0.01994723949999988,0.037900786792798,False,increase
West Virginia,labor_force_ratio,0.934612144,0.9376248855,0.0030127414999999713,0.003223520600862181,False,increase
West Virginia,unemployment_rate,0.062,0.0455,-0.0165,-0.26612903225806456,False,decrease
West Virginia,mhhi,51248.0,58373.0,7125.0,0.13902981579768967,True,increase
West Virginia,%_at_least_bach_degree,0.241171641,0.2418369655,0.0006653245000000085,0.002758717804636112,False,increase
West Virginia,%_at_least_high_school,0.888206385,0.8952689524999999,0.007062567499999894,0.00795149372856613,False,increase
West Virginia,avg_years_schooling,13.13140736,13.117262440000001,-0.014144919999999672,-0.0010771823318105997,True,decrease
West Virginia,gun_deaths_per_100k,18.1,16.6,-1.5,-0.08287292817679558,True,decrease
West Virginia,white_adj_rate,975.6556843,1010.74247565,35.08679135,0.0359622681593595,True,increase
West Virginia,black_adj_rate,3613.353144,3511.2603695,-102.09277450000036,-0.028254302978806867,True,decrease
West Virginia,nat_amer_adj_rate,666.4226686,164.6274462,-501.79522239999994,-0.7529684178573274,True,decrease
West Virginia,asian_adj_rate,371.5170941,440.79930065,69.28220655000001,0.18648457271619256,True,increase
West Virginia,hispanic_adj_rate,424.2971828,464.2815252,39.9843424,0.09423664360940934,True,increase
Wisconsin,total_incidents,25784.0,26048.5,264.5,0.010258299720757058,True,increase
Wisconsin,white_victims,14684.0,15194.0,510.0,0.034731680740942523,True,increase
Wisconsin,black_victims,9835.0,9463.5,-371.5,-0.03777325876970005,True,decrease
Wisconsin,nat_amer_victims,538.0,553.0,15.0,0.027881040892193308,True,increase
Wisconsin,asian_victims,297.0,350.0,53.0,0.17845117845117844,True,increase
Wisconsin,hispanic_victims,2144.0,2772.0,628.0,0.292910447761194,True,increase
Wisconsin,other_race_victims,430.0,488.0,58.0,0.13488372093023257,True,increase
Wisconsin,victims_age_18_29,11330.0,10576.0,-754.0,-0.06654898499558694,True,decrease
Wisconsin,victims_age_30_39,7330.0,7523.5,193.5,0.026398362892223737,True,increase
Wisconsin,victims_age_40_49,4086.0,4387.5,301.5,0.07378854625550661,True,increase
Wisconsin,victims_age_50_59,1985.0,2163.5,178.5,0.08992443324937027,True,increase
Wisconsin,victims_age_60_69,745.0,996.0,251.0,0.33691275167785234,True,increase
Wisconsin,victims_age_70_79,241.0,287.0,46.0,0.1908713692946058,True,increase
Wisconsin,victims_age_80_plus,67.0,115.0,48.0,0.7164179104477612,True,increase
Wisconsin,involving_firearm,2651.0,2239.5,-411.5,-0.15522444360618634,True,decrease
Wisconsin,sex_assaults,1802.0,1054.0,-748.0,-0.41509433962264153,True,decrease
Wisconsin,victim_offender_nonmarried_partner,11400.0,10450.5,-949.5,-0.08328947368421052,True,decrease
Wisconsin,victim_offender_rel_spouse,1886.0,1970.5,84.5,0.04480381760339343,True,increase
Wisconsin,dv_total,15643.0,15221.5,-421.5,-0.02694495940676341,True,decrease
Wisconsin,firearm_nonmarried,599.0,438.0,-161.0,-0.2687813021702838,True,decrease
Wisconsin,near_school,188.0,340.5,152.5,0.8111702127659575,True,increase
Wisconsin,on_tribal_lands,3.0,9.5,6.5,2.1666666666666665,False,increase
Wisconsin,fem_pop,2321447.8,2361968.9,40521.10000000009,0.017455098494999585,True,increase
Wisconsin,white_pop,0.789758762,0.7807249485000001,-0.009033813499999876,-0.011438699935563205,False,decrease
Wisconsin,black_pop,0.06065885,0.058725858000000006,-0.0019329919999999945,-0.03186661138481845,False,decrease
Wisconsin,nat_amer_pop,0.005232951,0.0058651455,0.0006321945000000006,0.12081032289429056,False,increase
Wisconsin,asian_pop,0.029491471,0.0304208635,0.0009293925000000008,0.03151394177659029,False,increase
Wisconsin,hispanic_pop,0.074852423,0.08237105350000001,0.007518630500000012,0.10044605369688583,False,increase
Wisconsin,other_race_pop,0.040005543,0.0418921315,0.0018865885000000013,0.04715817755554527,False,increase
Wisconsin,diversity_index,0.364501143,0.37750661799999996,0.013005474999999933,0.03568020361461509,False,increase
Wisconsin,%_fem_age_18-29,0.19768524,0.1964892825,-0.0011959575000000111,-0.006049806753402586,False,decrease
Wisconsin,%_fem_age_30-39,0.162226288,0.1620793135,-0.00014697450000000778,-0.0009059844850793096,False,decrease
Wisconsin,%_fem_age_40-49,0.151471658,0.1522822955,0.0008106374999999888,0.005351743756577806,False,increase
Wisconsin,fem_age_50-59,0.169443378,0.1535457295,-0.0158976485,-0.09382277836788641,False,decrease
Wisconsin,fem_age_60-69,0.16829429,0.1710423225,0.002748032499999997,0.016328732840549712,False,increase
Wisconsin,fem_age_70-79,0.10109512,0.1108847315,0.009789611500000003,0.0968356484467302,False,increase
Wisconsin,fem_age_80+,0.049784026,0.0536763245,0.003892298499999995,0.07818368285441589,False,increase
Wisconsin,age_coef_variation,0.492447376,0.48415313849999997,-0.008294237500000023,-0.016842891046291258,False,decrease
Wisconsin,fem_poverty_rate,0.118,0.1165,-0.0014999999999999875,-0.012711864406779556,False,decrease
Wisconsin,male_poverty_rate,0.098,0.094,-0.0040000000000000036,-0.040816326530612276,False,decrease
Wisconsin,poverty_gender_disparity_score,1.204081633,1.2418367345,0.037755101500000166,0.03135593174520267,False,increase
Wisconsin,fem_labor_force_part,0.615676548,0.621267813,0.005591264999999956,0.009081497448884403,False,increase
Wisconsin,all_labor_force_part,0.65052984,0.65302437,0.002494529999999995,0.003834612721224279,False,increase
Wisconsin,labor_force_ratio,0.946423223,0.951369942,0.004946718999999988,0.0052267514995244235,False,increase
Wisconsin,unemployment_rate,0.035,0.0295,-0.005500000000000005,-0.15714285714285728,False,decrease
Wisconsin,mhhi,67125.0,76059.5,8934.5,0.1331024208566108,True,increase
Wisconsin,%_at_least_bach_degree,0.325409148,0.3415512965,0.01614214850000001,0.04960569977584038,False,increase
Wisconsin,%_at_least_high_school,0.933255306,0.9368766805,0.0036213744999999964,0.0038803685087218744,False,increase
Wisconsin,avg_years_schooling,13.67701067,13.754844395,0.07783372499999963,0.00569084333396953,True,increase
Wisconsin,gun_deaths_per_100k,12.2,13.399999999999999,1.1999999999999993,0.09836065573770486,True,increase
Wisconsin,white_adj_rate,800.9234333,823.9452788,23.021845499999927,0.028744127769048163,True,increase
Wisconsin,black_adj_rate,6984.274006,6824.226108,-160.0478979999998,-0.02291546664155888,True,decrease
Wisconsin,nat_amer_adj_rate,4428.704311,3994.781624,-433.9226870000002,-0.09797960227830622,True,decrease
Wisconsin,asian_adj_rate,433.8115309,487.55672995,53.74519905,0.12389066500491215,True,increase
Wisconsin,hispanic_adj_rate,1233.843266,1422.1560559999998,188.31278999999972,0.15262294262908407,True,increase
Wyoming,total_incidents,2698.0,2998.0,300.0,0.1111934766493699,True,increase
Wyoming,white_victims,2321.0,2537.5,216.5,0.0932787591555364,True,increase
Wyoming,black_victims,93.0,70.5,-22.5,-0.24193548387096775,True,decrease
Wyoming,nat_amer_victims,257.0,359.0,102.0,0.3968871595330739,True,increase
Wyoming,asian_victims,10.0,28.5,18.5,1.85,True,increase
Wyoming,hispanic_victims,259.0,346.5,87.5,0.33783783783783783,True,increase
Wyoming,other_race_victims,17.0,2.5,-14.5,-0.8529411764705882,True,decrease
Wyoming,victims_age_18_29,1074.0,1151.5,77.5,0.07216014897579143,True,increase
Wyoming,victims_age_30_39,853.0,858.5,5.5,0.006447831184056272,True,increase
Wyoming,victims_age_40_49,414.0,547.0,133.0,0.321256038647343,True,increase
Wyoming,victims_age_50_59,221.0,259.5,38.5,0.17420814479638008,True,increase
Wyoming,victims_age_60_69,91.0,115.0,24.0,0.26373626373626374,True,increase
Wyoming,victims_age_70_79,29.0,42.0,13.0,0.4482758620689655,True,increase
Wyoming,victims_age_80_plus,16.0,24.5,8.5,0.53125,True,increase
Wyoming,involving_firearm,59.0,86.0,27.0,0.4576271186440678,True,increase
Wyoming,sex_assaults,198.0,133.0,-65.0,-0.3282828282828283,True,decrease
Wyoming,victim_offender_nonmarried_partner,662.0,755.5,93.5,0.14123867069486404,True,increase
Wyoming,victim_offender_rel_spouse,317.0,331.5,14.5,0.04574132492113565,True,increase
Wyoming,dv_total,1276.0,1408.0,132.0,0.10344827586206896,True,increase
Wyoming,firearm_nonmarried,12.0,15.5,3.5,0.2916666666666667,True,increase
Wyoming,near_school,22.0,50.0,28.0,1.2727272727272727,True,increase
Wyoming,on_tribal_lands,4.0,2.0,-2.0,-0.5,False,decrease
Wyoming,fem_pop,218632.2,225477.8,6845.599999999977,0.03131103286707071,True,increase
Wyoming,white_pop,0.815486444,0.8086629860000001,-0.006823457999999949,-0.008367346937774417,False,decrease
Wyoming,black_pop,0.009834089,0.0069306715,-0.0029034175000000008,-0.295240108158468,False,decrease
Wyoming,nat_amer_pop,0.016126385,0.0151994235,-0.0009269615000000002,-0.057481047364303914,False,decrease
Wyoming,asian_pop,0.008134028,0.008453531,0.0003195030000000005,0.03927980085635315,False,increase
Wyoming,hispanic_pop,0.10554541,0.10909458699999999,0.0035491769999999867,0.033627014192279765,False,increase
Wyoming,other_race_pop,0.044873644,0.051658801000000004,0.006785157000000007,0.1512058392226851,False,increase
Wyoming,diversity_index,0.321405451,0.331119192,0.009713740999999998,0.030222701481189246,False,increase
Wyoming,%_fem_age_18-29,0.192052681,0.1921617555,0.00010907450000000041,0.0005679405225277766,False,increase
Wyoming,%_fem_age_30-39,0.181848923,0.17465847899999998,-0.007190444000000018,-0.03954075658726897,False,decrease
Wyoming,%_fem_age_40-49,0.153432094,0.1600605465,0.0066284525000000205,0.04320121251815817,False,increase
Wyoming,fem_age_50-59,0.147462904,0.136242288,-0.011220616000000017,-0.07609110966646918,False,decrease
Wyoming,fem_age_60-69,0.17610562,0.1679189335,-0.008186686499999984,-0.04648736650198889,False,decrease
Wyoming,fem_age_70-79,0.102339502,0.117417441,0.015077938999999999,0.1473325422279268,False,increase
Wyoming,fem_age_80+,0.046758276,0.051540556,0.00478228,0.10227665365592178,False,increase
Wyoming,age_coef_variation,0.456893726,0.441176316,-0.015717409999999987,-0.034400581810571824,False,decrease
Wyoming,fem_poverty_rate,0.127,0.118,-0.009000000000000008,-0.07086614173228353,False,decrease
Wyoming,male_poverty_rate,0.102,0.096,-0.0059999999999999915,-0.05882352941176463,False,decrease
Wyoming,poverty_gender_disparity_score,1.245098039,1.2277464175000001,-0.017351621499999803,-0.013935947978791897,False,decrease
Wyoming,fem_labor_force_part,0.599732286,0.6003449955,0.0006127095000000304,0.001021638344813123,False,increase
Wyoming,all_labor_force_part,0.652705027,0.6422085289999999,-0.010496498000000076,-0.01608153387180834,False,decrease
Wyoming,labor_force_ratio,0.918841224,0.9347521265000001,0.015910902500000046,0.01731626975848446,False,increase
Wyoming,unemployment_rate,0.037,0.033,-0.003999999999999997,-0.10810810810810802,False,decrease
Wyoming,mhhi,65204.0,73973.5,8769.5,0.13449328262069812,True,increase
Wyoming,%_at_least_bach_degree,0.292446149,0.313546415,0.021100266000000034,0.07215094495910095,False,increase
Wyoming,%_at_least_high_school,0.935864099,0.9417266245,0.005862525499999993,0.006264291478072815,False,increase
Wyoming,avg_years_schooling,13.62153596,13.702909685,0.08137372500000062,0.005973902299928342,True,increase
Wyoming,gun_deaths_per_100k,25.9,21.05,-4.849999999999998,-0.1872586872586872,True,decrease
Wyoming,white_adj_rate,1301.800007,1391.572501,89.77249400000005,0.06896028077836694,True,increase
Wyoming,black_adj_rate,4325.483794,4560.4538465000005,234.97005250000075,0.05432225935649888,True,increase
Wyoming,nat_amer_adj_rate,7289.235381,10477.92761,3188.692229,0.4374522240441833,True,increase
Wyoming,asian_adj_rate,562.3157035,1489.2037735,926.8880699999999,1.6483410728720647,True,increase
Wyoming,hispanic_adj_rate,1122.396459,1406.5870235000002,284.19056450000016,0.25319980495412464,True,increase
