year,n_incidents,firearm_rate,ipv_proxy_rate,injury_rate,mean_age,median_age,pct_age_missing
2021,7228,0.0326508024349751,0.015218594355285003,0.41657443276148315,32.16484504703929,30.0,0.0
