year,n_incidents,firearm_rate,ipv_proxy_rate,injury_rate,mean_age,median_age,pct_age_missing
2024,79316,0.990115487417419,2.5215593322910888e-05,0.511485702758586,18.62994856018962,15.0,0.0
